generation,fish,shark
0,7508,2511
1,5887,2511
2,4765,2511
3,7721,2511
4,6567,2511
5,5464,2511
6,8533,2511
7,7592,2511
8,6482,2511
9,9235,2511
10,8608,2511
11,7597,2511
12,9881,2511
13,9487,2511
14,8650,2511
15,10514,2511
16,10329,2511
17,9643,2511
18,11167,2511
19,11098,2511
20,10560,2511
21,11766,2511
22,11784,2511
23,11350,2511
24,12332,2511
25,12394,2511
26,12084,2511
27,12912,2511
28,13005,2511
29,12776,2511
30,13453,2511
31,13568,2511
32,13388,2511
33,13958,2511
34,14087,2511
35,13963,2511
36,14428,2511
37,14583,2511
38,14515,2511
39,14912,2511
40,15073,2511
41,15045,2511
42,15361,2511
43,15501,2511
44,15483,2511
45,15753,2511
46,15868,2511
47,15873,2511
48,16093,2511
49,16217,2511
50,16249,2510
51,16453,2510
52,16557,2510
53,16568,2510
54,16736,2510
55,16852,2509
56,16868,2509
57,17000,2508
58,17085,2508
59,17124,2508
60,17234,2508
61,17306,2507
62,17333,2507
63,17450,2507
64,17537,2507
65,17559,2507
66,17681,2507
67,17765,2507
68,17792,2507
69,17898,2506
70,17969,2506
71,17977,2506
72,18065,2506
73,18142,2506
74,18174,2506
75,18220,2506
76,18298,2506
77,18347,2506
78,18412,2506
79,18472,2506
80,18519,2506
81,18558,2506
82,18611,2506
83,18676,2506
84,18712,2506
85,18777,2506
86,18831,2506
87,18884,2506
88,18910,2506
89,18932,2506
90,18981,2506
91,19028,2506
92,19050,2506
93,19077,2506
94,19101,2506
95,19121,2506
96,19124,2506
97,19162,2506
98,19178,2506
99,19189,2506
100,18165,5012
101,15558,5012
102,13305,5012
103,11312,5012
104,9471,5012
105,7850,5012
106,6410,5012
107,5205,5011
108,4185,5011
109,3341,5011
110,2661,5011
111,2116,5011
112,1686,5011
113,1340,5011
114,1080,5011
115,868,5011
116,698,5011
117,565,5011
118,448,5011
119,370,5011
120,309,5011
121,245,5011
122,206,5011
123,171,5011
124,134,5011
125,113,5011
126,98,5010
127,76,5010
128,60,5010
129,52,5010
130,42,5010
131,35,5009
132,30,5009
133,22,5009
134,20,5008
135,16,5008
136,12,5007
137,11,5007
138,9,5006
139,7,5006
140,6,5006
141,6,5006
142,5,5005
143,4,5005
144,4,5004
145,4,5003
146,4,5002
147,4,5000
148,4,4997
149,3,4993
150,3,4937
151,3,4874
152,2,4772
153,3,4609
154,2,4375
155,2,4088
156,3,3751
157,3,3379
158,2,2991
159,4,2603
160,3,2246
161,2,1910
162,4,1623
163,4,1368
164,4,1158
165,6,972
166,6,811
167,5,674
168,9,560
169,9,467
170,8,395
171,13,332
172,14,277
173,13,230
174,19,192
175,20,161
176,20,136
177,28,113
178,29,92
179,30,79
180,39,67
181,42,56
182,44,46
183,54,38
184,60,33
185,63,28
186,74,23
187,79,20
188,84,17
189,96,14
190,101,13
191,106,11
192,121,9
193,129,9
194,133,8
195,150,7
196,160,6
197,167,6
198,184,5
199,196,5
200,203,9
201,222,9
202,231,8
203,239,8
204,261,8
205,272,7
206,280,7
207,306,7
208,318,7
209,327,7
210,355,7
211,369,7
212,381,7
213,409,7
214,424,7
215,437,7
216,469,7
217,486,7
218,500,7
219,531,7
220,549,7
221,565,7
222,598,7
223,619,7
224,635,7
225,672,7
226,694,7
227,713,7
228,752,7
229,774,7
230,789,7
231,828,7
232,850,7
233,867,7
234,904,7
235,926,7
236,944,7
237,977,7
238,1000,7
239,1018,7
240,1054,7
241,1080,7
242,1097,7
243,1130,7
244,1157,7
245,1175,7
246,1209,7
247,1236,7
248,1255,7
249,1288,7
250,1316,5
251,1337,5
252,1370,5
253,1395,5
254,1415,5
255,1450,5
256,1478,5
257,1500,5
258,1534,5
259,1563,5
260,1585,5
261,1619,5
262,1650,5
263,1670,5
264,1706,5
265,1736,5
266,1757,5
267,1793,5
268,1825,5
269,1847,5
270,1884,5
271,1915,5
272,1939,5
273,1979,5
274,2011,5
275,2034,5
276,2073,5
277,2107,5
278,2132,5
279,2172,5
280,2204,5
281,2229,5
282,2269,5
283,2303,5
284,2331,5
285,2372,5
286,2407,5
287,2433,5
288,2474,5
289,2512,5
290,2539,5
291,2580,5
292,2617,5
293,2645,5
294,2688,5
295,2725,5
296,2756,5
297,2795,5
298,2832,5
299,2863,5
300,2900,11
301,2934,11
302,2964,11
303,3010,11
304,3046,11
305,3077,11
306,3123,11
307,3163,11
308,3194,11
309,3240,11
310,3282,11
311,3313,11
312,3359,11
313,3401,11
314,3436,11
315,3481,11
316,3521,11
317,3555,11
318,3604,11
319,3645,11
320,3680,11
321,3730,11
322,3772,11
323,3807,11
324,3859,11
325,3900,11
326,3936,11
327,3987,11
328,4030,11
329,4066,11
330,4117,11
331,4160,11
332,4197,11
333,4251,11
334,4294,11
335,4331,11
336,4384,11
337,4429,11
338,4470,11
339,4522,11
340,4568,11
341,4609,11
342,4663,11
343,4709,11
344,4748,11
345,4802,11
346,4847,11
347,4887,11
348,4941,11
349,4988,11
350,5029,11
351,5084,11
352,5134,11
353,5177,11
354,5231,11
355,5282,11
356,5324,11
357,5382,11
358,5432,11
359,5475,11
360,5533,11
361,5581,11
362,5627,11
363,5687,11
364,5736,11
365,5781,11
366,5842,11
367,5890,11
368,5937,11
369,5998,11
370,6046,11
371,6095,11
372,6158,11
373,6207,11
374,6253,11
375,6319,11
376,6370,11
377,6417,11
378,6482,11
379,6534,11
380,6583,11
381,6647,11
382,6700,11
383,6747,11
384,6813,11
385,6867,11
386,6916,11
387,6984,11
388,7038,11
389,7086,11
390,7154,11
391,7209,11
392,7254,11
393,7322,11
394,7379,11
395,7427,11
396,7493,11
397,7553,11
398,7604,11
399,7672,11
400,7719,22
401,7764,22
402,7830,22
403,7888,22
404,7938,22
405,8006,22
406,8067,22
407,8116,22
408,8187,22
409,8252,22
410,8304,22
411,8375,22
412,8438,22
413,8493,22
414,8565,22
415,8628,22
416,8684,22
417,8755,22
418,8815,22
419,8871,22
420,8945,22
421,9009,22
422,9067,22
423,9138,22
424,9199,22
425,9256,22
426,9330,22
427,9393,22
428,9451,22
429,9526,22
430,9590,22
431,9652,22
432,9729,22
433,9794,22
434,9854,22
435,9931,22
436,9995,22
437,10055,22
438,10131,22
439,10199,22
440,10259,22
441,10337,22
442,10407,22
443,10468,22
444,10547,22
445,10614,22
446,10676,22
447,10754,22
448,10822,22
449,10883,22
450,10962,22
451,11030,22
452,11090,22
453,11171,22
454,11239,22
455,11301,22
456,11383,22
457,11457,22
458,11517,22
459,11596,22
460,11673,22
461,11736,22
462,11816,22
463,11892,22
464,11959,22
465,12043,22
466,12116,22
467,12181,22
468,12268,22
469,12342,22
470,12407,22
471,12496,22
472,12569,22
473,12635,22
474,12723,22
475,12799,22
476,12864,22
477,12945,22
478,13022,22
479,13091,22
480,13176,22
481,13253,22
482,13321,22
483,13412,22
484,13489,22
485,13559,22
486,13646,22
487,13724,22
488,13793,22
489,13881,22
490,13962,22
491,14035,22
492,14122,22
493,14202,22
494,14272,22
495,14363,22
496,14444,22
497,14516,22
498,14607,22
499,14688,22
500,14742,44
501,14816,44
502,14894,44
503,14962,44
504,15047,44
505,15130,44
506,15200,44
507,15287,44
508,15367,44
509,15439,44
510,15524,44
511,15606,44
512,15677,44
513,15762,44
514,15843,44
515,15916,44
516,16004,44
517,16085,44
518,16156,44
519,16239,44
520,16320,44
521,16390,44
522,16471,44
523,16551,44
524,16623,44
525,16706,44
526,16784,44
527,16856,44
528,16945,44
529,17025,44
530,17094,44
531,17179,44
532,17257,44
533,17328,44
534,17410,44
535,17488,44
536,17558,44
537,17642,44
538,17719,44
539,17789,44
540,17871,44
541,17951,44
542,18017,44
543,18098,44
544,18176,44
545,18245,44
546,18327,44
547,18405,44
548,18477,44
549,18557,44
550,18638,44
551,18703,44
552,18784,44
553,18865,44
554,18937,44
555,19018,44
556,19091,44
557,19164,44
558,19247,44
559,19321,44
560,19389,44
561,19475,44
562,19548,44
563,19616,44
564,19701,44
565,19774,44
566,19837,44
567,19912,44
568,19982,44
569,20039,44
570,20110,44
571,20176,44
572,20232,44
573,20303,44
574,20360,44
575,20417,44
576,20486,44
577,20546,44
578,20599,44
579,20664,44
580,20722,44
581,20774,44
582,20837,44
583,20891,44
584,20942,44
585,21003,44
586,21057,44
587,21106,44
588,21168,44
589,21223,44
590,21269,44
591,21323,44
592,21376,44
593,21421,44
594,21473,44
595,21525,44
596,21568,44
597,21623,44
598,21672,44
599,21714,44
600,21730,88
601,21742,88
602,21763,88
603,21797,88
604,21832,88
605,21857,88
606,21895,88
607,21936,88
608,21968,88
609,22008,88
610,22043,88
611,22078,88
612,22120,88
613,22156,88
614,22192,88
615,22234,88
616,22276,88
617,22307,88
618,22348,88
619,22391,88
620,22425,88
621,22463,88
622,22503,88
623,22539,88
624,22578,88
625,22617,88
626,22647,88
627,22684,88
628,22722,88
629,22754,88
630,22790,88
631,22828,88
632,22853,88
633,22885,88
634,22924,88
635,22951,88
636,22989,88
637,23026,88
638,23053,88
639,23088,88
640,23119,88
641,23146,88
642,23181,88
643,23214,88
644,23241,88
645,23274,88
646,23302,88
647,23328,88
648,23362,88
649,23393,88
650,23419,88
651,23448,88
652,23477,88
653,23499,88
654,23528,87
655,23558,87
656,23581,87
657,23607,87
658,23637,87
659,23662,87
660,23688,87
661,23720,87
662,23740,87
663,23764,87
664,23793,87
665,23815,87
666,23839,87
667,23870,87
668,23895,87
669,23921,86
670,23949,86
671,23968,86
672,23991,86
673,24020,86
674,24040,86
675,24063,86
676,24091,86
677,24109,86
678,24130,86
679,24154,86
680,24176,86
681,24196,85
682,24219,85
683,24237,85
684,24256,85
685,24281,85
686,24296,85
687,24315,85
688,24338,85
689,24350,85
690,24371,85
691,24392,85
692,24407,85
693,24425,85
694,24442,85
695,24456,85
696,24474,85
697,24489,85
698,24501,85
699,24516,85
700,24477,170
701,24413,170
702,24370,170
703,24338,170
704,24307,170
705,24285,170
706,24262,170
707,24243,170
708,24228,170
709,24217,170
710,24205,170
711,24193,170
712,24186,170
713,24178,170
714,24173,170
715,24169,170
716,24172,170
717,24165,170
718,24168,170
719,24169,170
720,24171,170
721,24173,170
722,24174,170
723,24178,170
724,24183,170
725,24188,170
726,24186,170
727,24191,170
728,24195,170
729,24200,170
730,24201,170
731,24199,170
732,24205,170
733,24205,170
734,24208,170
735,24210,170
736,24215,170
737,24218,170
738,24222,170
739,24223,170
740,24225,170
741,24231,170
742,24232,170
743,24227,170
744,24232,170
745,24234,170
746,24232,170
747,24230,170
748,24230,170
749,24230,170
750,24229,170
751,24229,170
752,24230,170
753,24234,169
754,24234,168
755,24233,168
756,24239,167
757,24238,165
758,24238,163
759,24246,161
760,24247,159
761,24244,156
762,24251,154
763,24255,153
764,24253,151
765,24262,149
766,24263,148
767,24269,147
768,24278,145
769,24284,144
770,24290,143
771,24300,142
772,24310,141
773,24317,139
774,24328,138
775,24338,137
776,24346,136
777,24356,135
778,24359,135
779,24367,134
780,24381,133
781,24387,132
782,24395,132
783,24403,131
784,24409,130
785,24422,129
786,24431,129
787,24441,128
788,24456,128
789,24463,128
790,24474,127
791,24490,127
792,24501,127
793,24509,127
794,24526,127
795,24541,127
796,24551,127
797,24563,126
798,24575,126
799,24584,126
800,24531,252
801,24433,252
802,24355,252
803,24291,252
804,24236,252
805,24188,251
806,24144,251
807,24108,251
808,24075,251
809,24049,251
810,24019,251
811,23995,251
812,23979,251
813,23961,251
814,23944,251
815,23930,251
816,23921,251
817,23907,251
818,23895,251
819,23888,251
820,23878,251
821,23870,251
822,23866,251
823,23857,251
824,23851,251
825,23846,251
826,23843,250
827,23838,250
828,23837,250
829,23826,250
830,23823,250
831,23819,250
832,23817,250
833,23815,250
834,23812,250
835,23809,250
836,23805,250
837,23802,250
838,23800,250
839,23795,250
840,23797,250
841,23795,250
842,23793,250
843,23794,250
844,23796,249
845,23794,249
846,23800,249
847,23801,249
848,23803,249
849,23814,248
850,23826,245
851,23827,244
852,23829,243
853,23840,240
854,23845,237
855,23846,233
856,23860,230
857,23863,229
858,23866,225
859,23876,222
860,23881,218
861,23890,216
862,23902,214
863,23909,211
864,23921,209
865,23938,207
866,23953,206
867,23968,204
868,23989,203
869,24009,202
870,24027,202
871,24041,201
872,24064,200
873,24087,200
874,24107,199
875,24127,198
876,24153,198
877,24174,198
878,24195,197
879,24221,197
880,24236,196
881,24257,196
882,24282,196
883,24303,196
884,24324,196
885,24343,196
886,24364,195
887,24384,195
888,24402,195
889,24421,195
890,24431,195
891,24448,195
892,24464,194
893,24471,194
894,24485,194
895,24496,194
896,24501,194
897,24510,194
898,24520,194
899,24526,194
900,24425,389
901,24255,389
902,24127,389
903,24016,389
904,23923,389
905,23830,389
906,23745,389
907,23673,389
908,23610,389
909,23555,389
910,23506,389
911,23461,389
912,23417,389
913,23381,389
914,23347,389
915,23317,389
916,23290,389
917,23271,389
918,23247,389
919,23226,389
920,23208,389
921,23197,389
922,23182,389
923,23164,389
924,23152,389
925,23144,389
926,23130,388
927,23121,388
928,23114,388
929,23105,388
930,23094,388
931,23087,388
932,23078,388
933,23072,388
934,23073,388
935,23069,388
936,23062,388
937,23064,388
938,23059,388
939,23051,388
940,23054,388
941,23051,388
942,23047,388
943,23049,387
944,23045,387
945,23042,387
946,23045,387
947,23040,387
948,23040,387
949,23046,386
950,23043,383
951,23043,380
952,23049,377
953,23049,373
954,23049,367
955,23055,360
956,23054,352
957,23060,345
958,23068,338
959,23076,331
960,23088,324
961,23093,319
962,23103,313
963,23114,307
964,23119,302
965,23130,297
966,23145,293
967,23157,289
968,23167,285
969,23184,282
970,23201,279
971,23211,276
972,23226,273
973,23241,271
974,23251,267
975,23264,265
976,23280,263
977,23295,261
978,23318,259
979,23333,258
980,23349,257
981,23370,255
982,23390,254
983,23407,251
984,23432,251
985,23450,250
986,23473,249
987,23499,249
988,23520,248
989,23535,247
990,23558,246
991,23582,246
992,23606,245
993,23637,244
994,23667,244
995,23688,243
996,23718,243
997,23744,242
998,23768,242
999,23803,241
1000,23736,483
1001,23572,482
1002,23460,481
1003,23368,480
1004,23276,480
1005,23202,480
1006,23144,479
1007,23086,479
1008,23044,479
1009,23011,478
1010,22978,478
1011,22945,478
1012,22909,477
1013,22885,477
1014,22868,477
1015,22850,477
1016,22837,477
1017,22833,476
1018,22816,476
1019,22810,476
1020,22806,476
1021,22795,475
1022,22792,475
1023,22780,475
1024,22770,474
1025,22763,474
1026,22760,473
1027,22752,473
1028,22753,472
1029,22747,471
1030,22741,471
1031,22738,470
1032,22737,469
1033,22738,468
1034,22735,468
1035,22736,468
1036,22727,467
1037,22730,467
1038,22727,466
1039,22724,466
1040,22724,464
1041,22729,463
1042,22733,462
1043,22738,461
1044,22747,461
1045,22744,460
1046,22753,459
1047,22755,458
1048,22759,457
1049,22770,455
1050,22776,430
1051,22783,424
1052,22788,419
1053,22794,414
1054,22801,409
1055,22815,403
1056,22828,394
1057,22835,387
1058,22844,380
1059,22856,373
1060,22866,368
1061,22880,361
1062,22890,355
1063,22910,349
1064,22933,345
1065,22952,342
1066,22978,339
1067,23010,336
1068,23030,333
1069,23063,330
1070,23101,328
1071,23122,326
1072,23158,324
1073,23205,322
1074,23226,320
1075,23267,319
1076,23315,318
1077,23340,317
1078,23371,316
1079,23418,315
1080,23442,314
1081,23476,313
1082,23516,312
1083,23540,311
1084,23579,311
1085,23615,311
1086,23644,310
1087,23684,310
1088,23724,309
1089,23752,308
1090,23788,308
1091,23830,307
1092,23855,307
1093,23892,306
1094,23926,306
1095,23949,306
1096,23982,305
1097,24011,305
1098,24033,305
1099,24059,305
1100,23918,610
1101,23664,610
1102,23471,610
1103,23308,610
1104,23160,610
1105,23029,610
1106,22908,609
1107,22795,609
1108,22694,609
1109,22610,609
1110,22530,609
1111,22462,609
1112,22400,609
1113,22349,609
1114,22306,609
1115,22268,609
1116,22228,609
1117,22194,609
1118,22159,609
1119,22134,609
1120,22092,609
1121,22064,609
1122,22043,608
1123,22013,608
1124,21991,608
1125,21965,608
1126,21936,608
1127,21925,608
1128,21909,608
1129,21883,608
1130,21881,608
1131,21866,608
1132,21847,608
1133,21849,608
1134,21836,608
1135,21826,608
1136,21830,608
1137,21828,608
1138,21820,608
1139,21823,608
1140,21826,608
1141,21823,608
1142,21824,608
1143,21827,607
1144,21831,607
1145,21837,607
1146,21841,607
1147,21832,607
1148,21834,606
1149,21838,606
1150,21835,602
1151,21845,599
1152,21848,595
1153,21855,592
1154,21869,587
1155,21880,580
1156,21888,574
1157,21902,566
1158,21912,555
1159,21916,545
1160,21935,533
1161,21936,524
1162,21947,514
1163,21961,506
1164,21969,498
1165,21979,492
1166,21998,485
1167,22014,479
1168,22040,473
1169,22069,468
1170,22093,464
1171,22121,459
1172,22162,455
1173,22183,451
1174,22215,446
1175,22259,442
1176,22286,439
1177,22325,436
1178,22380,432
1179,22407,430
1180,22444,427
1181,22496,424
1182,22535,421
1183,22571,418
1184,22623,416
1185,22671,414
1186,22710,412
1187,22763,410
1188,22799,408
1189,22846,406
1190,22898,403
1191,22946,402
1192,22984,400
1193,23037,398
1194,23081,397
1195,23116,396
1196,23168,395
1197,23219,394
1198,23258,393
1199,23309,392
1200,23187,781
1201,22909,780
1202,22712,779
1203,22528,778
1204,22367,777
1205,22228,775
1206,22109,774
1207,22005,773
1208,21912,772
1209,21833,771
1210,21747,770
1211,21688,770
1212,21630,769
1213,21573,767
1214,21540,766
1215,21501,766
1216,21459,765
1217,21438,764
1218,21410,763
1219,21381,762
1220,21360,761
1221,21336,761
1222,21314,761
1223,21307,760
1224,21286,759
1225,21268,758
1226,21258,757
1227,21241,757
1228,21226,756
1229,21211,756
1230,21204,755
1231,21196,755
1232,21188,755
1233,21172,754
1234,21162,753
1235,21161,753
1236,21147,753
1237,21137,753
1238,21142,752
1239,21141,751
1240,21137,751
1241,21148,750
1242,21155,750
1243,21156,749
1244,21165,749
1245,21172,748
1246,21181,747
1247,21189,746
1248,21191,745
1249,21206,744
1250,21218,726
1251,21225,722
1252,21241,717
1253,21249,710
1254,21256,702
1255,21275,691
1256,21296,681
1257,21309,671
1258,21323,663
1259,21349,653
1260,21362,644
1261,21388,635
1262,21419,626
1263,21447,617
1264,21466,609
1265,21492,602
1266,21519,594
1267,21554,588
1268,21579,581
1269,21610,574
1270,21645,569
1271,21680,563
1272,21713,558
1273,21750,554
1274,21789,549
1275,21828,544
1276,21867,540
1277,21904,537
1278,21946,533
1279,21993,528
1280,22030,525
1281,22081,523
1282,22127,521
1283,22163,518
1284,22206,515
1285,22259,512
1286,22308,510
1287,22357,509
1288,22406,505
1289,22451,503
1290,22511,501
1291,22561,499
1292,22608,497
1293,22650,496
1294,22704,494
1295,22753,492
1296,22798,491
1297,22855,490
1298,22893,488
1299,22937,487
1300,22774,971
1301,22410,970
1302,22131,969
1303,21906,968
1304,21682,967
1305,21486,966
1306,21324,965
1307,21170,964
1308,21028,963
1309,20920,962
1310,20819,961
1311,20720,961
1312,20651,960
1313,20582,960
1314,20510,959
1315,20457,959
1316,20405,958
1317,20355,957
1318,20312,957
1319,20266,956
1320,20233,956
1321,20203,956
1322,20182,955
1323,20167,955
1324,20147,954
1325,20135,954
1326,20119,954
1327,20100,953
1328,20092,953
1329,20086,952
1330,20069,952
1331,20048,951
1332,20045,951
1333,20035,951
1334,20024,951
1335,20024,951
1336,20022,950
1337,20013,949
1338,20018,949
1339,20018,948
1340,20012,947
1341,20025,947
1342,20027,946
1343,20030,946
1344,20033,945
1345,20034,945
1346,20045,944
1347,20057,943
1348,20060,942
1349,20074,941
1350,20089,925
1351,20090,919
1352,20095,912
1353,20112,903
1354,20116,891
1355,20130,877
1356,20148,860
1357,20164,843
1358,20180,825
1359,20198,807
1360,20223,791
1361,20239,775
1362,20265,760
1363,20289,746
1364,20317,732
1365,20349,719
1366,20368,707
1367,20398,694
1368,20438,684
1369,20472,674
1370,20512,665
1371,20558,657
1372,20595,649
1373,20636,643
1374,20682,636
1375,20730,628
1376,20778,621
1377,20826,615
1378,20883,609
1379,20937,603
1380,20981,598
1381,21033,592
1382,21087,585
1383,21141,580
1384,21203,575
1385,21266,570
1386,21321,566
1387,21391,561
1388,21445,557
1389,21501,554
1390,21574,549
1391,21639,546
1392,21703,543
1393,21772,539
1394,21836,535
1395,21899,533
1396,21985,529
1397,22061,527
1398,22128,524
1399,22218,521
1400,22055,1040
1401,21696,1038
1402,21436,1036
1403,21219,1035
1404,21019,1033
1405,20864,1031
1406,20728,1030
1407,20582,1028
1408,20461,1027
1409,20375,1026
1410,20286,1025
1411,20216,1024
1412,20153,1022
1413,20098,1021
1414,20049,1021
1415,20009,1020
1416,19963,1019
1417,19918,1018
1418,19892,1017
1419,19861,1016
1420,19842,1016
1421,19819,1015
1422,19798,1014
1423,19787,1013
1424,19788,1013
1425,19766,1012
1426,19757,1011
1427,19757,1011
1428,19758,1010
1429,19759,1010
1430,19769,1009
1431,19771,1008
1432,19772,1008
1433,19788,1007
1434,19787,1007
1435,19785,1006
1436,19802,1006
1437,19803,1005
1438,19801,1004
1439,19816,1003
1440,19819,1003
1441,19821,1002
1442,19835,1001
1443,19848,1001
1444,19852,1000
1445,19870,1000
1446,19882,999
1447,19886,998
1448,19907,998
1449,19926,996
1450,19931,980
1451,19944,975
1452,19969,969
1453,19970,960
1454,19994,949
1455,20023,939
1456,20039,928
1457,20060,913
1458,20087,898
1459,20111,885
1460,20141,870
1461,20168,857
1462,20207,845
1463,20242,834
1464,20281,824
1465,20322,815
1466,20368,805
1467,20403,798
1468,20453,788
1469,20505,780
1470,20545,772
1471,20598,765
1472,20641,758
1473,20696,750
1474,20754,742
1475,20807,737
1476,20859,731
1477,20916,726
1478,20975,721
1479,21036,716
1480,21092,712
1481,21159,708
1482,21215,703
1483,21273,698
1484,21338,694
1485,21401,690
1486,21454,687
1487,21508,684
1488,21569,681
1489,21628,680
1490,21693,677
1491,21745,673
1492,21810,671
1493,21873,667
1494,21927,664
1495,21999,661
1496,22065,658
1497,22114,655
1498,22200,652
1499,22260,650
1500,22017,1295
1501,21560,1293
1502,21227,1291
1503,20956,1289
1504,20713,1288
1505,20482,1287
1506,20282,1285
1507,20128,1285
1508,19975,1283
1509,19838,1282
1510,19734,1281
1511,19622,1279
1512,19517,1278
1513,19462,1277
1514,19388,1276
1515,19312,1275
1516,19267,1274
1517,19213,1273
1518,19154,1272
1519,19127,1271
1520,19088,1271
1521,19046,1270
1522,19022,1269
1523,18988,1268
1524,18954,1268
1525,18943,1267
1526,18913,1267
1527,18895,1267
1528,18884,1267
1529,18862,1266
1530,18848,1266
1531,18855,1265
1532,18839,1265
1533,18817,1264
1534,18817,1263
1535,18800,1262
1536,18791,1262
1537,18789,1262
1538,18776,1261
1539,18780,1261
1540,18782,1260
1541,18772,1260
1542,18776,1259
1543,18787,1258
1544,18772,1257
1545,18760,1256
1546,18763,1255
1547,18755,1253
1548,18743,1251
1549,18743,1248
1550,18742,1217
1551,18738,1206
1552,18739,1196
1553,18761,1183
1554,18768,1170
1555,18771,1156
1556,18790,1139
1557,18816,1120
1558,18819,1104
1559,18838,1088
1560,18874,1072
1561,18902,1057
1562,18928,1043
1563,18962,1030
1564,18999,1017
1565,19035,1006
1566,19084,994
1567,19126,983
1568,19164,973
1569,19212,963
1570,19269,954
1571,19312,947
1572,19376,937
1573,19436,930
1574,19491,922
1575,19564,916
1576,19638,910
1577,19699,906
1578,19772,900
1579,19844,896
1580,19904,894
1581,19987,891
1582,20066,887
1583,20138,884
1584,20212,880
1585,20284,878
1586,20359,876
1587,20440,873
1588,20508,871
1589,20589,869
1590,20676,866
1591,20735,865
1592,20817,862
1593,20900,859
1594,20967,856
1595,21042,855
1596,21120,853
1597,21198,851
1598,21271,849
1599,21352,847
1600,21075,1690
1601,20483,1688
1602,20025,1686
1603,19637,1685
1604,19283,1683
1605,18972,1681
1606,18686,1680
1607,18458,1678
1608,18253,1677
1609,18075,1675
1610,17919,1674
1611,17785,1673
1612,17667,1672
1613,17562,1671
1614,17467,1670
1615,17390,1669
1616,17296,1668
1617,17230,1667
1618,17177,1666
1619,17117,1665
1620,17068,1664
1621,17033,1663
1622,16980,1662
1623,16941,1661
1624,16904,1660
1625,16863,1658
1626,16835,1657
1627,16814,1655
1628,16778,1653
1629,16765,1651
1630,16750,1650
1631,16717,1649
1632,16716,1648
1633,16700,1647
1634,16684,1646
1635,16675,1645
1636,16662,1643
1637,16649,1641
1638,16652,1639
1639,16651,1637
1640,16643,1636
1641,16646,1633
1642,16646,1631
1643,16649,1629
1644,16635,1626
1645,16633,1625
1646,16641,1622
1647,16630,1618
1648,16626,1615
1649,16631,1611
1650,16632,1552
1651,16633,1531
1652,16645,1508
1653,16658,1480
1654,16668,1451
1655,16695,1418
1656,16724,1383
1657,16757,1348
1658,16795,1314
1659,16834,1283
1660,16879,1253
1661,16924,1226
1662,16961,1201
1663,17008,1181
1664,17069,1163
1665,17121,1146
1666,17176,1130
1667,17246,1115
1668,17311,1103
1669,17372,1090
1670,17453,1078
1671,17513,1069
1672,17607,1061
1673,17702,1050
1674,17769,1041
1675,17862,1034
1676,17959,1027
1677,18045,1019
1678,18128,1013
1679,18236,1006
1680,18331,1000
1681,18414,994
1682,18529,989
1683,18628,984
1684,18723,977
1685,18834,971
1686,18943,965
1687,19028,959
1688,19145,954
1689,19245,950
1690,19330,945
1691,19432,940
1692,19535,935
1693,19633,929
1694,19750,925
1695,19847,920
1696,19945,915
1697,20057,912
1698,20159,909
1699,20254,905
1700,20019,1804
1701,19485,1800
1702,19091,1798
1703,18770,1794
1704,18471,1791
1705,18216,1789
1706,18017,1786
1707,17808,1783
1708,17640,1780
1709,17508,1778
1710,17365,1775
1711,17257,1773
1712,17163,1770
1713,17068,1767
1714,17004,1765
1715,16948,1763
1716,16891,1761
1717,16853,1758
1718,16813,1756
1719,16775,1753
1720,16741,1751
1721,16697,1748
1722,16669,1745
1723,16651,1743
1724,16631,1740
1725,16604,1738
1726,16607,1736
1727,16581,1733
1728,16575,1730
1729,16570,1727
1730,16545,1725
1731,16545,1722
1732,16530,1720
1733,16532,1716
1734,16546,1715
1735,16542,1711
1736,16546,1709
1737,16552,1706
1738,16558,1704
1739,16564,1702
1740,16585,1700
1741,16592,1697
1742,16582,1694
1743,16604,1690
1744,16617,1687
1745,16627,1684
1746,16633,1680
1747,16647,1677
1748,16649,1672
1749,16655,1666
1750,16682,1574
1751,16698,1552
1752,16723,1533
1753,16742,1511
1754,16749,1484
1755,16785,1462
1756,16827,1436
1757,16850,1410
1758,16892,1383
1759,16940,1361
1760,16988,1342
1761,17041,1320
1762,17098,1302
1763,17157,1282
1764,17207,1266
1765,17268,1247
1766,17351,1230
1767,17422,1216
1768,17519,1204
1769,17602,1191
1770,17696,1177
1771,17782,1165
1772,17893,1156
1773,17985,1147
1774,18071,1139
1775,18185,1131
1776,18287,1123
1777,18395,1116
1778,18513,1108
1779,18614,1102
1780,18726,1095
1781,18846,1090
1782,18938,1085
1783,19050,1080
1784,19163,1076
1785,19267,1072
1786,19384,1069
1787,19485,1066
1788,19589,1063
1789,19698,1060
1790,19800,1057
1791,19910,1055
1792,20012,1052
1793,20127,1050
1794,20236,1049
1795,20345,1047
1796,20454,1045
1797,20556,1044
1798,20668,1042
1799,20775,1040
1800,20449,2077
1801,19675,2076
1802,19085,2075
1803,18594,2074
1804,18120,2072
1805,17717,2071
1806,17367,2070
1807,17063,2068
1808,16793,2067
1809,16580,2066
1810,16397,2065
1811,16223,2064
1812,16090,2063
1813,15968,2062
1814,15826,2060
1815,15739,2059
1816,15653,2059
1817,15551,2058
1818,15476,2057
1819,15406,2056
1820,15348,2054
1821,15297,2054
1822,15241,2053
1823,15186,2051
1824,15144,2050
1825,15098,2049
1826,15049,2048
1827,15024,2047
1828,14995,2045
1829,14946,2043
1830,14927,2042
1831,14914,2042
1832,14877,2041
1833,14861,2040
1834,14843,2039
1835,14821,2037
1836,14802,2036
1837,14795,2035
1838,14771,2034
1839,14759,2033
1840,14759,2031
1841,14743,2030
1842,14746,2028
1843,14746,2027
1844,14751,2025
1845,14756,2023
1846,14756,2020
1847,14761,2017
1848,14774,2014
1849,14791,2009
1850,14799,1951
1851,14821,1924
1852,14831,1892
1853,14837,1857
1854,14853,1811
1855,14874,1762
1856,14879,1712
1857,14904,1663
1858,14940,1612
1859,14958,1572
1860,14993,1534
1861,15038,1499
1862,15074,1466
1863,15137,1436
1864,15208,1406
1865,15261,1384
1866,15318,1359
1867,15392,1336
1868,15468,1320
1869,15543,1303
1870,15628,1287
1871,15716,1272
1872,15799,1260
1873,15891,1248
1874,15998,1233
1875,16088,1221
1876,16181,1210
1877,16286,1199
1878,16399,1190
1879,16519,1183
1880,16628,1175
1881,16750,1167
1882,16887,1161
1883,16999,1154
1884,17141,1148
1885,17274,1142
1886,17390,1136
1887,17526,1131
1888,17666,1126
1889,17801,1123
1890,17926,1119
1891,18071,1115
1892,18215,1111
1893,18355,1108
1894,18508,1105
1895,18649,1102
1896,18794,1099
1897,18929,1097
1898,19072,1094
1899,19210,1090
1900,18940,2176
1901,18251,2173
1902,17703,2169
1903,17261,2167
1904,16882,2164
1905,16530,2161
1906,16215,2159
1907,15992,2157
1908,15771,2155
1909,15583,2152
1910,15432,2150
1911,15297,2147
1912,15176,2145
1913,15073,2144
1914,14981,2141
1915,14900,2139
1916,14832,2137
1917,14788,2135
1918,14734,2132
1919,14690,2130
1920,14654,2128
1921,14613,2127
1922,14579,2125
1923,14557,2123
1924,14525,2122
1925,14498,2121
1926,14477,2119
1927,14467,2118
1928,14436,2116
1929,14427,2114
1930,14414,2113
1931,14398,2111
1932,14396,2110
1933,14396,2108
1934,14381,2107
1935,14378,2105
1936,14390,2103
1937,14372,2101
1938,14394,2099
1939,14412,2097
1940,14403,2094
1941,14403,2093
1942,14425,2091
1943,14418,2089
1944,14419,2086
1945,14437,2083
1946,14423,2080
1947,14436,2076
1948,14456,2071
1949,14458,2064
1950,14466,1983
1951,14495,1954
1952,14503,1920
1953,14513,1882
1954,14544,1838
1955,14584,1791
1956,14613,1741
1957,14662,1696
1958,14693,1658
1959,14742,1623
1960,14811,1589
1961,14851,1558
1962,14909,1528
1963,14988,1504
1964,15044,1480
1965,15112,1461
1966,15205,1443
1967,15265,1423
1968,15348,1406
1969,15451,1390
1970,15539,1371
1971,15651,1357
1972,15766,1345
1973,15877,1333
1974,15995,1322
1975,16118,1312
1976,16231,1302
1977,16368,1293
1978,16514,1286
1979,16646,1280
1980,16799,1275
1981,16951,1268
1982,17084,1262
1983,17225,1255
1984,17373,1250
1985,17517,1244
1986,17647,1240
1987,17815,1236
1988,17968,1231
1989,18104,1228
1990,18257,1223
1991,18417,1220
1992,18559,1217
1993,18707,1215
1994,18861,1212
1995,19000,1209
1996,19141,1205
1997,19288,1204
1998,19428,1201
1999,19571,1199
2000,19226,2394
2001,18401,2392
2002,17767,2390
2003,17248,2388
2004,16781,2387
2005,16357,2386
2006,16004,2384
2007,15687,2383
2008,15381,2382
2009,15147,2381
2010,14949,2380
2011,14756,2379
2012,14593,2378
2013,14465,2377
2014,14327,2375
2015,14204,2374
2016,14109,2373
2017,14014,2372
2018,13928,2370
2019,13859,2369
2020,13780,2368
2021,13714,2366
2022,13665,2365
2023,13619,2363
2024,13570,2361
2025,13531,2359
2026,13492,2357
2027,13468,2356
2028,13444,2355
2029,13407,2353
2030,13397,2351
2031,13368,2350
2032,13336,2348
2033,13299,2346
2034,13290,2343
2035,13263,2342
2036,13242,2339
2037,13241,2337
2038,13230,2335
2039,13214,2334
2040,13213,2332
2041,13211,2330
2042,13198,2328
2043,13199,2326
2044,13201,2323
2045,13195,2320
2046,13200,2316
2047,13219,2311
2048,13226,2306
2049,13222,2301
2050,13236,2221
2051,13246,2192
2052,13258,2156
2053,13277,2116
2054,13287,2076
2055,13326,2033
2056,13359,1988
2057,13385,1942
2058,13433,1894
2059,13487,1854
2060,13523,1811
2061,13590,1773
2062,13658,1742
2063,13720,1713
2064,13791,1687
2065,13870,1662
2066,13952,1638
2067,14057,1618
2068,14149,1597
2069,14229,1580
2070,14342,1562
2071,14452,1548
2072,14552,1535
2073,14666,1523
2074,14781,1510
2075,14891,1499
2076,15029,1489
2077,15172,1480
2078,15293,1473
2079,15435,1463
2080,15585,1455
2081,15707,1447
2082,15841,1440
2083,15999,1432
2084,16132,1425
2085,16290,1418
2086,16452,1411
2087,16582,1406
2088,16736,1400
2089,16901,1393
2090,17046,1389
2091,17209,1384
2092,17368,1378
2093,17521,1372
2094,17670,1367
2095,17820,1362
2096,17971,1358
2097,18137,1353
2098,18287,1350
2099,18442,1346
2100,18072,2684
2101,17132,2681
2102,16391,2678
2103,15777,2676
2104,15217,2673
2105,14723,2670
2106,14306,2667
2107,13945,2665
2108,13630,2663
2109,13378,2661
2110,13147,2659
2111,12949,2657
2112,12780,2655
2113,12636,2653
2114,12507,2651
2115,12397,2649
2116,12282,2646
2117,12188,2645
2118,12124,2642
2119,12040,2640
2120,11976,2638
2121,11908,2635
2122,11844,2632
2123,11789,2630
2124,11745,2628
2125,11693,2626
2126,11659,2624
2127,11611,2622
2128,11580,2621
2129,11559,2619
2130,11530,2617
2131,11500,2615
2132,11478,2614
2133,11450,2612
2134,11424,2610
2135,11409,2609
2136,11390,2606
2137,11374,2605
2138,11362,2603
2139,11348,2602
2140,11325,2601
2141,11311,2598
2142,11315,2596
2143,11306,2594
2144,11300,2591
2145,11297,2588
2146,11286,2585
2147,11293,2582
2148,11300,2578
2149,11288,2574
2150,11293,2495
2151,11298,2465
2152,11303,2427
2153,11314,2380
2154,11333,2332
2155,11352,2276
2156,11372,2211
2157,11389,2148
2158,11438,2088
2159,11485,2027
2160,11523,1966
2161,11573,1906
2162,11655,1856
2163,11700,1813
2164,11773,1772
2165,11843,1737
2166,11920,1702
2167,12017,1671
2168,12103,1644
2169,12189,1616
2170,12291,1592
2171,12391,1571
2172,12500,1550
2173,12617,1532
2174,12721,1511
2175,12832,1494
2176,12943,1477
2177,13061,1463
2178,13180,1449
2179,13320,1435
2180,13444,1423
2181,13589,1412
2182,13740,1401
2183,13884,1390
2184,14039,1378
2185,14215,1370
2186,14370,1359
2187,14530,1352
2188,14709,1344
2189,14876,1336
2190,15042,1327
2191,15224,1318
2192,15393,1311
2193,15557,1304
2194,15745,1296
2195,15926,1291
2196,16089,1286
2197,16284,1279
2198,16463,1273
2199,16628,1268
2200,16371,2525
2201,15629,2520
2202,15087,2515
2203,14639,2510
2204,14230,2505
2205,13898,2501
2206,13619,2498
2207,13380,2494
2208,13176,2491
2209,13014,2488
2210,12867,2484
2211,12733,2481
2212,12625,2479
2213,12558,2475
2214,12491,2473
2215,12430,2471
2216,12402,2469
2217,12367,2468
2218,12349,2466
2219,12325,2464
2220,12306,2461
2221,12290,2459
2222,12285,2457
2223,12282,2454
2224,12282,2451
2225,12282,2448
2226,12299,2445
2227,12311,2442
2228,12322,2439
2229,12350,2436
2230,12369,2434
2231,12384,2431
2232,12416,2428
2233,12449,2425
2234,12483,2421
2235,12523,2419
2236,12561,2416
2237,12597,2413
2238,12630,2411
2239,12656,2407
2240,12692,2404
2241,12729,2400
2242,12746,2397
2243,12783,2394
2244,12812,2390
2245,12845,2386
2246,12889,2382
2247,12916,2375
2248,12941,2369
2249,12980,2361
2250,13001,2245
2251,13039,2209
2252,13080,2173
2253,13125,2133
2254,13170,2090
2255,13213,2047
2256,13260,2005
2257,13315,1961
2258,13366,1917
2259,13414,1879
2260,13482,1845
2261,13550,1811
2262,13625,1783
2263,13727,1758
2264,13804,1735
2265,13893,1714
2266,14010,1698
2267,14101,1681
2268,14215,1666
2269,14328,1651
2270,14447,1639
2271,14577,1626
2272,14708,1614
2273,14841,1604
2274,14970,1592
2275,15130,1582
2276,15260,1573
2277,15405,1562
2278,15574,1554
2279,15711,1546
2280,15871,1538
2281,16056,1530
2282,16207,1521
2283,16357,1516
2284,16550,1509
2285,16716,1503
2286,16864,1498
2287,17038,1493
2288,17213,1489
2289,17366,1484
2290,17543,1478
2291,17702,1474
2292,17862,1469
2293,18040,1465
2294,18189,1462
2295,18335,1459
2296,18478,1455
2297,18616,1451
2298,18767,1447
2299,18929,1444
2300,18457,2880
2301,17455,2876
2302,16695,2873
2303,16033,2870
2304,15467,2868
2305,14966,2866
2306,14540,2865
2307,14166,2862
2308,13828,2860
2309,13531,2858
2310,13274,2856
2311,13053,2854
2312,12842,2851
2313,12665,2849
2314,12482,2847
2315,12316,2845
2316,12185,2843
2317,12047,2841
2318,11927,2840
2319,11809,2838
2320,11715,2837
2321,11628,2835
2322,11528,2833
2323,11448,2832
2324,11383,2830
2325,11290,2827
2326,11243,2825
2327,11185,2822
2328,11126,2820
2329,11080,2818
2330,11025,2816
2331,10984,2814
2332,10955,2812
2333,10933,2811
2334,10909,2809
2335,10889,2807
2336,10874,2806
2337,10856,2804
2338,10851,2802
2339,10832,2800
2340,10818,2797
2341,10794,2794
2342,10779,2792
2343,10767,2790
2344,10763,2787
2345,10753,2784
2346,10744,2781
2347,10735,2777
2348,10727,2772
2349,10739,2766
2350,10735,2682
2351,10733,2653
2352,10749,2618
2353,10745,2577
2354,10770,2533
2355,10803,2480
2356,10818,2427
2357,10843,2378
2358,10886,2325
2359,10930,2281
2360,10964,2238
2361,11023,2199
2362,11085,2162
2363,11137,2126
2364,11223,2093
2365,11310,2065
2366,11397,2036
2367,11492,2011
2368,11594,1984
2369,11698,1966
2370,11814,1943
2371,11926,1925
2372,12052,1906
2373,12202,1887
2374,12337,1872
2375,12492,1856
2376,12646,1843
2377,12804,1830
2378,12984,1815
2379,13153,1805
2380,13317,1794
2381,13501,1784
2382,13686,1774
2383,13872,1765
2384,14073,1757
2385,14244,1748
2386,14436,1741
2387,14641,1734
2388,14823,1725
2389,15029,1717
2390,15239,1709
2391,15438,1703
2392,15657,1696
2393,15854,1691
2394,16048,1682
2395,16241,1677
2396,16434,1671
2397,16635,1665
2398,16824,1661
2399,17026,1656
2400,16597,3303
2401,15464,3299
2402,14567,3296
2403,13807,3292
2404,13123,3289
2405,12505,3285
2406,11990,3281
2407,11540,3277
2408,11141,3274
2409,10813,3270
2410,10538,3267
2411,10269,3264
2412,10038,3261
2413,9866,3258
2414,9692,3254
2415,9557,3252
2416,9447,3249
2417,9330,3246
2418,9241,3243
2419,9168,3241
2420,9091,3239
2421,9028,3237
2422,8964,3235
2423,8917,3233
2424,8879,3230
2425,8839,3228
2426,8787,3225
2427,8767,3223
2428,8722,3221
2429,8690,3219
2430,8685,3218
2431,8661,3216
2432,8634,3213
2433,8619,3211
2434,8596,3209
2435,8584,3206
2436,8569,3203
2437,8551,3200
2438,8524,3196
2439,8487,3194
2440,8479,3191
2441,8462,3189
2442,8449,3186
2443,8437,3182
2444,8416,3179
2445,8404,3174
2446,8400,3168
2447,8381,3162
2448,8358,3155
2449,8361,3148
2450,8333,3040
2451,8316,3005
2452,8322,2954
2453,8341,2896
2454,8351,2818
2455,8377,2736
2456,8401,2642
2457,8413,2549
2458,8459,2466
2459,8516,2385
2460,8544,2315
2461,8607,2242
2462,8672,2176
2463,8730,2114
2464,8797,2060
2465,8870,2011
2466,8962,1962
2467,9052,1923
2468,9157,1881
2469,9256,1846
2470,9362,1814
2471,9495,1788
2472,9616,1763
2473,9734,1741
2474,9868,1719
2475,10014,1697
2476,10151,1677
2477,10320,1660
2478,10466,1642
2479,10616,1627
2480,10795,1611
2481,10984,1598
2482,11154,1585
2483,11336,1573
2484,11520,1563
2485,11717,1552
2486,11933,1542
2487,12116,1532
2488,12331,1524
2489,12551,1514
2490,12745,1507
2491,12962,1497
2492,13193,1489
2493,13414,1481
2494,13655,1473
2495,13888,1466
2496,14122,1461
2497,14358,1453
2498,14600,1447
2499,14837,1439
2500,14612,2867
2501,13831,2861
2502,13247,2854
2503,12774,2849
2504,12343,2844
2505,11968,2839
2506,11662,2834
2507,11400,2829
2508,11173,2825
2509,11003,2821
2510,10834,2816
2511,10702,2813
2512,10598,2809
2513,10508,2806
2514,10419,2803
2515,10355,2799
2516,10304,2796
2517,10249,2794
2518,10201,2791
2519,10171,2788
2520,10149,2785
2521,10139,2781
2522,10133,2779
2523,10133,2777
2524,10122,2773
2525,10122,2771
2526,10130,2768
2527,10139,2764
2528,10139,2760
2529,10156,2757
2530,10176,2753
2531,10180,2750
2532,10207,2747
2533,10221,2744
2534,10226,2742
2535,10250,2738
2536,10260,2735
2537,10275,2732
2538,10301,2728
2539,10289,2725
2540,10325,2722
2541,10362,2718
2542,10362,2715
2543,10394,2711
2544,10413,2707
2545,10412,2704
2546,10450,2699
2547,10488,2692
2548,10499,2686
2549,10543,2677
2550,10581,2552
2551,10624,2514
2552,10685,2472
2553,10736,2423
2554,10779,2367
2555,10844,2312
2556,10919,2255
2557,10980,2204
2558,11070,2153
2559,11163,2103
2560,11232,2056
2561,11326,2014
2562,11425,1978
2563,11525,1943
2564,11652,1910
2565,11775,1881
2566,11868,1857
2567,11989,1833
2568,12125,1812
2569,12232,1791
2570,12365,1773
2571,12522,1758
2572,12671,1745
2573,12812,1731
2574,12975,1719
2575,13131,1707
2576,13300,1696
2577,13473,1687
2578,13627,1677
2579,13796,1667
2580,13961,1658
2581,14115,1650
2582,14296,1644
2583,14471,1638
2584,14644,1631
2585,14827,1624
2586,15022,1618
2587,15183,1614
2588,15361,1607
2589,15544,1601
2590,15710,1596
2591,15882,1591
2592,16072,1587
2593,16222,1581
2594,16402,1577
2595,16593,1572
2596,16757,1569
2597,16909,1566
2598,17087,1562
2599,17259,1559
2600,16853,3112
2601,15860,3108
2602,15093,3104
2603,14447,3101
2604,13884,3098
2605,13374,3095
2606,12917,3091
2607,12544,3089
2608,12212,3086
2609,11894,3082
2610,11668,3079
2611,11465,3075
2612,11258,3072
2613,11112,3070
2614,10999,3068
2615,10858,3064
2616,10753,3061
2617,10672,3058
2618,10569,3055
2619,10507,3053
2620,10446,3050
2621,10364,3047
2622,10326,3044
2623,10283,3041
2624,10238,3038
2625,10212,3035
2626,10182,3033
2627,10151,3029
2628,10142,3026
2629,10112,3023
2630,10092,3019
2631,10083,3016
2632,10076,3012
2633,10072,3009
2634,10071,3006
2635,10070,3003
2636,10058,3000
2637,10051,2996
2638,10045,2994
2639,10042,2991
2640,10056,2988
2641,10060,2983
2642,10063,2979
2643,10071,2974
2644,10073,2968
2645,10085,2963
2646,10082,2957
2647,10090,2950
2648,10102,2942
2649,10102,2933
2650,10102,2789
2651,10123,2744
2652,10133,2697
2653,10152,2637
2654,10185,2564
2655,10211,2496
2656,10244,2424
2657,10310,2346
2658,10359,2268
2659,10410,2199
2660,10483,2132
2661,10547,2075
2662,10605,2021
2663,10701,1973
2664,10786,1927
2665,10862,1884
2666,10980,1843
2667,11087,1806
2668,11176,1776
2669,11301,1747
2670,11410,1719
2671,11511,1694
2672,11643,1673
2673,11766,1650
2674,11879,1630
2675,12032,1613
2676,12179,1596
2677,12298,1578
2678,12450,1561
2679,12604,1548
2680,12745,1532
2681,12906,1518
2682,13066,1504
2683,13228,1491
2684,13398,1480
2685,13562,1467
2686,13734,1458
2687,13917,1447
2688,14098,1439
2689,14274,1431
2690,14471,1425
2691,14683,1418
2692,14870,1410
2693,15079,1404
2694,15291,1398
2695,15490,1392
2696,15700,1386
2697,15909,1381
2698,16105,1376
2699,16308,1370
2700,16019,2733
2701,15207,2729
2702,14625,2725
2703,14164,2720
2704,13748,2715
2705,13375,2711
2706,13081,2707
2707,12819,2703
2708,12632,2699
2709,12462,2696
2710,12297,2692
2711,12187,2688
2712,12096,2686
2713,12021,2683
2714,11963,2681
2715,11930,2678
2716,11902,2676
2717,11866,2674
2718,11862,2671
2719,11858,2669
2720,11855,2667
2721,11848,2664
2722,11864,2661
2723,11882,2658
2724,11888,2656
2725,11897,2654
2726,11921,2652
2727,11937,2650
2728,11960,2648
2729,11975,2644
2730,11989,2642
2731,12019,2640
2732,12039,2637
2733,12052,2634
2734,12084,2632
2735,12117,2628
2736,12138,2626
2737,12171,2622
2738,12199,2619
2739,12223,2615
2740,12241,2612
2741,12270,2608
2742,12305,2605
2743,12317,2602
2744,12342,2598
2745,12368,2594
2746,12387,2590
2747,12427,2584
2748,12440,2578
2749,12459,2570
2750,12506,2458
2751,12543,2422
2752,12566,2381
2753,12594,2338
2754,12648,2281
2755,12689,2225
2756,12745,2171
2757,12803,2117
2758,12858,2068
2759,12916,2020
2760,12993,1971
2761,13066,1929
2762,13150,1890
2763,13234,1856
2764,13323,1824
2765,13438,1793
2766,13560,1764
2767,13672,1737
2768,13810,1717
2769,13946,1700
2770,14066,1683
2771,14183,1669
2772,14325,1656
2773,14453,1643
2774,14593,1634
2775,14756,1622
2776,14910,1612
2777,15059,1605
2778,15231,1597
2779,15397,1590
2780,15558,1584
2781,15726,1579
2782,15911,1573
2783,16078,1567
2784,16253,1562
2785,16446,1556
2786,16600,1551
2787,16759,1545
2788,16950,1541
2789,17116,1536
2790,17278,1532
2791,17470,1528
2792,17626,1525
2793,17780,1521
2794,17951,1517
2795,18083,1514
2796,18231,1510
2797,18402,1508
2798,18542,1505
2799,18675,1502
2800,18188,3000
2801,17085,2997
2802,16240,2994
2803,15546,2992
2804,14918,2990
2805,14329,2989
2806,13876,2988
2807,13451,2986
2808,13064,2985
2809,12772,2984
2810,12503,2982
2811,12241,2980
2812,12036,2978
2813,11850,2977
2814,11669,2975
2815,11536,2975
2816,11395,2974
2817,11248,2973
2818,11163,2972
2819,11043,2971
2820,10943,2969
2821,10880,2969
2822,10792,2968
2823,10703,2967
2824,10640,2966
2825,10579,2965
2826,10510,2963
2827,10461,2962
2828,10404,2962
2829,10360,2961
2830,10315,2959
2831,10269,2958
2832,10248,2957
2833,10206,2956
2834,10161,2955
2835,10133,2953
2836,10117,2951
2837,10076,2950
2838,10062,2949
2839,10060,2948
2840,10050,2945
2841,10039,2944
2842,10040,2943
2843,10042,2940
2844,10029,2938
2845,10036,2936
2846,10045,2932
2847,10043,2929
2848,10051,2925
2849,10062,2919
2850,10080,2850
2851,10106,2820
2852,10119,2783
2853,10134,2737
2854,10173,2684
2855,10205,2625
2856,10252,2564
2857,10289,2495
2858,10320,2428
2859,10389,2363
2860,10451,2305
2861,10486,2250
2862,10551,2198
2863,10624,2151
2864,10685,2112
2865,10774,2076
2866,10856,2044
2867,10936,2012
2868,11016,1984
2869,11133,1960
2870,11228,1937
2871,11321,1916
2872,11457,1898
2873,11570,1881
2874,11676,1867
2875,11819,1850
2876,11947,1837
2877,12065,1824
2878,12221,1811
2879,12370,1802
2880,12496,1792
2881,12677,1784
2882,12844,1774
2883,12979,1765
2884,13164,1756
2885,13340,1748
2886,13500,1740
2887,13677,1731
2888,13843,1724
2889,14019,1718
2890,14203,1712
2891,14360,1706
2892,14525,1700
2893,14695,1694
2894,14857,1688
2895,15021,1683
2896,15192,1676
2897,15370,1671
2898,15533,1666
2899,15703,1661
2900,15321,3313
2901,14255,3309
2902,13430,3303
2903,12731,3299
2904,12079,3295
2905,11531,3290
2906,11087,3286
2907,10695,3282
2908,10366,3279
2909,10076,3275
2910,9843,3272
2911,9643,3269
2912,9466,3266
2913,9316,3263
2914,9195,3261
2915,9081,3259
2916,8990,3256
2917,8922,3254
2918,8856,3252
2919,8790,3250
2920,8763,3247
2921,8729,3245
2922,8705,3243
2923,8673,3240
2924,8640,3238
2925,8624,3235
2926,8618,3232
2927,8618,3230
2928,8618,3226
2929,8624,3224
2930,8631,3221
2931,8634,3218
2932,8643,3215
2933,8660,3212
2934,8646,3210
2935,8671,3206
2936,8689,3203
2937,8697,3199
2938,8722,3194
2939,8737,3189
2940,8757,3184
2941,8776,3180
2942,8792,3175
2943,8802,3171
2944,8828,3165
2945,8838,3159
2946,8839,3152
2947,8860,3145
2948,8859,3134
2949,8859,3120
2950,8884,2947
2951,8893,2891
2952,8918,2831
2953,8941,2750
2954,8974,2664
2955,9012,2574
2956,9056,2480
2957,9089,2393
2958,9135,2305
2959,9202,2223
2960,9257,2144
2961,9325,2067
2962,9408,2003
2963,9470,1947
2964,9561,1895
2965,9658,1849
2966,9746,1809
2967,9845,1772
2968,9956,1738
2969,10067,1708
2970,10185,1684
2971,10319,1660
2972,10445,1639
2973,10575,1618
2974,10727,1596
2975,10874,1577
2976,11011,1559
2977,11172,1545
2978,11344,1530
2979,11507,1516
2980,11671,1503
2981,11834,1490
2982,12017,1476
2983,12189,1466
2984,12363,1453
2985,12545,1442
2986,12744,1432
2987,12929,1423
2988,13127,1415
2989,13331,1408
2990,13530,1401
2991,13732,1393
2992,13959,1386
2993,14148,1379
2994,14370,1373
2995,14600,1366
2996,14814,1361
2997,15033,1356
2998,15277,1351
2999,15490,1346
3000,15277,2682
3001,14581,2677
3002,14052,2673
3003,13644,2668
3004,13308,2663
3005,12978,2661
3006,12722,2658
3007,12567,2654
3008,12416,2651
3009,12295,2647
3010,12228,2644
3011,12167,2641
3012,12125,2637
3013,12110,2633
3014,12104,2629
3015,12076,2627
3016,12098,2624
3017,12111,2621
3018,12114,2619
3019,12135,2615
3020,12170,2613
3021,12197,2610
3022,12236,2607
3023,12255,2604
3024,12298,2601
3025,12330,2597
3026,12349,2594
3027,12385,2592
3028,12415,2588
3029,12433,2586
3030,12465,2582
3031,12507,2580
3032,12539,2577
3033,12583,2573
3034,12622,2570
3035,12665,2567
3036,12697,2563
3037,12732,2558
3038,12769,2555
3039,12817,2552
3040,12852,2548
3041,12889,2543
3042,12933,2539
3043,12964,2535
3044,12993,2529
3045,13043,2524
3046,13065,2518
3047,13091,2513
3048,13115,2506
3049,13137,2496
3050,13159,2357
3051,13193,2316
3052,13247,2267
3053,13279,2217
3054,13321,2160
3055,13374,2102
3056,13422,2039
3057,13483,1981
3058,13561,1928
3059,13633,1880
3060,13699,1835
3061,13806,1797
3062,13906,1760
3063,13980,1728
3064,14065,1702
3065,14177,1672
3066,14268,1650
3067,14390,1631
3068,14512,1613
3069,14624,1597
3070,14759,1582
3071,14902,1571
3072,15020,1560
3073,15151,1550
3074,15286,1541
3075,15433,1533
3076,15562,1523
3077,15708,1515
3078,15866,1507
3079,16007,1501
3080,16156,1496
3081,16305,1490
3082,16462,1484
3083,16615,1479
3084,16776,1475
3085,16945,1470
3086,17108,1466
3087,17272,1463
3088,17442,1459
3089,17595,1456
3090,17765,1455
3091,17936,1452
3092,18088,1450
3093,18254,1448
3094,18427,1445
3095,18574,1441
3096,18740,1439
3097,18900,1437
3098,19050,1435
3099,19199,1432
3100,18688,2860
3101,17617,2858
3102,16790,2857
3103,16125,2855
3104,15534,2854
3105,15011,2853
3106,14522,2851
3107,14119,2850
3108,13759,2849
3109,13451,2848
3110,13158,2847
3111,12911,2846
3112,12700,2845
3113,12511,2843
3114,12357,2842
3115,12202,2842
3116,12080,2841
3117,11968,2839
3118,11865,2838
3119,11774,2837
3120,11697,2836
3121,11629,2835
3122,11563,2834
3123,11497,2834
3124,11458,2834
3125,11402,2833
3126,11358,2831
3127,11322,2830
3128,11277,2830
3129,11247,2828
3130,11221,2827
3131,11204,2826
3132,11188,2825
3133,11164,2824
3134,11144,2823
3135,11141,2822
3136,11125,2821
3137,11120,2821
3138,11115,2820
3139,11126,2819
3140,11109,2817
3141,11110,2815
3142,11112,2815
3143,11119,2813
3144,11132,2812
3145,11153,2810
3146,11170,2809
3147,11180,2806
3148,11207,2802
3149,11226,2799
3150,11240,2745
3151,11272,2721
3152,11311,2687
3153,11337,2643
3154,11395,2598
3155,11426,2547
3156,11456,2487
3157,11519,2428
3158,11580,2369
3159,11617,2310
3160,11692,2257
3161,11764,2202
3162,11815,2156
3163,11889,2108
3164,11958,2067
3165,12027,2028
3166,12116,1995
3167,12209,1964
3168,12298,1939
3169,12405,1915
3170,12522,1896
3171,12623,1876
3172,12739,1857
3173,12868,1839
3174,12997,1825
3175,13144,1810
3176,13270,1796
3177,13386,1783
3178,13553,1772
3179,13689,1761
3180,13815,1754
3181,13984,1744
3182,14151,1736
3183,14278,1728
3184,14446,1720
3185,14598,1713
3186,14745,1705
3187,14938,1700
3188,15103,1694
3189,15246,1689
3190,15432,1683
3191,15600,1678
3192,15755,1673
3193,15935,1670
3194,16103,1666
3195,16258,1663
3196,16430,1658
3197,16579,1655
3198,16739,1651
3199,16913,1648
3200,16433,3290
3201,15249,3286
3202,14332,3283
3203,13556,3281
3204,12840,3278
3205,12204,3276
3206,11671,3274
3207,11207,3271
3208,10825,3268
3209,10500,3265
3210,10232,3263
3211,10002,3262
3212,9782,3260
3213,9605,3257
3214,9444,3254
3215,9314,3252
3216,9217,3249
3217,9125,3247
3218,9043,3245
3219,8966,3243
3220,8916,3241
3221,8866,3239
3222,8828,3237
3223,8799,3235
3224,8743,3233
3225,8710,3230
3226,8694,3229
3227,8675,3227
3228,8645,3224
3229,8617,3223
3230,8599,3221
3231,8553,3218
3232,8541,3217
3233,8528,3215
3234,8504,3213
3235,8482,3211
3236,8469,3209
3237,8458,3205
3238,8441,3201
3239,8439,3199
3240,8430,3194
3241,8424,3191
3242,8425,3186
3243,8428,3182
3244,8442,3178
3245,8447,3174
3246,8457,3167
3247,8475,3161
3248,8487,3154
3249,8500,3146
3250,8515,3018
3251,8536,2978
3252,8564,2928
3253,8585,2862
3254,8616,2781
3255,8660,2687
3256,8696,2596
3257,8746,2496
3258,8796,2403
3259,8840,2316
3260,8903,2237
3261,8967,2158
3262,9029,2082
3263,9118,2017
3264,9189,1956
3265,9260,1902
3266,9360,1860
3267,9464,1818
3268,9551,1776
3269,9662,1742
3270,9782,1712
3271,9905,1685
3272,10043,1660
3273,10172,1639
3274,10307,1619
3275,10452,1602
3276,10590,1585
3277,10739,1569
3278,10900,1555
3279,11068,1541
3280,11220,1526
3281,11400,1513
3282,11584,1500
3283,11759,1488
3284,11941,1477
3285,12135,1466
3286,12325,1455
3287,12532,1443
3288,12733,1431
3289,12936,1421
3290,13138,1411
3291,13351,1401
3292,13545,1394
3293,13739,1385
3294,13963,1379
3295,14152,1371
3296,14356,1365
3297,14582,1358
3298,14796,1351
3299,15002,1346
3300,14777,2677
3301,14025,2672
3302,13448,2666
3303,13014,2661
3304,12620,2656
3305,12275,2650
3306,12005,2645
3307,11761,2640
3308,11549,2637
3309,11406,2633
3310,11296,2629
3311,11204,2626
3312,11144,2623
3313,11087,2618
3314,11050,2614
3315,11026,2610
3316,10999,2607
3317,10987,2605
3318,11008,2603
3319,10995,2599
3320,11005,2596
3321,11050,2593
3322,11053,2589
3323,11075,2586
3324,11114,2583
3325,11115,2580
3326,11135,2577
3327,11183,2574
3328,11199,2571
3329,11224,2568
3330,11270,2565
3331,11310,2563
3332,11349,2560
3333,11389,2557
3334,11407,2555
3335,11455,2553
3336,11489,2551
3337,11525,2549
3338,11582,2546
3339,11627,2543
3340,11666,2541
3341,11705,2539
3342,11753,2536
3343,11777,2532
3344,11794,2529
3345,11848,2525
3346,11886,2520
3347,11916,2514
3348,11967,2507
3349,12012,2501
3350,12059,2386
3351,12121,2356
3352,12184,2317
3353,12250,2274
3354,12322,2225
3355,12413,2173
3356,12486,2113
3357,12563,2056
3358,12655,1998
3359,12739,1944
3360,12823,1900
3361,12921,1861
3362,13020,1825
3363,13108,1794
3364,13220,1766
3365,13331,1740
3366,13440,1716
3367,13537,1692
3368,13672,1673
3369,13779,1655
3370,13888,1636
3371,14026,1621
3372,14149,1605
3373,14261,1591
3374,14400,1580
3375,14544,1565
3376,14671,1554
3377,14819,1542
3378,14973,1531
3379,15122,1521
3380,15286,1513
3381,15440,1506
3382,15612,1500
3383,15789,1494
3384,15955,1488
3385,16151,1481
3386,16334,1475
3387,16504,1470
3388,16704,1466
3389,16878,1462
3390,17063,1457
3391,17256,1452
3392,17422,1448
3393,17594,1444
3394,17792,1440
3395,17963,1436
3396,18141,1432
3397,18314,1429
3398,18508,1425
3399,18680,1422
3400,18245,2840
3401,17256,2838
3402,16503,2836
3403,15866,2834
3404,15313,2832
3405,14808,2830
3406,14385,2829
3407,14009,2827
3408,13695,2824
3409,13408,2823
3410,13154,2822
3411,12934,2821
3412,12766,2821
3413,12604,2820
3414,12452,2819
3415,12326,2817
3416,12212,2817
3417,12115,2816
3418,12013,2815
3419,11944,2814
3420,11870,2812
3421,11798,2811
3422,11758,2810
3423,11691,2809
3424,11638,2808
3425,11594,2808
3426,11558,2806
3427,11521,2805
3428,11487,2803
3429,11456,2802
3430,11442,2801
3431,11426,2800
3432,11420,2799
3433,11403,2798
3434,11395,2797
3435,11379,2796
3436,11380,2795
3437,11381,2795
3438,11383,2793
3439,11381,2792
3440,11396,2791
3441,11397,2789
3442,11405,2788
3443,11429,2785
3444,11423,2782
3445,11423,2779
3446,11451,2777
3447,11461,2774
3448,11451,2769
3449,11469,2765
3450,11481,2695
3451,11499,2662
3452,11516,2626
3453,11535,2582
3454,11550,2534
3455,11568,2476
3456,11594,2412
3457,11630,2351
3458,11658,2297
3459,11689,2239
3460,11736,2188
3461,11772,2139
3462,11817,2098
3463,11883,2061
3464,11961,2028
3465,12035,1997
3466,12099,1970
3467,12193,1946
3468,12277,1923
3469,12358,1902
3470,12464,1885
3471,12560,1867
3472,12671,1851
3473,12787,1838
3474,12902,1825
3475,13048,1814
3476,13193,1800
3477,13309,1788
3478,13453,1778
3479,13601,1769
3480,13736,1758
3481,13887,1749
3482,14040,1741
3483,14181,1732
3484,14356,1725
3485,14533,1716
3486,14681,1709
3487,14858,1703
3488,15033,1696
3489,15174,1689
3490,15365,1684
3491,15522,1678
3492,15670,1673
3493,15856,1668
3494,16037,1663
3495,16169,1658
3496,16364,1654
3497,16544,1651
3498,16714,1647
3499,16888,1643
3500,16444,3280
3501,15228,3276
3502,14267,3273
3503,13476,3268
3504,12722,3265
3505,12079,3262
3506,11556,3259
3507,11063,3257
3508,10665,3255
3509,10338,3252
3510,10029,3250
3511,9786,3248
3512,9570,3246
3513,9373,3244
3514,9222,3242
3515,9095,3240
3516,8980,3238
3517,8872,3236
3518,8790,3234
3519,8718,3233
3520,8645,3232
3521,8589,3231
3522,8540,3228
3523,8472,3226
3524,8436,3224
3525,8395,3223
3526,8359,3221
3527,8332,3219
3528,8298,3218
3529,8270,3216
3530,8240,3215
3531,8218,3212
3532,8202,3210
3533,8199,3208
3534,8188,3207
3535,8185,3205
3536,8176,3203
3537,8176,3202
3538,8188,3200
3539,8189,3198
3540,8183,3197
3541,8181,3195
3542,8184,3193
3543,8167,3190
3544,8172,3186
3545,8183,3183
3546,8187,3180
3547,8184,3176
3548,8199,3170
3549,8211,3163
3550,8213,3072
3551,8224,3029
3552,8258,2976
3553,8275,2909
3554,8314,2830
3555,8355,2740
3556,8375,2647
3557,8421,2552
3558,8466,2455
3559,8501,2366
3560,8541,2277
3561,8582,2198
3562,8629,2126
3563,8679,2056
3564,8752,1996
3565,8813,1938
3566,8896,1884
3567,8979,1835
3568,9051,1794
3569,9156,1756
3570,9269,1722
3571,9350,1689
3572,9468,1662
3573,9591,1638
3574,9692,1616
3575,9822,1597
3576,9951,1580
3577,10070,1562
3578,10199,1545
3579,10326,1528
3580,10467,1512
3581,10614,1496
3582,10768,1483
3583,10943,1470
3584,11111,1455
3585,11279,1443
3586,11464,1430
3587,11634,1420
3588,11823,1409
3589,12010,1398
3590,12183,1389
3591,12367,1379
3592,12564,1368
3593,12749,1357
3594,12931,1348
3595,13120,1338
3596,13328,1330
3597,13526,1324
3598,13703,1316
3599,13916,1309
3600,13664,2604
3601,12924,2599
3602,12401,2594
3603,11979,2588
3604,11606,2583
3605,11308,2578
3606,11053,2574
3607,10843,2568
3608,10679,2563
3609,10558,2559
3610,10463,2556
3611,10414,2552
3612,10362,2549
3613,10329,2547
3614,10326,2544
3615,10316,2541
3616,10310,2538
3617,10343,2536
3618,10362,2533
3619,10381,2530
3620,10455,2528
3621,10492,2525
3622,10542,2523
3623,10613,2520
3624,10669,2518
3625,10743,2515
3626,10829,2513
3627,10889,2511
3628,10972,2509
3629,11072,2507
3630,11134,2504
3631,11214,2503
3632,11310,2500
3633,11385,2497
3634,11449,2494
3635,11547,2491
3636,11603,2490
3637,11665,2487
3638,11748,2484
3639,11806,2481
3640,11866,2478
3641,11937,2475
3642,11977,2472
3643,12037,2468
3644,12091,2464
3645,12129,2461
3646,12180,2457
3647,12249,2451
3648,12288,2444
3649,12345,2434
3650,12407,2312
3651,12450,2272
3652,12525,2224
3653,12591,2175
3654,12645,2123
3655,12732,2074
3656,12805,2023
3657,12873,1975
3658,12967,1933
3659,13052,1889
3660,13117,1852
3661,13214,1816
3662,13304,1780
3663,13399,1753
3664,13499,1727
3665,13592,1702
3666,13702,1680
3667,13817,1659
3668,13918,1644
3669,14039,1627
3670,14166,1611
3671,14278,1598
3672,14418,1584
3673,14552,1573
3674,14678,1562
3675,14824,1551
3676,14966,1542
3677,15096,1534
3678,15256,1526
3679,15420,1520
3680,15573,1512
3681,15716,1505
3682,15897,1498
3683,16045,1493
3684,16199,1489
3685,16371,1484
3686,16518,1478
3687,16664,1473
3688,16841,1468
3689,16993,1464
3690,17135,1460
3691,17291,1457
3692,17430,1454
3693,17577,1450
3694,17737,1447
3695,17875,1444
3696,18032,1441
3697,18187,1438
3698,18331,1435
3699,18488,1433
3700,18036,2861
3701,17025,2858
3702,16262,2855
3703,15642,2853
3704,15068,2851
3705,14559,2849
3706,14159,2847
3707,13773,2846
3708,13439,2844
3709,13162,2841
3710,12932,2839
3711,12732,2838
3712,12556,2837
3713,12404,2835
3714,12267,2834
3715,12145,2833
3716,12034,2831
3717,11930,2830
3718,11842,2829
3719,11770,2828
3720,11718,2826
3721,11668,2825
3722,11602,2823
3723,11555,2822
3724,11527,2821
3725,11481,2820
3726,11439,2819
3727,11403,2818
3728,11370,2816
3729,11351,2815
3730,11339,2814
3731,11308,2813
3732,11309,2811
3733,11301,2809
3734,11268,2808
3735,11277,2806
3736,11283,2804
3737,11267,2802
3738,11278,2800
3739,11271,2799
3740,11258,2798
3741,11252,2795
3742,11264,2794
3743,11259,2791
3744,11262,2788
3745,11284,2785
3746,11273,2781
3747,11270,2778
3748,11283,2771
3749,11291,2765
3750,11292,2684
3751,11304,2651
3752,11320,2609
3753,11338,2558
3754,11350,2505
3755,11385,2443
3756,11402,2384
3757,11427,2320
3758,11476,2258
3759,11507,2199
3760,11541,2144
3761,11597,2087
3762,11650,2038
3763,11712,1996
3764,11790,1959
3765,11858,1925
3766,11942,1894
3767,12046,1865
3768,12128,1838
3769,12217,1817
3770,12320,1798
3771,12420,1778
3772,12527,1762
3773,12647,1747
3774,12754,1733
3775,12867,1719
3776,12998,1708
3777,13121,1695
3778,13258,1683
3779,13391,1671
3780,13520,1660
3781,13655,1650
3782,13800,1641
3783,13946,1633
3784,14095,1626
3785,14244,1620
3786,14386,1614
3787,14536,1609
3788,14686,1604
3789,14828,1598
3790,14970,1593
3791,15118,1587
3792,15282,1582
3793,15430,1577
3794,15592,1572
3795,15733,1566
3796,15884,1560
3797,16031,1556
3798,16187,1552
3799,16356,1547
3800,15912,3086
3801,14823,3081
3802,13992,3077
3803,13279,3073
3804,12642,3068
3805,12086,3065
3806,11612,3061
3807,11204,3058
3808,10841,3053
3809,10542,3050
3810,10302,3046
3811,10106,3042
3812,9924,3038
3813,9775,3034
3814,9655,3029
3815,9555,3025
3816,9467,3020
3817,9402,3018
3818,9352,3014
3819,9306,3010
3820,9261,3006
3821,9222,3003
3822,9200,2999
3823,9171,2997
3824,9162,2993
3825,9167,2990
3826,9163,2987
3827,9170,2985
3828,9169,2981
3829,9175,2977
3830,9187,2975
3831,9203,2971
3832,9215,2968
3833,9225,2965
3834,9242,2962
3835,9257,2959
3836,9276,2955
3837,9293,2952
3838,9312,2949
3839,9327,2947
3840,9342,2943
3841,9360,2940
3842,9376,2938
3843,9402,2935
3844,9431,2932
3845,9449,2928
3846,9482,2923
3847,9514,2918
3848,9531,2913
3849,9550,2907
3850,9569,2769
3851,9600,2734
3852,9631,2684
3853,9676,2629
3854,9710,2556
3855,9762,2480
3856,9817,2400
3857,9865,2322
3858,9933,2243
3859,10010,2168
3860,10061,2100
3861,10135,2038
3862,10210,1980
3863,10272,1925
3864,10349,1879
3865,10453,1833
3866,10543,1790
3867,10644,1757
3868,10756,1723
3869,10871,1692
3870,10986,1665
3871,11132,1640
3872,11279,1619
3873,11418,1601
3874,11578,1585
3875,11742,1570
3876,11903,1556
3877,12085,1545
3878,12264,1535
3879,12433,1522
3880,12618,1510
3881,12818,1501
3882,13001,1491
3883,13187,1483
3884,13372,1475
3885,13571,1466
3886,13786,1456
3887,14016,1450
3888,14215,1444
3889,14445,1438
3890,14666,1431
3891,14867,1425
3892,15083,1419
3893,15314,1414
3894,15519,1410
3895,15737,1407
3896,15957,1403
3897,16156,1398
3898,16372,1395
3899,16582,1392
3900,16314,2775
3901,15517,2772
3902,14926,2768
3903,14454,2764
3904,14033,2760
3905,13659,2757
3906,13366,2754
3907,13123,2751
3908,12917,2748
3909,12745,2744
3910,12601,2742
3911,12493,2739
3912,12408,2736
3913,12321,2734
3914,12241,2732
3915,12205,2729
3916,12172,2726
3917,12139,2723
3918,12111,2720
3919,12090,2717
3920,12070,2714
3921,12058,2711
3922,12054,2708
3923,12059,2706
3924,12048,2704
3925,12047,2702
3926,12038,2699
3927,12036,2698
3928,12037,2695
3929,12056,2693
3930,12057,2690
3931,12054,2688
3932,12064,2686
3933,12061,2683
3934,12077,2680
3935,12096,2678
3936,12114,2675
3937,12133,2674
3938,12158,2671
3939,12185,2669
3940,12217,2666
3941,12244,2663
3942,12262,2658
3943,12297,2654
3944,12323,2650
3945,12347,2645
3946,12373,2640
3947,12404,2634
3948,12440,2627
3949,12460,2617
3950,12505,2497
3951,12532,2451
3952,12581,2401
3953,12643,2347
3954,12682,2287
3955,12736,2225
3956,12802,2167
3957,12862,2108
3958,12924,2055
3959,12997,2003
3960,13075,1953
3961,13150,1914
3962,13225,1875
3963,13320,1841
3964,13402,1810
3965,13503,1781
3966,13596,1755
3967,13682,1737
3968,13807,1719
3969,13911,1705
3970,14025,1691
3971,14159,1677
3972,14290,1665
3973,14416,1654
3974,14542,1645
3975,14680,1635
3976,14828,1626
3977,14988,1618
3978,15131,1610
3979,15291,1605
3980,15457,1600
3981,15615,1596
3982,15763,1592
3983,15932,1587
3984,16093,1582
3985,16244,1577
3986,16426,1572
3987,16599,1567
3988,16761,1562
3989,16934,1559
3990,17100,1555
3991,17245,1552
3992,17415,1548
3993,17592,1546
3994,17741,1543
3995,17906,1540
3996,18080,1537
3997,18221,1534
3998,18382,1531
3999,18560,1529
4000,18032,3054
4001,16902,3051
4002,16056,3048
4003,15319,3046
4004,14684,3045
4005,14105,3043
4006,13611,3041
4007,13189,3040
4008,12805,3038
4009,12467,3037
4010,12184,3035
4011,11925,3034
4012,11706,3032
4013,11512,3031
4014,11355,3030
4015,11216,3029
4016,11055,3027
4017,10938,3025
4018,10837,3023
4019,10726,3022
4020,10646,3021
4021,10582,3019
4022,10500,3019
4023,10452,3017
4024,10405,3016
4025,10329,3015
4026,10286,3013
4027,10255,3011
4028,10184,3010
4029,10140,3008
4030,10119,3007
4031,10071,3005
4032,10021,3003
4033,10000,3001
4034,9970,2999
4035,9938,2997
4036,9920,2995
4037,9893,2992
4038,9865,2989
4039,9859,2988
4040,9839,2987
4041,9812,2986
4042,9819,2984
4043,9804,2982
4044,9776,2980
4045,9765,2978
4046,9756,2974
4047,9761,2970
4048,9782,2966
4049,9759,2960
4050,9769,2884
4051,9787,2852
4052,9791,2810
4053,9815,2763
4054,9845,2702
4055,9860,2639
4056,9900,2574
4057,9944,2502
4058,9973,2429
4059,10018,2361
4060,10067,2295
4061,10124,2237
4062,10170,2185
4063,10243,2130
4064,10318,2081
4065,10394,2036
4066,10455,1997
4067,10541,1960
4068,10641,1928
4069,10734,1900
4070,10837,1874
4071,10945,1851
4072,11068,1829
4073,11169,1811
4074,11302,1793
4075,11422,1775
4076,11542,1758
4077,11678,1743
4078,11829,1731
4079,11966,1721
4080,12107,1708
4081,12272,1698
4082,12416,1689
4083,12574,1678
4084,12761,1669
4085,12927,1662
4086,13106,1654
4087,13314,1645
4088,13477,1638
4089,13653,1632
4090,13845,1625
4091,14013,1618
4092,14178,1610
4093,14374,1604
4094,14541,1598
4095,14704,1593
4096,14909,1588
4097,15082,1582
4098,15245,1577
4099,15430,1571
4100,15085,3136
4101,14092,3131
4102,13309,3127
4103,12657,3123
4104,12077,3119
4105,11554,3116
4106,11113,3112
4107,10737,3107
4108,10429,3105
4109,10172,3102
4110,9941,3099
4111,9757,3095
4112,9609,3092
4113,9466,3089
4114,9347,3085
4115,9257,3083
4116,9163,3081
4117,9098,3077
4118,9059,3075
4119,9011,3072
4120,8979,3069
4121,8972,3066
4122,8944,3064
4123,8934,3061
4124,8937,3060
4125,8938,3057
4126,8945,3054
4127,8954,3051
4128,8953,3049
4129,8969,3046
4130,8971,3045
4131,8979,3041
4132,9001,3039
4133,9000,3036
4134,9016,3033
4135,9033,3029
4136,9045,3027
4137,9068,3025
4138,9083,3022
4139,9087,3020
4140,9103,3017
4141,9112,3013
4142,9127,3008
4143,9141,3004
4144,9155,2999
4145,9170,2994
4146,9177,2987
4147,9197,2981
4148,9219,2972
4149,9224,2961
4150,9252,2806
4151,9273,2761
4152,9301,2712
4153,9344,2652
4154,9388,2575
4155,9437,2495
4156,9482,2415
4157,9537,2332
4158,9613,2251
4159,9676,2176
4160,9745,2106
4161,9836,2046
4162,9916,1985
4163,9995,1925
4164,10093,1873
4165,10190,1830
4166,10294,1789
4167,10399,1750
4168,10511,1712
4169,10621,1681
4170,10738,1650
4171,10865,1619
4172,11002,1597
4173,11120,1574
4174,11263,1555
4175,11413,1539
4176,11567,1521
4177,11714,1506
4178,11870,1493
4179,12059,1483
4180,12231,1473
4181,12406,1463
4182,12582,1453
4183,12782,1443
4184,12958,1435
4185,13138,1426
4186,13341,1417
4187,13537,1409
4188,13734,1400
4189,13949,1393
4190,14141,1384
4191,14350,1376
4192,14555,1370
4193,14756,1364
4194,14974,1358
4195,15193,1350
4196,15404,1342
4197,15611,1337
4198,15826,1332
4199,16027,1328
4200,15761,2647
4201,15024,2641
4202,14464,2638
4203,14025,2633
4204,13650,2628
4205,13322,2625
4206,13057,2621
4207,12861,2617
4208,12684,2613
4209,12546,2611
4210,12446,2608
4211,12364,2605
4212,12309,2601
4213,12248,2598
4214,12216,2595
4215,12198,2592
4216,12171,2589
4217,12180,2587
4218,12201,2584
4219,12199,2582
4220,12213,2579
4221,12233,2577
4222,12258,2575
4223,12272,2572
4224,12276,2570
4225,12298,2569
4226,12308,2567
4227,12318,2564
4228,12335,2562
4229,12356,2560
4230,12359,2557
4231,12372,2554
4232,12389,2551
4233,12409,2549
4234,12432,2545
4235,12443,2542
4236,12470,2539
4237,12500,2537
4238,12509,2534
4239,12529,2531
4240,12545,2527
4241,12565,2523
4242,12580,2520
4243,12587,2517
4244,12600,2513
4245,12622,2510
4246,12650,2505
4247,12661,2500
4248,12691,2493
4249,12712,2483
4250,12736,2361
4251,12783,2324
4252,12815,2278
4253,12849,2225
4254,12897,2174
4255,12950,2122
4256,13005,2068
4257,13075,2016
4258,13124,1969
4259,13182,1922
4260,13263,1878
4261,13357,1844
4262,13428,1808
4263,13514,1779
4264,13608,1756
4265,13686,1730
4266,13794,1709
4267,13915,1687
4268,14040,1669
4269,14154,1652
4270,14277,1637
4271,14398,1623
4272,14537,1612
4273,14651,1602
4274,14776,1591
4275,14920,1579
4276,15055,1568
4277,15183,1558
4278,15323,1550
4279,15477,1542
4280,15611,1535
4281,15769,1528
4282,15907,1522
4283,16052,1516
4284,16211,1510
4285,16363,1505
4286,16497,1499
4287,16663,1494
4288,16822,1487
4289,16959,1482
4290,17118,1477
4291,17274,1473
4292,17424,1468
4293,17590,1464
4294,17738,1461
4295,17877,1458
4296,18023,1455
4297,18152,1451
4298,18286,1447
4299,18427,1444
4300,17950,2880
4301,16904,2878
4302,16114,2874
4303,15435,2870
4304,14817,2868
4305,14291,2864
4306,13848,2861
4307,13415,2857
4308,13083,2854
4309,12797,2852
4310,12519,2848
4311,12295,2845
4312,12105,2842
4313,11922,2841
4314,11780,2839
4315,11649,2837
4316,11520,2836
4317,11429,2834
4318,11334,2832
4319,11261,2832
4320,11193,2830
4321,11131,2829
4322,11077,2827
4323,11025,2826
4324,10972,2825
4325,10941,2823
4326,10898,2821
4327,10867,2820
4328,10840,2818
4329,10812,2817
4330,10775,2815
4331,10758,2814
4332,10756,2813
4333,10726,2812
4334,10720,2811
4335,10713,2809
4336,10688,2808
4337,10679,2806
4338,10687,2805
4339,10674,2803
4340,10686,2802
4341,10698,2801
4342,10689,2799
4343,10702,2796
4344,10718,2795
4345,10728,2793
4346,10735,2790
4347,10739,2786
4348,10748,2782
4349,10776,2776
4350,10790,2700
4351,10799,2670
4352,10837,2632
4353,10845,2584
4354,10871,2528
4355,10916,2465
4356,10954,2398
4357,10976,2329
4358,11034,2270
4359,11075,2208
4360,11117,2152
4361,11195,2102
4362,11251,2053
4363,11311,2006
4364,11400,1966
4365,11488,1927
4366,11562,1891
4367,11659,1862
4368,11751,1835
4369,11845,1808
4370,11971,1783
4371,12074,1760
4372,12168,1740
4373,12306,1721
4374,12407,1701
4375,12521,1683
4376,12649,1667
4377,12779,1652
4378,12922,1637
4379,13056,1624
4380,13190,1611
4381,13332,1599
4382,13503,1588
4383,13644,1578
4384,13804,1570
4385,13981,1563
4386,14145,1553
4387,14287,1546
4388,14464,1538
4389,14637,1528
4390,14801,1521
4391,14969,1514
4392,15129,1508
4393,15296,1501
4394,15474,1496
4395,15645,1491
4396,15825,1485
4397,16009,1480
4398,16172,1474
4399,16339,1470
4400,15945,2930
4401,14954,2925
4402,14166,2921
4403,13503,2917
4404,12924,2913
4405,12419,2910
4406,11991,2906
4407,11631,2902
4408,11316,2897
4409,11052,2895
4410,10828,2892
4411,10648,2889
4412,10501,2887
4413,10372,2885
4414,10252,2882
4415,10160,2880
4416,10079,2877
4417,10023,2875
4418,9986,2873
4419,9954,2870
4420,9934,2868
4421,9925,2866
4422,9911,2864
4423,9891,2863
4424,9894,2862
4425,9896,2859
4426,9895,2857
4427,9904,2855
4428,9906,2853
4429,9915,2851
4430,9935,2850
4431,9950,2848
4432,9955,2847
4433,9974,2845
4434,9993,2844
4435,10000,2843
4436,10022,2842
4437,10038,2839
4438,10031,2838
4439,10041,2836
4440,10057,2834
4441,10057,2833
4442,10075,2831
4443,10087,2828
4444,10084,2826
4445,10089,2823
4446,10107,2819
4447,10119,2815
4448,10122,2810
4449,10139,2803
4450,10163,2708
4451,10168,2674
4452,10204,2628
4453,10229,2572
4454,10242,2508
4455,10274,2446
4456,10313,2375
4457,10350,2302
4458,10394,2225
4459,10447,2150
4460,10484,2084
4461,10547,2029
4462,10618,1969
4463,10676,1921
4464,10735,1870
4465,10811,1827
4466,10881,1786
4467,10966,1748
4468,11078,1716
4469,11152,1686
4470,11241,1662
4471,11353,1639
4472,11442,1620
4473,11545,1599
4474,11660,1581
4475,11765,1563
4476,11870,1547
4477,11987,1534
4478,12125,1516
4479,12251,1500
4480,12391,1485
4481,12547,1472
4482,12696,1459
4483,12865,1447
4484,13028,1437
4485,13198,1427
4486,13361,1418
4487,13523,1411
4488,13692,1401
4489,13885,1394
4490,14061,1387
4491,14244,1381
4492,14450,1375
4493,14645,1370
4494,14824,1365
4495,15031,1359
4496,15234,1354
4497,15440,1350
4498,15662,1345
4499,15882,1340
4500,15611,2674
4501,14851,2670
4502,14302,2666
4503,13822,2662
4504,13419,2658
4505,13064,2654
4506,12764,2650
4507,12545,2647
4508,12366,2643
4509,12203,2640
4510,12074,2636
4511,11970,2634
4512,11889,2632
4513,11830,2629
4514,11784,2627
4515,11744,2625
4516,11726,2622
4517,11725,2620
4518,11726,2617
4519,11733,2614
4520,11744,2610
4521,11744,2606
4522,11770,2604
4523,11800,2601
4524,11786,2599
4525,11812,2596
4526,11827,2595
4527,11839,2592
4528,11866,2589
4529,11899,2587
4530,11903,2585
4531,11932,2582
4532,11967,2579
4533,11981,2576
4534,12010,2573
4535,12052,2571
4536,12073,2568
4537,12119,2565
4538,12163,2561
4539,12192,2558
4540,12217,2555
4541,12260,2551
4542,12300,2547
4543,12335,2544
4544,12367,2541
4545,12391,2537
4546,12431,2532
4547,12469,2526
4548,12487,2519
4549,12518,2511
4550,12559,2393
4551,12605,2361
4552,12644,2326
4553,12700,2286
4554,12748,2241
4555,12802,2191
4556,12873,2142
4557,12930,2093
4558,12998,2046
4559,13072,2000
4560,13144,1958
4561,13227,1918
4562,13318,1887
4563,13405,1854
4564,13507,1826
4565,13624,1801
4566,13720,1776
4567,13838,1753
4568,13955,1735
4569,14068,1720
4570,14208,1704
4571,14312,1692
4572,14417,1680
4573,14556,1669
4574,14685,1658
4575,14809,1649
4576,14959,1637
4577,15108,1629
4578,15241,1620
4579,15386,1613
4580,15544,1606
4581,15683,1599
4582,15828,1593
4583,15981,1587
4584,16144,1580
4585,16300,1574
4586,16448,1568
4587,16603,1563
4588,16776,1557
4589,16962,1551
4590,17114,1545
4591,17274,1540
4592,17454,1536
4593,17602,1531
4594,17743,1526
4595,17891,1523
4596,18032,1519
4597,18184,1515
4598,18324,1512
4599,18452,1509
4600,17936,3016
4601,16847,3014
4602,16036,3011
4603,15320,3009
4604,14695,3007
4605,14117,3005
4606,13630,3003
4607,13200,3000
4608,12817,2999
4609,12512,2997
4610,12228,2995
4611,11964,2993
4612,11743,2991
4613,11537,2990
4614,11353,2988
4615,11198,2986
4616,11060,2984
4617,10905,2982
4618,10796,2980
4619,10691,2978
4620,10575,2976
4621,10485,2975
4622,10421,2972
4623,10330,2971
4624,10256,2970
4625,10207,2968
4626,10135,2966
4627,10086,2965
4628,10056,2964
4629,10001,2963
4630,9970,2961
4631,9956,2960
4632,9913,2959
4633,9895,2957
4634,9888,2956
4635,9846,2954
4636,9847,2952
4637,9843,2950
4638,9806,2948
4639,9804,2946
4640,9811,2943
4641,9794,2941
4642,9799,2939
4643,9810,2936
4644,9793,2934
4645,9794,2930
4646,9807,2927
4647,9803,2923
4648,9800,2918
4649,9813,2910
4650,9803,2827
4651,9798,2797
4652,9823,2762
4653,9832,2713
4654,9842,2657
4655,9885,2595
4656,9899,2531
4657,9933,2461
4658,9976,2394
4659,9996,2335
4660,10039,2275
4661,10097,2223
4662,10134,2173
4663,10184,2126
4664,10266,2082
4665,10330,2040
4666,10418,2005
4667,10514,1974
4668,10594,1942
4669,10688,1917
4670,10800,1893
4671,10895,1868
4672,11017,1847
4673,11145,1825
4674,11244,1808
4675,11382,1793
4676,11534,1775
4677,11660,1759
4678,11810,1746
4679,11979,1733
4680,12121,1719
4681,12271,1704
4682,12460,1693
4683,12626,1681
4684,12764,1670
4685,12965,1661
4686,13138,1653
4687,13321,1643
4688,13535,1635
4689,13726,1627
4690,13898,1620
4691,14090,1612
4692,14289,1605
4693,14458,1599
4694,14658,1593
4695,14851,1585
4696,15027,1580
4697,15247,1574
4698,15469,1569
4699,15645,1564
4700,15343,3118
4701,14375,3112
4702,13607,3107
4703,12999,3103
4704,12449,3098
4705,11968,3093
4706,11567,3087
4707,11238,3083
4708,10948,3079
4709,10722,3074
4710,10551,3070
4711,10393,3067
4712,10265,3064
4713,10148,3061
4714,10054,3058
4715,9982,3054
4716,9934,3052
4717,9872,3048
4718,9837,3045
4719,9813,3041
4720,9776,3038
4721,9754,3033
4722,9742,3029
4723,9715,3025
4724,9711,3022
4725,9708,3019
4726,9693,3015
4727,9684,3013
4728,9688,3010
4729,9673,3006
4730,9674,3003
4731,9671,2999
4732,9663,2996
4733,9672,2992
4734,9669,2989
4735,9666,2985
4736,9682,2981
4737,9687,2978
4738,9677,2974
4739,9700,2971
4740,9697,2967
4741,9702,2964
4742,9715,2960
4743,9723,2955
4744,9724,2950
4745,9746,2946
4746,9760,2941
4747,9776,2935
4748,9782,2928
4749,9788,2919
4750,9797,2779
4751,9806,2733
4752,9822,2684
4753,9858,2618
4754,9887,2548
4755,9910,2476
4756,9958,2396
4757,10002,2317
4758,10044,2243
4759,10106,2172
4760,10173,2105
4761,10245,2044
4762,10330,1988
4763,10394,1936
4764,10474,1892
4765,10561,1852
4766,10654,1821
4767,10749,1792
4768,10848,1763
4769,10956,1740
4770,11094,1715
4771,11211,1691
4772,11319,1668
4773,11454,1649
4774,11601,1632
4775,11741,1616
4776,11891,1604
4777,12060,1591
4778,12214,1579
4779,12380,1567
4780,12559,1557
4781,12726,1546
4782,12912,1536
4783,13103,1527
4784,13287,1518
4785,13471,1510
4786,13669,1502
4787,13880,1494
4788,14093,1487
4789,14309,1482
4790,14519,1475
4791,14746,1469
4792,14974,1464
4793,15184,1458
4794,15419,1453
4795,15645,1449
4796,15857,1445
4797,16074,1441
4798,16267,1438
4799,16479,1434
4800,16160,2862
4801,15263,2859
4802,14597,2855
4803,14074,2852
4804,13570,2849
4805,13131,2847
4806,12782,2845
4807,12474,2843
4808,12196,2840
4809,11986,2836
4810,11795,2834
4811,11597,2832
4812,11486,2830
4813,11392,2829
4814,11271,2827
4815,11202,2825
4816,11156,2822
4817,11081,2820
4818,11038,2819
4819,11011,2817
4820,10953,2815
4821,10915,2812
4822,10896,2811
4823,10869,2809
4824,10849,2807
4825,10848,2805
4826,10836,2802
4827,10826,2799
4828,10836,2796
4829,10823,2793
4830,10812,2790
4831,10827,2788
4832,10820,2785
4833,10820,2783
4834,10829,2781
4835,10832,2778
4836,10841,2776
4837,10857,2774
4838,10864,2772
4839,10862,2770
4840,10891,2768
4841,10901,2766
4842,10906,2764
4843,10927,2761
4844,10951,2758
4845,10949,2753
4846,10962,2749
4847,10964,2744
4848,10973,2738
4849,10991,2731
4850,10997,2630
4851,11007,2599
4852,11038,2559
4853,11062,2512
4854,11091,2455
4855,11129,2397
4856,11178,2334
4857,11228,2280
4858,11278,2219
4859,11336,2163
4860,11414,2116
4861,11473,2074
4862,11530,2035
4863,11618,2000
4864,11687,1965
4865,11774,1933
4866,11863,1907
4867,11958,1884
4868,12058,1862
4869,12173,1844
4870,12282,1826
4871,12392,1810
4872,12501,1796
4873,12622,1783
4874,12742,1769
4875,12871,1755
4876,13017,1743
4877,13166,1730
4878,13328,1720
4879,13479,1710
4880,13646,1700
4881,13817,1691
4882,13973,1681
4883,14169,1673
4884,14367,1666
4885,14546,1660
4886,14750,1652
4887,14965,1645
4888,15152,1641
4889,15365,1635
4890,15571,1630
4891,15759,1624
4892,15958,1619
4893,16167,1614
4894,16369,1609
4895,16571,1604
4896,16774,1599
4897,16963,1594
4898,17168,1589
4899,17359,1586
4900,16957,3165
4901,15892,3162
4902,15051,3159
4903,14348,3156
4904,13740,3152
4905,13190,3149
4906,12722,3146
4907,12326,3143
4908,11972,3141
4909,11674,3138
4910,11442,3136
4911,11216,3134
4912,11027,3132
4913,10872,3130
4914,10737,3128
4915,10616,3127
4916,10520,3125
4917,10436,3122
4918,10338,3120
4919,10255,3118
4920,10198,3115
4921,10121,3113
4922,10074,3111
4923,10008,3109
4924,9948,3106
4925,9926,3104
4926,9870,3103
4927,9823,3101
4928,9787,3099
4929,9737,3097
4930,9699,3095
4931,9679,3092
4932,9642,3091
4933,9596,3090
4934,9567,3088
4935,9546,3086
4936,9505,3084
4937,9486,3083
4938,9467,3080
4939,9436,3078
4940,9427,3075
4941,9403,3072
4942,9360,3069
4943,9344,3065
4944,9341,3062
4945,9319,3058
4946,9309,3054
4947,9310,3048
4948,9282,3040
4949,9271,3032
4950,9277,2928
4951,9254,2885
4952,9255,2831
4953,9263,2770
4954,9276,2705
4955,9288,2628
4956,9310,2543
4957,9338,2461
4958,9368,2376
4959,9408,2303
4960,9451,2234
4961,9502,2173
4962,9569,2109
4963,9631,2055
4964,9702,2008
4965,9777,1966
4966,9853,1934
4967,9956,1899
4968,10071,1870
4969,10149,1839
4970,10271,1818
4971,10393,1797
4972,10499,1774
4973,10636,1758
4974,10781,1737
4975,10914,1722
4976,11061,1707
4977,11237,1690
4978,11396,1677
4979,11572,1665
4980,11755,1652
4981,11927,1640
4982,12117,1630
4983,12318,1617
4984,12498,1609
4985,12700,1599
4986,12903,1590
4987,13127,1581
4988,13350,1575
4989,13564,1567
4990,13779,1560
4991,14004,1552
4992,14225,1547
4993,14461,1541
4994,14687,1534
4995,14930,1528
4996,15173,1524
4997,15405,1518
4998,15629,1512
4999,15870,1508
5000,15552,3006
5001,14642,3002
5002,13942,2998
5003,13367,2993
5004,12860,2988
5005,12390,2984
5006,11996,2980
5007,11672,2976
5008,11378,2973
5009,11158,2970
5010,10958,2967
5011,10799,2962
5012,10663,2958
5013,10544,2955
5014,10437,2951
5015,10357,2948
5016,10290,2945
5017,10243,2942
5018,10188,2938
5019,10139,2935
5020,10118,2932
5021,10085,2929
5022,10043,2927
5023,10022,2924
5024,10011,2921
5025,9996,2918
5026,9981,2916
5027,9974,2914
5028,9969,2911
5029,9953,2909
5030,9946,2906
5031,9938,2904
5032,9930,2901
5033,9946,2899
5034,9946,2897
5035,9942,2893
5036,9951,2890
5037,9956,2888
5038,9944,2884
5039,9968,2880
5040,9968,2877
5041,9961,2873
5042,9975,2869
5043,9977,2866
5044,9958,2863
5045,9978,2859
5046,9998,2854
5047,10004,2848
5048,10028,2843
5049,10033,2836
5050,10049,2717
5051,10092,2682
5052,10098,2639
5053,10119,2589
5054,10172,2536
5055,10197,2472
5056,10227,2408
5057,10282,2343
5058,10316,2282
5059,10368,2223
5060,10431,2171
5061,10504,2123
5062,10569,2079
5063,10667,2038
5064,10773,1997
5065,10861,1962
5066,10964,1931
5067,11075,1904
5068,11165,1877
5069,11269,1854
5070,11383,1829
5071,11489,1808
5072,11611,1789
5073,11751,1770
5074,11873,1753
5075,12034,1735
5076,12181,1721
5077,12327,1706
5078,12498,1694
5079,12652,1682
5080,12814,1670
5081,12991,1660
5082,13178,1650
5083,13371,1641
5084,13557,1632
5085,13748,1622
5086,13954,1615
5087,14172,1606
5088,14354,1601
5089,14551,1592
5090,14757,1585
5091,14962,1577
5092,15156,1571
5093,15364,1562
5094,15579,1556
5095,15787,1551
5096,15993,1545
5097,16208,1540
5098,16401,1534
5099,16614,1528
5100,16274,3047
5101,15333,3043
5102,14627,3039
5103,14048,3034
5104,13541,3030
5105,13093,3026
5106,12724,3022
5107,12395,3019
5108,12133,3015
5109,11896,3012
5110,11696,3009
5111,11533,3006
5112,11409,3003
5113,11265,3000
5114,11163,2997
5115,11077,2995
5116,10990,2993
5117,10904,2990
5118,10843,2987
5119,10777,2983
5120,10729,2979
5121,10680,2976
5122,10641,2974
5123,10611,2971
5124,10580,2968
5125,10544,2964
5126,10506,2962
5127,10478,2959
5128,10465,2955
5129,10445,2952
5130,10429,2948
5131,10402,2945
5132,10395,2942
5133,10384,2938
5134,10387,2934
5135,10374,2932
5136,10377,2929
5137,10388,2927
5138,10401,2923
5139,10411,2920
5140,10410,2917
5141,10426,2913
5142,10442,2908
5143,10461,2903
5144,10470,2899
5145,10496,2894
5146,10517,2888
5147,10536,2883
5148,10551,2876
5149,10574,2868
5150,10604,2734
5151,10624,2694
5152,10644,2644
5153,10682,2589
5154,10714,2530
5155,10737,2469
5156,10809,2407
5157,10866,2351
5158,10918,2296
5159,10998,2242
5160,11077,2192
5161,11145,2147
5162,11234,2109
5163,11336,2070
5164,11418,2036
5165,11520,2007
5166,11650,1980
5167,11742,1954
5168,11870,1929
5169,12006,1911
5170,12128,1894
5171,12264,1878
5172,12401,1865
5173,12522,1851
5174,12664,1837
5175,12825,1826
5176,12968,1814
5177,13136,1804
5178,13317,1793
5179,13491,1785
5180,13646,1777
5181,13837,1767
5182,13999,1759
5183,14181,1751
5184,14378,1744
5185,14558,1737
5186,14746,1732
5187,14938,1725
5188,15120,1719
5189,15323,1712
5190,15531,1706
5191,15707,1701
5192,15924,1695
5193,16116,1691
5194,16298,1689
5195,16503,1685
5196,16700,1681
5197,16873,1679
5198,17071,1676
5199,17251,1673
5200,16767,3341
5201,15593,3338
5202,14678,3336
5203,13877,3334
5204,13181,3332
5205,12522,3330
5206,11992,3328
5207,11544,3326
5208,11134,3325
5209,10790,3324
5210,10504,3322
5211,10230,3320
5212,10002,3319
5213,9801,3317
5214,9630,3315
5215,9479,3314
5216,9361,3312
5217,9243,3310
5218,9149,3308
5219,9068,3306
5220,8975,3305
5221,8907,3303
5222,8838,3301
5223,8765,3300
5224,8698,3299
5225,8646,3297
5226,8588,3295
5227,8524,3293
5228,8485,3292
5229,8432,3290
5230,8390,3288
5231,8362,3286
5232,8328,3283
5233,8285,3281
5234,8269,3279
5235,8239,3276
5236,8198,3275
5237,8186,3272
5238,8165,3269
5239,8148,3266
5240,8137,3264
5241,8125,3260
5242,8095,3258
5243,8078,3255
5244,8074,3251
5245,8065,3248
5246,8046,3241
5247,8045,3233
5248,8009,3227
5249,8001,3217
5250,7993,3109
5251,7982,3064
5252,7984,3009
5253,8003,2939
5254,8007,2864
5255,8020,2777
5256,8066,2689
5257,8090,2602
5258,8123,2516
5259,8172,2434
5260,8206,2360
5261,8251,2286
5262,8328,2220
5263,8378,2166
5264,8456,2113
5265,8560,2069
5266,8622,2027
5267,8716,1991
5268,8847,1958
5269,8939,1926
5270,9063,1895
5271,9208,1866
5272,9340,1839
5273,9477,1813
5274,9641,1790
5275,9787,1770
5276,9946,1751
5277,10115,1733
5278,10270,1715
5279,10462,1699
5280,10644,1683
5281,10807,1666
5282,11015,1651
5283,11203,1639
5284,11387,1628
5285,11595,1615
5286,11803,1604
5287,12008,1592
5288,12231,1579
5289,12459,1568
5290,12680,1557
5291,12908,1548
5292,13131,1539
5293,13354,1530
5294,13583,1521
5295,13821,1515
5296,14056,1508
5297,14286,1500
5298,14519,1492
5299,14732,1486
5300,14505,2958
5301,13714,2952
5302,13114,2946
5303,12639,2941
5304,12215,2935
5305,11836,2930
5306,11539,2925
5307,11286,2920
5308,11065,2915
5309,10909,2909
5310,10782,2905
5311,10661,2900
5312,10601,2896
5313,10570,2893
5314,10504,2888
5315,10480,2884
5316,10475,2879
5317,10449,2876
5318,10466,2871
5319,10477,2867
5320,10468,2863
5321,10493,2859
5322,10526,2855
5323,10549,2851
5324,10585,2848
5325,10639,2844
5326,10667,2839
5327,10703,2836
5328,10738,2832
5329,10751,2828
5330,10781,2824
5331,10803,2820
5332,10821,2815
5333,10844,2812
5334,10857,2808
5335,10877,2804
5336,10899,2799
5337,10916,2796
5338,10931,2791
5339,10947,2788
5340,10961,2784
5341,10992,2780
5342,11004,2776
5343,11019,2770
5344,11034,2765
5345,11063,2758
5346,11076,2753
5347,11100,2746
5348,11138,2738
5349,11164,2728
5350,11177,2571
5351,11234,2527
5352,11279,2478
5353,11318,2425
5354,11381,2366
5355,11447,2304
5356,11497,2243
5357,11569,2183
5358,11641,2123
5359,11715,2064
5360,11811,2015
5361,11879,1968
5362,11967,1927
5363,12069,1889
5364,12161,1854
5365,12255,1823
5366,12376,1792
5367,12499,1767
5368,12611,1744
5369,12739,1724
5370,12863,1705
5371,12978,1686
5372,13119,1668
5373,13250,1650
5374,13374,1635
5375,13521,1623
5376,13677,1610
5377,13811,1598
5378,13970,1585
5379,14151,1575
5380,14281,1565
5381,14445,1556
5382,14626,1546
5383,14764,1538
5384,14936,1530
5385,15117,1522
5386,15300,1513
5387,15500,1506
5388,15661,1498
5389,15838,1493
5390,16040,1487
5391,16233,1482
5392,16423,1478
5393,16611,1474
5394,16807,1469
5395,16978,1466
5396,17166,1462
5397,17356,1457
5398,17527,1454
5399,17705,1451
5400,17287,2893
5401,16327,2889
5402,15628,2885
5403,15077,2881
5404,14536,2876
5405,14059,2872
5406,13693,2868
5407,13329,2866
5408,13031,2863
5409,12814,2860
5410,12584,2859
5411,12396,2857
5412,12246,2854
5413,12098,2852
5414,11962,2848
5415,11878,2846
5416,11777,2844
5417,11682,2841
5418,11625,2838
5419,11550,2836
5420,11479,2834
5421,11433,2831
5422,11383,2829
5423,11335,2828
5424,11288,2826
5425,11253,2823
5426,11206,2821
5427,11161,2820
5428,11132,2818
5429,11092,2815
5430,11075,2813
5431,11043,2812
5432,11030,2809
5433,10992,2806
5434,10989,2804
5435,10979,2801
5436,10945,2798
5437,10928,2795
5438,10928,2792
5439,10915,2789
5440,10889,2786
5441,10894,2782
5442,10870,2780
5443,10854,2776
5444,10864,2774
5445,10851,2770
5446,10851,2766
5447,10862,2761
5448,10862,2756
5449,10859,2749
5450,10873,2647
5451,10881,2613
5452,10908,2579
5453,10934,2537
5454,10960,2494
5455,10990,2441
5456,11040,2392
5457,11077,2344
5458,11123,2293
5459,11193,2250
5460,11264,2207
5461,11322,2171
5462,11398,2131
5463,11483,2099
5464,11554,2073
5465,11647,2048
5466,11740,2024
5467,11807,2001
5468,11911,1981
5469,12030,1962
5470,12143,1946
5471,12249,1931
5472,12375,1918
5473,12498,1904
5474,12625,1891
5475,12759,1878
5476,12884,1865
5477,13004,1854
5478,13159,1843
5479,13300,1831
5480,13448,1820
5481,13600,1809
5482,13767,1800
5483,13918,1792
5484,14072,1784
5485,14245,1776
5486,14423,1767
5487,14608,1759
5488,14792,1751
5489,14983,1744
5490,15162,1736
5491,15366,1728
5492,15555,1721
5493,15740,1716
5494,15926,1710
5495,16122,1704
5496,16308,1698
5497,16506,1692
5498,16709,1688
5499,16889,1682
5500,16460,3357
5501,15341,3353
5502,14442,3350
5503,13690,3346
5504,12991,3342
5505,12408,3338
5506,11887,3334
5507,11426,3331
5508,11051,3328
5509,10726,3325
5510,10429,3322
5511,10198,3319
5512,9996,3316
5513,9821,3314
5514,9670,3312
5515,9521,3310
5516,9407,3308
5517,9311,3306
5518,9213,3304
5519,9129,3302
5520,9046,3300
5521,8964,3298
5522,8898,3296
5523,8842,3295
5524,8779,3293
5525,8729,3290
5526,8674,3287
5527,8619,3284
5528,8579,3282
5529,8535,3279
5530,8503,3277
5531,8470,3273
5532,8437,3271
5533,8424,3267
5534,8407,3265
5535,8378,3262
5536,8371,3259
5537,8355,3256
5538,8315,3253
5539,8320,3249
5540,8306,3247
5541,8283,3243
5542,8275,3239
5543,8278,3236
5544,8272,3232
5545,8273,3229
5546,8282,3224
5547,8261,3219
5548,8275,3211
5549,8299,3202
5550,8296,3091
5551,8304,3051
5552,8345,3006
5553,8369,2946
5554,8398,2873
5555,8440,2793
5556,8460,2705
5557,8513,2623
5558,8572,2536
5559,8613,2448
5560,8692,2369
5561,8766,2295
5562,8807,2228
5563,8924,2166
5564,9029,2114
5565,9103,2066
5566,9210,2022
5567,9338,1982
5568,9407,1950
5569,9521,1920
5570,9649,1888
5571,9747,1857
5572,9895,1831
5573,10032,1809
5574,10148,1789
5575,10305,1768
5576,10451,1749
5577,10583,1729
5578,10733,1711
5579,10902,1695
5580,11058,1678
5581,11223,1661
5582,11402,1650
5583,11581,1636
5584,11757,1621
5585,11968,1611
5586,12145,1598
5587,12339,1586
5588,12569,1576
5589,12763,1565
5590,12971,1556
5591,13193,1546
5592,13387,1537
5593,13588,1530
5594,13832,1522
5595,14038,1515
5596,14235,1507
5597,14474,1500
5598,14673,1492
5599,14875,1486
5600,14599,2958
5601,13734,2954
5602,13059,2949
5603,12553,2946
5604,12072,2942
5605,11644,2937
5606,11327,2932
5607,11028,2927
5608,10796,2924
5609,10609,2919
5610,10435,2915
5611,10300,2912
5612,10202,2909
5613,10128,2905
5614,10078,2900
5615,10042,2897
5616,10017,2893
5617,9991,2890
5618,9984,2886
5619,9985,2883
5620,9998,2880
5621,9982,2877
5622,9999,2874
5623,10016,2871
5624,10034,2866
5625,10042,2862
5626,10074,2860
5627,10094,2855
5628,10123,2849
5629,10150,2846
5630,10162,2842
5631,10193,2838
5632,10233,2834
5633,10252,2830
5634,10274,2826
5635,10311,2822
5636,10335,2818
5637,10361,2814
5638,10403,2811
5639,10431,2805
5640,10466,2801
5641,10504,2796
5642,10529,2792
5643,10552,2787
5644,10574,2781
5645,10594,2777
5646,10621,2772
5647,10653,2766
5648,10679,2759
5649,10686,2750
5650,10709,2604
5651,10730,2564
5652,10754,2509
5653,10793,2455
5654,10848,2395
5655,10895,2329
5656,10963,2259
5657,11010,2191
5658,11053,2125
5659,11118,2064
5660,11203,2005
5661,11269,1952
5662,11350,1900
5663,11427,1857
5664,11501,1814
5665,11596,1778
5666,11689,1747
5667,11770,1719
5668,11864,1692
5669,11981,1669
5670,12073,1650
5671,12166,1632
5672,12294,1613
5673,12396,1598
5674,12508,1580
5675,12650,1566
5676,12774,1551
5677,12892,1539
5678,13049,1526
5679,13183,1514
5680,13332,1504
5681,13493,1494
5682,13650,1484
5683,13796,1473
5684,13981,1464
5685,14156,1455
5686,14314,1446
5687,14490,1438
5688,14656,1429
5689,14817,1421
5690,15001,1412
5691,15156,1406
5692,15325,1397
5693,15533,1390
5694,15700,1383
5695,15871,1376
5696,16053,1368
5697,16214,1362
5698,16395,1357
5699,16576,1352
5700,16235,2694
5701,15441,2688
5702,14869,2681
5703,14394,2676
5704,13987,2671
5705,13647,2667
5706,13372,2663
5707,13115,2658
5708,12914,2655
5709,12767,2652
5710,12637,2649
5711,12513,2644
5712,12433,2641
5713,12363,2638
5714,12278,2635
5715,12235,2631
5716,12203,2627
5717,12166,2622
5718,12141,2618
5719,12126,2615
5720,12118,2612
5721,12117,2609
5722,12109,2606
5723,12087,2603
5724,12083,2599
5725,12087,2597
5726,12084,2594
5727,12098,2590
5728,12099,2586
5729,12113,2584
5730,12130,2581
5731,12147,2578
5732,12157,2576
5733,12173,2573
5734,12197,2571
5735,12215,2568
5736,12238,2564
5737,12263,2562
5738,12274,2560
5739,12300,2556
5740,12323,2552
5741,12335,2548
5742,12374,2545
5743,12399,2542
5744,12410,2538
5745,12438,2534
5746,12465,2528
5747,12484,2523
5748,12517,2517
5749,12529,2509
5750,12564,2390
5751,12611,2360
5752,12639,2326
5753,12684,2286
5754,12724,2241
5755,12758,2194
5756,12825,2148
5757,12898,2099
5758,12957,2055
5759,13058,2012
5760,13133,1973
5761,13191,1938
5762,13274,1908
5763,13359,1883
5764,13430,1857
5765,13540,1836
5766,13654,1819
5767,13746,1806
5768,13869,1790
5769,13997,1777
5770,14101,1766
5771,14231,1755
5772,14356,1742
5773,14487,1735
5774,14621,1726
5775,14773,1719
5776,14893,1710
5777,15039,1701
5778,15194,1693
5779,15326,1687
5780,15479,1681
5781,15651,1675
5782,15804,1669
5783,15974,1663
5784,16145,1657
5785,16269,1652
5786,16441,1647
5787,16627,1643
5788,16762,1638
5789,16933,1634
5790,17103,1630
5791,17246,1627
5792,17401,1623
5793,17582,1620
5794,17710,1616
5795,17870,1613
5796,18047,1609
5797,18187,1607
5798,18346,1605
5799,18511,1603
5800,17963,3201
5801,16792,3200
5802,15888,3199
5803,15105,3196
5804,14426,3194
5805,13816,3192
5806,13270,3191
5807,12800,3189
5808,12375,3188
5809,12015,3187
5810,11689,3185
5811,11387,3183
5812,11126,3182
5813,10906,3180
5814,10699,3178
5815,10527,3177
5816,10372,3175
5817,10217,3173
5818,10092,3170
5819,9994,3168
5820,9891,3165
5821,9796,3163
5822,9713,3160
5823,9638,3159
5824,9551,3158
5825,9475,3156
5826,9414,3154
5827,9337,3153
5828,9280,3151
5829,9232,3149
5830,9161,3148
5831,9123,3146
5832,9086,3144
5833,9018,3142
5834,8974,3140
5835,8963,3138
5836,8907,3136
5837,8866,3135
5838,8844,3133
5839,8809,3131
5840,8787,3128
5841,8773,3126
5842,8738,3123
5843,8721,3121
5844,8720,3119
5845,8685,3115
5846,8677,3111
5847,8670,3108
5848,8649,3102
5849,8631,3095
5850,8619,3009
5851,8609,2974
5852,8591,2935
5853,8605,2882
5854,8611,2827
5855,8607,2757
5856,8635,2683
5857,8660,2604
5858,8681,2526
5859,8719,2449
5860,8750,2375
5861,8782,2306
5862,8842,2240
5863,8895,2182
5864,8946,2124
5865,9021,2073
5866,9066,2028
5867,9129,1985
5868,9227,1948
5869,9307,1914
5870,9381,1881
5871,9487,1856
5872,9592,1828
5873,9680,1803
5874,9805,1779
5875,9925,1758
5876,10039,1736
5877,10159,1718
5878,10306,1698
5879,10447,1681
5880,10599,1667
5881,10764,1652
5882,10920,1639
5883,11088,1626
5884,11248,1611
5885,11411,1601
5886,11591,1590
5887,11748,1580
5888,11914,1570
5889,12126,1560
5890,12309,1552
5891,12496,1542
5892,12706,1533
5893,12863,1524
5894,13050,1516
5895,13276,1509
5896,13458,1502
5897,13640,1495
5898,13869,1488
5899,14040,1482
5900,13821,2952
5901,13072,2947
5902,12485,2940
5903,12032,2934
5904,11653,2929
5905,11302,2924
5906,11055,2919
5907,10860,2915
5908,10664,2909
5909,10530,2903
5910,10435,2898
5911,10330,2894
5912,10265,2889
5913,10256,2885
5914,10207,2881
5915,10204,2876
5916,10210,2873
5917,10215,2867
5918,10234,2862
5919,10250,2856
5920,10256,2852
5921,10271,2848
5922,10313,2843
5923,10330,2840
5924,10368,2835
5925,10401,2830
5926,10412,2826
5927,10437,2823
5928,10480,2819
5929,10491,2816
5930,10519,2811
5931,10574,2808
5932,10600,2803
5933,10621,2798
5934,10655,2793
5935,10693,2789
5936,10725,2785
5937,10778,2781
5938,10788,2777
5939,10820,2772
5940,10865,2768
5941,10885,2764
5942,10918,2757
5943,10965,2751
5944,10982,2744
5945,11031,2735
5946,11074,2727
5947,11108,2717
5948,11153,2705
5949,11191,2692
5950,11228,2503
5951,11279,2446
5952,11332,2389
5953,11396,2324
5954,11459,2256
5955,11537,2181
5956,11606,2110
5957,11702,2039
5958,11793,1978
5959,11897,1924
5960,11987,1868
5961,12109,1821
5962,12228,1780
5963,12350,1746
5964,12489,1716
5965,12610,1689
5966,12746,1666
5967,12906,1645
5968,13037,1628
5969,13185,1609
5970,13326,1594
5971,13481,1580
5972,13635,1568
5973,13784,1556
5974,13938,1545
5975,14111,1535
5976,14257,1525
5977,14422,1516
5978,14591,1508
5979,14741,1500
5980,14907,1494
5981,15069,1489
5982,15244,1483
5983,15431,1477
5984,15602,1474
5985,15777,1469
5986,15962,1464
5987,16152,1458
5988,16312,1454
5989,16509,1450
5990,16709,1446
5991,16879,1444
5992,17066,1442
5993,17268,1438
5994,17441,1436
5995,17610,1433
5996,17789,1430
5997,17950,1427
5998,18113,1425
5999,18281,1422
6000,17831,2839
6001,16888,2837
6002,16181,2834
6003,15588,2832
6004,15056,2829
6005,14592,2827
6006,14192,2826
6007,13845,2824
6008,13517,2822
6009,13239,2820
6010,12995,2818
6011,12806,2816
6012,12625,2815
6013,12455,2813
6014,12325,2810
6015,12195,2809
6016,12077,2807
6017,11972,2805
6018,11875,2802
6019,11780,2800
6020,11712,2798
6021,11636,2797
6022,11565,2795
6023,11523,2793
6024,11471,2792
6025,11423,2790
6026,11422,2788
6027,11384,2787
6028,11347,2786
6029,11333,2785
6030,11306,2783
6031,11305,2781
6032,11308,2780
6033,11276,2778
6034,11282,2776
6035,11281,2774
6036,11274,2771
6037,11294,2769
6038,11299,2764
6039,11292,2761
6040,11316,2758
6041,11325,2756
6042,11315,2754
6043,11343,2751
6044,11351,2747
6045,11346,2744
6046,11368,2739
6047,11366,2734
6048,11364,2729
6049,11393,2722
6050,11399,2631
6051,11396,2601
6052,11438,2564
6053,11443,2522
6054,11449,2472
6055,11489,2422
6056,11525,2365
6057,11559,2306
6058,11623,2252
6059,11670,2199
6060,11725,2148
6061,11805,2103
6062,11849,2060
6063,11939,2024
6064,12025,1994
6065,12077,1965
6066,12167,1939
6067,12261,1915
6068,12334,1892
6069,12452,1872
6070,12570,1854
6071,12656,1835
6072,12785,1822
6073,12913,1808
6074,13039,1797
6075,13163,1785
6076,13289,1777
6077,13427,1767
6078,13579,1758
6079,13736,1749
6080,13890,1739
6081,14029,1731
6082,14204,1723
6083,14363,1716
6084,14519,1708
6085,14679,1702
6086,14849,1697
6087,15007,1691
6088,15190,1686
6089,15339,1681
6090,15504,1675
6091,15673,1672
6092,15830,1668
6093,15982,1663
6094,16153,1661
6095,16315,1657
6096,16472,1652
6097,16644,1648
6098,16803,1645
6099,16965,1642
6100,16516,3278
6101,15402,3275
6102,14542,3272
6103,13847,3269
6104,13199,3265
6105,12646,3262
6106,12192,3261
6107,11749,3258
6108,11401,3255
6109,11124,3252
6110,10853,3249
6111,10630,3247
6112,10447,3244
6113,10270,3242
6114,10136,3239
6115,10023,3236
6116,9908,3234
6117,9825,3232
6118,9749,3230
6119,9657,3227
6120,9596,3225
6121,9555,3223
6122,9460,3220
6123,9416,3217
6124,9387,3213
6125,9342,3210
6126,9301,3206
6127,9285,3204
6128,9251,3201
6129,9228,3198
6130,9209,3196
6131,9180,3194
6132,9157,3191
6133,9148,3188
6134,9123,3185
6135,9107,3181
6136,9093,3178
6137,9066,3175
6138,9063,3172
6139,9066,3168
6140,9035,3165
6141,9019,3162
6142,9015,3156
6143,8986,3153
6144,8972,3148
6145,8959,3142
6146,8946,3135
6147,8938,3129
6148,8914,3122
6149,8898,3111
6150,8902,2966
6151,8885,2920
6152,8887,2858
6153,8911,2788
6154,8905,2712
6155,8923,2633
6156,8954,2547
6157,8976,2461
6158,9025,2382
6159,9071,2306
6160,9113,2236
6161,9163,2172
6162,9246,2112
6163,9296,2063
6164,9366,2019
6165,9458,1978
6166,9536,1944
6167,9623,1913
6168,9748,1882
6169,9849,1852
6170,9972,1826
6171,10098,1802
6172,10230,1780
6173,10368,1762
6174,10513,1745
6175,10654,1727
6176,10804,1709
6177,10965,1695
6178,11123,1679
6179,11302,1664
6180,11476,1651
6181,11648,1638
6182,11837,1625
6183,12019,1613
6184,12203,1603
6185,12405,1593
6186,12608,1582
6187,12795,1573
6188,13001,1565
6189,13202,1557
6190,13394,1550
6191,13597,1542
6192,13824,1534
6193,14023,1526
6194,14231,1520
6195,14449,1513
6196,14657,1506
6197,14871,1499
6198,15090,1494
6199,15297,1488
6200,15029,2967
6201,14219,2962
6202,13613,2956
6203,13102,2951
6204,12667,2947
6205,12278,2942
6206,11976,2937
6207,11742,2931
6208,11528,2926
6209,11374,2920
6210,11242,2917
6211,11113,2912
6212,11030,2908
6213,10965,2904
6214,10907,2899
6215,10863,2894
6216,10824,2889
6217,10807,2885
6218,10785,2881
6219,10765,2876
6220,10770,2871
6221,10766,2866
6222,10767,2861
6223,10773,2857
6224,10789,2854
6225,10807,2851
6226,10811,2849
6227,10833,2845
6228,10842,2840
6229,10864,2836
6230,10898,2833
6231,10933,2830
6232,10948,2827
6233,10985,2824
6234,11014,2819
6235,11034,2814
6236,11080,2812
6237,11106,2808
6238,11131,2804
6239,11167,2799
6240,11188,2794
6241,11217,2789
6242,11259,2784
6243,11294,2778
6244,11320,2772
6245,11343,2766
6246,11374,2760
6247,11392,2754
6248,11408,2745
6249,11443,2734
6250,11475,2577
6251,11516,2531
6252,11550,2479
6253,11588,2418
6254,11631,2349
6255,11679,2276
6256,11752,2208
6257,11830,2142
6258,11894,2077
6259,11986,2021
6260,12073,1968
6261,12161,1917
6262,12265,1873
6263,12367,1836
6264,12484,1799
6265,12599,1767
6266,12705,1739
6267,12830,1713
6268,12971,1690
6269,13109,1672
6270,13251,1656
6271,13404,1639
6272,13555,1626
6273,13719,1613
6274,13878,1603
6275,14046,1593
6276,14212,1584
6277,14379,1577
6278,14549,1570
6279,14740,1563
6280,14934,1557
6281,15121,1551
6282,15318,1545
6283,15502,1539
6284,15691,1533
6285,15881,1528
6286,16063,1523
6287,16258,1518
6288,16455,1514
6289,16635,1510
6290,16837,1506
6291,17037,1503
6292,17216,1499
6293,17399,1495
6294,17578,1493
6295,17758,1490
6296,17961,1487
6297,18143,1485
6298,18308,1482
6299,18476,1480
6300,18036,2956
6301,17005,2954
6302,16254,2952
6303,15624,2950
6304,15027,2948
6305,14493,2946
6306,14053,2945
6307,13651,2943
6308,13325,2940
6309,13033,2938
6310,12779,2936
6311,12549,2934
6312,12374,2933
6313,12197,2932
6314,12060,2931
6315,11939,2929
6316,11802,2927
6317,11711,2925
6318,11622,2922
6319,11512,2921
6320,11439,2919
6321,11366,2917
6322,11287,2915
6323,11230,2913
6324,11174,2911
6325,11122,2910
6326,11077,2909
6327,11051,2906
6328,10995,2904
6329,10965,2902
6330,10942,2901
6331,10908,2900
6332,10879,2897
6333,10865,2895
6334,10826,2893
6335,10816,2891
6336,10820,2889
6337,10795,2887
6338,10770,2885
6339,10773,2882
6340,10750,2879
6341,10754,2877
6342,10770,2874
6343,10763,2871
6344,10775,2868
6345,10795,2864
6346,10785,2861
6347,10814,2856
6348,10831,2852
6349,10835,2846
6350,10850,2754
6351,10858,2724
6352,10888,2688
6353,10920,2647
6354,10960,2594
6355,11010,2538
6356,11060,2472
6357,11098,2408
6358,11156,2348
6359,11219,2289
6360,11278,2231
6361,11351,2182
6362,11422,2138
6363,11520,2094
6364,11610,2059
6365,11696,2025
6366,11803,1993
6367,11906,1967
6368,12012,1943
6369,12128,1921
6370,12249,1903
6371,12385,1885
6372,12509,1867
6373,12639,1851
6374,12768,1837
6375,12922,1825
6376,13062,1814
6377,13216,1803
6378,13384,1795
6379,13530,1786
6380,13691,1780
6381,13859,1772
6382,14028,1766
6383,14178,1760
6384,14344,1755
6385,14531,1749
6386,14710,1746
6387,14895,1741
6388,15099,1736
6389,15287,1732
6390,15483,1729
6391,15665,1724
6392,15863,1720
6393,16070,1716
6394,16255,1712
6395,16434,1709
6396,16635,1707
6397,16835,1703
6398,17022,1701
6399,17204,1698
6400,16769,3389
6401,15572,3386
6402,14602,3382
6403,13824,3380
6404,13090,3378
6405,12418,3377
6406,11867,3375
6407,11397,3373
6408,10968,3371
6409,10611,3369
6410,10293,3367
6411,10004,3366
6412,9777,3363
6413,9577,3361
6414,9383,3359
6415,9225,3357
6416,9103,3356
6417,8991,3354
6418,8873,3352
6419,8760,3351
6420,8668,3350
6421,8577,3348
6422,8498,3347
6423,8435,3345
6424,8378,3344
6425,8314,3343
6426,8270,3342
6427,8219,3340
6428,8180,3339
6429,8140,3337
6430,8097,3336
6431,8062,3335
6432,8017,3333
6433,7995,3332
6434,7980,3330
6435,7953,3327
6436,7917,3325
6437,7898,3323
6438,7870,3320
6439,7852,3318
6440,7840,3316
6441,7804,3314
6442,7804,3311
6443,7804,3307
6444,7787,3304
6445,7777,3300
6446,7783,3294
6447,7779,3287
6448,7783,3283
6449,7782,3272
6450,7766,3173
6451,7788,3125
6452,7797,3066
6453,7806,3003
6454,7830,2924
6455,7856,2833
6456,7877,2734
6457,7918,2641
6458,7970,2547
6459,8012,2458
6460,8067,2376
6461,8135,2296
6462,8200,2228
6463,8270,2158
6464,8357,2098
6465,8439,2048
6466,8509,2003
6467,8607,1958
6468,8736,1919
6469,8832,1880
6470,8954,1848
6471,9092,1817
6472,9205,1790
6473,9349,1766
6474,9508,1743
6475,9640,1722
6476,9804,1704
6477,9971,1684
6478,10141,1664
6479,10317,1648
6480,10488,1631
6481,10666,1615
6482,10885,1602
6483,11072,1588
6484,11262,1575
6485,11500,1562
6486,11709,1551
6487,11938,1542
6488,12202,1530
6489,12416,1520
6490,12653,1509
6491,12913,1499
6492,13144,1490
6493,13367,1482
6494,13641,1475
6495,13879,1468
6496,14127,1459
6497,14399,1451
6498,14640,1445
6499,14883,1437
6500,14723,2862
6501,13977,2856
6502,13416,2849
6503,13001,2844
6504,12593,2840
6505,12261,2836
6506,12022,2832
6507,11812,2828
6508,11661,2824
6509,11556,2820
6510,11467,2816
6511,11405,2811
6512,11341,2807
6513,11301,2804
6514,11279,2801
6515,11252,2799
6516,11242,2795
6517,11232,2793
6518,11229,2790
6519,11242,2786
6520,11240,2782
6521,11259,2779
6522,11278,2776
6523,11279,2773
6524,11289,2769
6525,11298,2766
6526,11304,2764
6527,11331,2761
6528,11344,2757
6529,11343,2754
6530,11378,2751
6531,11393,2748
6532,11406,2744
6533,11438,2742
6534,11460,2739
6535,11475,2734
6536,11498,2731
6537,11522,2727
6538,11551,2723
6539,11585,2719
6540,11600,2715
6541,11626,2710
6542,11648,2704
6543,11688,2699
6544,11703,2693
6545,11737,2686
6546,11787,2680
6547,11805,2672
6548,11826,2662
6549,11880,2650
6550,11912,2502
6551,11957,2456
6552,12013,2405
6553,12063,2344
6554,12116,2275
6555,12187,2201
6556,12253,2135
6557,12340,2071
6558,12426,2012
6559,12501,1961
6560,12632,1915
6561,12722,1872
6562,12817,1835
6563,12946,1799
6564,13077,1772
6565,13203,1745
6566,13342,1719
6567,13477,1699
6568,13601,1684
6569,13744,1668
6570,13911,1654
6571,14060,1643
6572,14201,1629
6573,14366,1618
6574,14522,1609
6575,14695,1600
6576,14858,1591
6577,15028,1583
6578,15201,1575
6579,15370,1568
6580,15539,1560
6581,15725,1553
6582,15914,1546
6583,16094,1541
6584,16281,1536
6585,16455,1532
6586,16627,1527
6587,16811,1523
6588,16993,1517
6589,17159,1512
6590,17341,1507
6591,17530,1503
6592,17693,1500
6593,17885,1497
6594,18064,1493
6595,18223,1490
6596,18390,1487
6597,18549,1485
6598,18702,1482
6599,18858,1480
6600,18339,2956
6601,17264,2954
6602,16443,2952
6603,15765,2950
6604,15129,2948
6605,14555,2946
6606,14089,2944
6607,13675,2941
6608,13295,2939
6609,12991,2936
6610,12696,2935
6611,12425,2932
6612,12199,2930
6613,12009,2927
6614,11823,2926
6615,11660,2924
6616,11519,2922
6617,11386,2920
6618,11267,2919
6619,11153,2918
6620,11047,2916
6621,10953,2915
6622,10879,2913
6623,10810,2912
6624,10749,2911
6625,10692,2910
6626,10647,2908
6627,10584,2907
6628,10538,2906
6629,10496,2904
6630,10460,2902
6631,10434,2900
6632,10388,2899
6633,10345,2898
6634,10329,2896
6635,10305,2895
6636,10282,2893
6637,10268,2892
6638,10251,2890
6639,10233,2888
6640,10224,2886
6641,10216,2883
6642,10219,2881
6643,10209,2877
6644,10209,2873
6645,10206,2871
6646,10205,2868
6647,10207,2864
6648,10214,2858
6649,10242,2853
6650,10247,2768
6651,10271,2740
6652,10300,2710
6653,10328,2668
6654,10366,2618
6655,10395,2557
6656,10418,2497
6657,10457,2438
6658,10515,2387
6659,10558,2335
6660,10605,2284
6661,10673,2238
6662,10732,2192
6663,10774,2154
6664,10861,2113
6665,10941,2081
6666,10993,2050
6667,11099,2018
6668,11192,1989
6669,11289,1964
6670,11404,1941
6671,11517,1920
6672,11611,1903
6673,11735,1884
6674,11881,1868
6675,11994,1852
6676,12153,1838
6677,12300,1822
6678,12422,1808
6679,12593,1796
6680,12738,1784
6681,12866,1776
6682,13042,1765
6683,13202,1755
6684,13359,1744
6685,13558,1736
6686,13745,1727
6687,13915,1718
6688,14120,1711
6689,14323,1705
6690,14500,1698
6691,14700,1693
6692,14914,1686
6693,15126,1680
6694,15324,1672
6695,15540,1666
6696,15764,1659
6697,15965,1654
6698,16173,1648
6699,16410,1644
6700,16036,3282
6701,15001,3278
6702,14194,3274
6703,13499,3269
6704,12885,3264
6705,12345,3260
6706,11855,3256
6707,11471,3253
6708,11141,3249
6709,10842,3244
6710,10597,3240
6711,10394,3236
6712,10207,3232
6713,10055,3229
6714,9940,3226
6715,9808,3224
6716,9696,3220
6717,9620,3217
6718,9539,3214
6719,9474,3211
6720,9414,3207
6721,9344,3204
6722,9302,3202
6723,9264,3199
6724,9231,3196
6725,9187,3193
6726,9158,3189
6727,9140,3187
6728,9116,3184
6729,9090,3180
6730,9072,3178
6731,9053,3175
6732,9038,3172
6733,9041,3168
6734,8989,3166
6735,8982,3161
6736,8977,3157
6737,8940,3154
6738,8951,3151
6739,8954,3147
6740,8925,3143
6741,8910,3138
6742,8913,3134
6743,8890,3130
6744,8901,3125
6745,8909,3120
6746,8897,3115
6747,8926,3109
6748,8943,3100
6749,8939,3088
6750,8962,2936
6751,8985,2891
6752,8982,2839
6753,9013,2778
6754,9038,2704
6755,9060,2626
6756,9098,2544
6757,9133,2467
6758,9180,2388
6759,9252,2313
6760,9311,2246
6761,9374,2181
6762,9461,2126
6763,9524,2074
6764,9606,2024
6765,9696,1982
6766,9800,1939
6767,9897,1903
6768,10006,1870
6769,10118,1843
6770,10230,1819
6771,10352,1796
6772,10469,1777
6773,10623,1757
6774,10788,1741
6775,10923,1723
6776,11087,1710
6777,11256,1696
6778,11419,1682
6779,11595,1672
6780,11780,1661
6781,11952,1652
6782,12155,1642
6783,12352,1633
6784,12532,1624
6785,12747,1617
6786,12949,1608
6787,13126,1600
6788,13342,1594
6789,13540,1585
6790,13720,1579
6791,13931,1572
6792,14133,1566
6793,14314,1560
6794,14529,1554
6795,14738,1549
6796,14932,1544
6797,15167,1540
6798,15364,1535
6799,15552,1531
6800,15240,3055
6801,14316,3050
6802,13602,3046
6803,13019,3040
6804,12524,3037
6805,12072,3033
6806,11703,3029
6807,11380,3023
6808,11109,3019
6809,10871,3015
6810,10668,3012
6811,10512,3008
6812,10384,3005
6813,10270,3002
6814,10181,2999
6815,10092,2996
6816,10033,2993
6817,9966,2991
6818,9929,2988
6819,9886,2985
6820,9851,2981
6821,9841,2978
6822,9814,2975
6823,9796,2972
6824,9781,2968
6825,9777,2966
6826,9775,2962
6827,9786,2958
6828,9780,2956
6829,9798,2952
6830,9813,2949
6831,9825,2945
6832,9856,2942
6833,9874,2938
6834,9881,2935
6835,9906,2931
6836,9926,2928
6837,9939,2925
6838,9954,2922
6839,9965,2919
6840,9986,2915
6841,10007,2911
6842,10024,2907
6843,10051,2901
6844,10073,2897
6845,10098,2891
6846,10124,2886
6847,10143,2880
6848,10163,2872
6849,10188,2860
6850,10208,2706
6851,10236,2660
6852,10273,2606
6853,10322,2543
6854,10371,2475
6855,10405,2406
6856,10467,2334
6857,10532,2267
6858,10584,2201
6859,10666,2138
6860,10737,2073
6861,10807,2019
6862,10917,1967
6863,11006,1919
6864,11095,1876
6865,11221,1839
6866,11328,1804
6867,11445,1770
6868,11604,1740
6869,11730,1714
6870,11861,1695
6871,12006,1675
6872,12155,1655
6873,12269,1638
6874,12436,1623
6875,12591,1609
6876,12733,1593
6877,12892,1579
6878,13054,1568
6879,13205,1554
6880,13367,1541
6881,13540,1531
6882,13693,1520
6883,13886,1509
6884,14073,1500
6885,14233,1492
6886,14435,1484
6887,14628,1474
6888,14786,1467
6889,14976,1460
6890,15175,1452
6891,15342,1445
6892,15538,1440
6893,15715,1435
6894,15897,1431
6895,16091,1425
6896,16291,1422
6897,16481,1418
6898,16680,1414
6899,16876,1409
6900,16523,2812
6901,15624,2809
6902,14963,2806
6903,14375,2803
6904,13887,2800
6905,13488,2797
6906,13126,2794
6907,12829,2790
6908,12573,2788
6909,12359,2786
6910,12193,2785
6911,12051,2782
6912,11929,2780
6913,11828,2779
6914,11752,2776
6915,11682,2773
6916,11629,2772
6917,11571,2770
6918,11529,2768
6919,11506,2767
6920,11474,2765
6921,11439,2763
6922,11424,2762
6923,11402,2760
6924,11398,2759
6925,11397,2758
6926,11376,2755
6927,11370,2753
6928,11369,2751
6929,11376,2749
6930,11375,2747
6931,11385,2745
6932,11394,2744
6933,11389,2741
6934,11408,2739
6935,11417,2737
6936,11426,2734
6937,11456,2732
6938,11466,2729
6939,11487,2727
6940,11510,2724
6941,11529,2720
6942,11539,2717
6943,11572,2714
6944,11596,2711
6945,11596,2708
6946,11627,2704
6947,11638,2699
6948,11637,2695
6949,11650,2688
6950,11679,2595
6951,11700,2560
6952,11720,2518
6953,11754,2462
6954,11774,2400
6955,11823,2335
6956,11888,2270
6957,11935,2204
6958,11992,2136
6959,12067,2080
6960,12122,2025
6961,12188,1978
6962,12264,1935
6963,12333,1901
6964,12397,1867
6965,12488,1839
6966,12571,1816
6967,12661,1790
6968,12767,1769
6969,12870,1751
6970,12983,1735
6971,13104,1719
6972,13219,1704
6973,13337,1689
6974,13482,1679
6975,13626,1669
6976,13759,1659
6977,13924,1649
6978,14073,1639
6979,14227,1632
6980,14385,1625
6981,14566,1617
6982,14731,1612
6983,14914,1605
6984,15094,1599
6985,15264,1595
6986,15469,1590
6987,15641,1586
6988,15814,1581
6989,16032,1576
6990,16212,1571
6991,16376,1567
6992,16585,1563
6993,16776,1559
6994,16955,1556
6995,17156,1552
6996,17353,1550
6997,17497,1547
6998,17693,1543
6999,17885,1541
7000,17411,3076
7001,16325,3073
7002,15488,3070
7003,14737,3067
7004,14085,3064
7005,13527,3063
7006,13027,3061
7007,12605,3060
7008,12261,3058
7009,11954,3056
7010,11705,3055
7011,11480,3053
7012,11274,3052
7013,11128,3051
7014,10973,3049
7015,10847,3047
7016,10760,3045
7017,10665,3044
7018,10558,3042
7019,10498,3040
7020,10431,3038
7021,10358,3037
7022,10326,3036
7023,10276,3035
7024,10222,3033
7025,10198,3032
7026,10147,3030
7027,10100,3029
7028,10062,3027
7029,10038,3025
7030,9997,3024
7031,9967,3023
7032,9944,3022
7033,9919,3021
7034,9886,3020
7035,9854,3019
7036,9813,3017
7037,9791,3015
7038,9786,3013
7039,9753,3011
7040,9724,3009
7041,9713,3007
7042,9683,3004
7043,9657,3002
7044,9648,3000
7045,9626,2997
7046,9603,2995
7047,9598,2992
7048,9586,2988
7049,9564,2981
7050,9566,2909
7051,9557,2879
7052,9542,2841
7053,9550,2790
7054,9561,2733
7055,9575,2667
7056,9615,2592
7057,9627,2514
7058,9638,2442
7059,9701,2375
7060,9725,2317
7061,9762,2262
7062,9851,2210
7063,9888,2160
7064,9926,2114
7065,10028,2076
7066,10074,2040
7067,10137,2007
7068,10264,1977
7069,10342,1951
7070,10418,1929
7071,10539,1906
7072,10638,1889
7073,10748,1873
7074,10906,1859
7075,11035,1847
7076,11152,1835
7077,11311,1824
7078,11471,1813
7079,11608,1802
7080,11789,1792
7081,11938,1782
7082,12090,1774
7083,12280,1768
7084,12452,1761
7085,12614,1754
7086,12806,1747
7087,12986,1741
7088,13148,1734
7089,13349,1728
7090,13533,1723
7091,13702,1717
7092,13908,1712
7093,14092,1706
7094,14257,1700
7095,14456,1696
7096,14654,1691
7097,14822,1686
7098,15005,1682
7099,15222,1676
7100,14841,3344
7101,13822,3341
7102,13038,3337
7103,12361,3333
7104,11763,3330
7105,11248,3325
7106,10800,3322
7107,10437,3318
7108,10117,3315
7109,9833,3312
7110,9629,3309
7111,9432,3306
7112,9260,3303
7113,9139,3299
7114,9037,3296
7115,8935,3292
7116,8865,3289
7117,8799,3286
7118,8741,3281
7119,8709,3277
7120,8670,3272
7121,8633,3268
7122,8608,3264
7123,8605,3260
7124,8585,3256
7125,8571,3251
7126,8582,3248
7127,8570,3243
7128,8547,3238
7129,8541,3233
7130,8531,3228
7131,8522,3225
7132,8501,3221
7133,8496,3215
7134,8499,3209
7135,8510,3204
7136,8508,3199
7137,8521,3194
7138,8528,3188
7139,8544,3183
7140,8551,3178
7141,8570,3173
7142,8586,3167
7143,8605,3160
7144,8626,3153
7145,8648,3146
7146,8662,3140
7147,8684,3130
7148,8693,3121
7149,8715,3107
7150,8754,2907
7151,8787,2852
7152,8807,2790
7153,8851,2720
7154,8891,2644
7155,8921,2559
7156,8979,2475
7157,9032,2391
7158,9086,2310
7159,9156,2234
7160,9233,2165
7161,9308,2100
7162,9394,2042
7163,9483,1987
7164,9585,1941
7165,9687,1898
7166,9790,1857
7167,9922,1825
7168,10049,1792
7169,10177,1764
7170,10320,1741
7171,10467,1718
7172,10629,1698
7173,10800,1680
7174,10961,1661
7175,11134,1645
7176,11319,1630
7177,11489,1612
7178,11686,1597
7179,11897,1582
7180,12078,1568
7181,12287,1554
7182,12511,1542
7183,12710,1528
7184,12903,1517
7185,13123,1508
7186,13336,1497
7187,13551,1486
7188,13780,1475
7189,13989,1466
7190,14204,1456
7191,14433,1448
7192,14649,1441
7193,14864,1435
7194,15097,1429
7195,15328,1423
7196,15543,1416
7197,15775,1410
7198,15994,1404
7199,16192,1398
7200,15913,2786
7201,15095,2780
7202,14491,2776
7203,14013,2772
7204,13583,2768
7205,13209,2764
7206,12917,2759
7207,12654,2754
7208,12447,2749
7209,12286,2746
7210,12149,2743
7211,12009,2739
7212,11919,2736
7213,11840,2731
7214,11755,2727
7215,11719,2723
7216,11683,2720
7217,11652,2717
7218,11634,2713
7219,11631,2711
7220,11607,2707
7221,11619,2705
7222,11632,2702
7223,11623,2699
7224,11629,2696
7225,11652,2693
7226,11660,2689
7227,11666,2685
7228,11690,2682
7229,11699,2680
7230,11710,2677
7231,11746,2675
7232,11775,2672
7233,11786,2669
7234,11821,2667
7235,11839,2664
7236,11867,2662
7237,11915,2659
7238,11960,2656
7239,11981,2654
7240,12026,2650
7241,12058,2647
7242,12077,2643
7243,12136,2640
7244,12163,2636
7245,12188,2631
7246,12246,2625
7247,12268,2619
7248,12301,2611
7249,12339,2604
7250,12366,2477
7251,12393,2438
7252,12438,2396
7253,12454,2343
7254,12519,2285
7255,12583,2221
7256,12629,2164
7257,12713,2104
7258,12803,2049
7259,12867,1996
7260,12976,1947
7261,13079,1902
7262,13146,1861
7263,13262,1822
7264,13376,1787
7265,13459,1755
7266,13585,1727
7267,13697,1701
7268,13801,1678
7269,13940,1658
7270,14066,1642
7271,14161,1627
7272,14307,1611
7273,14451,1598
7274,14571,1584
7275,14728,1571
7276,14867,1559
7277,14989,1550
7278,15148,1541
7279,15300,1531
7280,15429,1522
7281,15593,1514
7282,15752,1507
7283,15870,1499
7284,16013,1494
7285,16176,1488
7286,16293,1482
7287,16455,1476
7288,16599,1472
7289,16740,1467
7290,16882,1462
7291,17053,1458
7292,17188,1455
7293,17331,1450
7294,17485,1446
7295,17630,1442
7296,17795,1438
7297,17953,1434
7298,18093,1432
7299,18245,1429
7300,17758,2855
7301,16697,2852
7302,15923,2851
7303,15267,2849
7304,14658,2847
7305,14141,2845
7306,13713,2844
7307,13306,2842
7308,12971,2840
7309,12699,2839
7310,12430,2838
7311,12217,2836
7312,12050,2835
7313,11875,2834
7314,11738,2832
7315,11643,2831
7316,11514,2830
7317,11416,2828
7318,11346,2827
7319,11260,2826
7320,11167,2825
7321,11126,2823
7322,11058,2822
7323,11003,2822
7324,10993,2821
7325,10949,2820
7326,10917,2818
7327,10918,2818
7328,10886,2817
7329,10868,2816
7330,10855,2814
7331,10858,2813
7332,10857,2812
7333,10870,2811
7334,10858,2810
7335,10867,2807
7336,10880,2806
7337,10888,2805
7338,10908,2803
7339,10920,2801
7340,10929,2799
7341,10953,2798
7342,10974,2796
7343,10986,2794
7344,11003,2793
7345,11036,2790
7346,11038,2787
7347,11064,2784
7348,11081,2780
7349,11095,2775
7350,11124,2719
7351,11151,2692
7352,11168,2662
7353,11196,2619
7354,11230,2572
7355,11248,2520
7356,11291,2464
7357,11305,2403
7358,11343,2341
7359,11401,2282
7360,11446,2220
7361,11506,2161
7362,11559,2115
7363,11623,2071
7364,11708,2031
7365,11782,1993
7366,11853,1961
7367,11928,1931
7368,12019,1905
7369,12117,1883
7370,12215,1860
7371,12318,1841
7372,12435,1823
7373,12538,1808
7374,12656,1793
7375,12776,1780
7376,12881,1768
7377,13025,1756
7378,13155,1746
7379,13291,1733
7380,13438,1726
7381,13570,1715
7382,13700,1706
7383,13863,1697
7384,14015,1687
7385,14172,1679
7386,14334,1669
7387,14501,1662
7388,14649,1656
7389,14835,1649
7390,14991,1642
7391,15149,1634
7392,15328,1627
7393,15487,1622
7394,15666,1617
7395,15832,1612
7396,15996,1608
7397,16168,1604
7398,16351,1598
7399,16521,1594
7400,16091,3181
7401,15002,3177
7402,14175,3172
7403,13465,3169
7404,12816,3165
7405,12267,3162
7406,11785,3159
7407,11396,3156
7408,11067,3152
7409,10786,3151
7410,10549,3148
7411,10367,3145
7412,10200,3143
7413,10069,3140
7414,9967,3138
7415,9886,3135
7416,9815,3132
7417,9745,3129
7418,9693,3126
7419,9664,3124
7420,9617,3122
7421,9592,3120
7422,9577,3118
7423,9555,3115
7424,9538,3113
7425,9521,3110
7426,9523,3106
7427,9513,3103
7428,9505,3101
7429,9521,3098
7430,9508,3095
7431,9525,3093
7432,9555,3090
7433,9553,3087
7434,9572,3084
7435,9602,3081
7436,9604,3079
7437,9612,3076
7438,9633,3074
7439,9630,3071
7440,9645,3067
7441,9684,3064
7442,9686,3062
7443,9685,3058
7444,9711,3053
7445,9697,3048
7446,9709,3043
7447,9739,3037
7448,9739,3030
7449,9741,3021
7450,9780,2892
7451,9795,2845
7452,9810,2784
7453,9853,2717
7454,9891,2642
7455,9930,2560
7456,9993,2474
7457,10046,2387
7458,10090,2298
7459,10164,2219
7460,10247,2145
7461,10308,2075
7462,10396,2016
7463,10506,1959
7464,10583,1907
7465,10691,1859
7466,10791,1816
7467,10899,1779
7468,11013,1747
7469,11123,1718
7470,11234,1691
7471,11370,1666
7472,11504,1645
7473,11636,1625
7474,11804,1609
7475,11950,1593
7476,12092,1580
7477,12255,1568
7478,12407,1555
7479,12561,1543
7480,12726,1533
7481,12898,1522
7482,13055,1514
7483,13236,1505
7484,13417,1497
7485,13604,1489
7486,13768,1483
7487,13946,1476
7488,14146,1470
7489,14338,1465
7490,14531,1459
7491,14739,1454
7492,14926,1448
7493,15124,1443
7494,15339,1436
7495,15532,1431
7496,15720,1423
7497,15927,1418
7498,16118,1414
7499,16307,1408
7500,15978,2804
7501,15083,2799
7502,14443,2794
7503,13916,2789
7504,13453,2784
7505,13038,2780
7506,12728,2776
7507,12442,2773
7508,12195,2770
7509,11990,2768
7510,11825,2765
7511,11694,2763
7512,11570,2760
7513,11486,2757
7514,11421,2755
7515,11351,2752
7516,11320,2749
7517,11288,2746
7518,11245,2744
7519,11218,2741
7520,11206,2738
7521,11176,2735
7522,11163,2732
7523,11166,2730
7524,11166,2728
7525,11167,2725
7526,11167,2723
7527,11165,2720
7528,11179,2717
7529,11198,2714
7530,11200,2711
7531,11221,2708
7532,11247,2705
7533,11253,2703
7534,11281,2701
7535,11301,2699
7536,11306,2695
7537,11338,2693
7538,11346,2690
7539,11363,2687
7540,11401,2683
7541,11417,2680
7542,11450,2677
7543,11474,2673
7544,11492,2669
7545,11522,2664
7546,11540,2659
7547,11562,2654
7548,11597,2647
7549,11631,2640
7550,11649,2522
7551,11664,2488
7552,11709,2448
7553,11758,2401
7554,11805,2345
7555,11871,2290
7556,11931,2231
7557,11997,2170
7558,12073,2114
7559,12155,2058
7560,12234,2005
7561,12331,1960
7562,12413,1918
7563,12504,1878
7564,12608,1842
7565,12717,1808
7566,12813,1776
7567,12921,1749
7568,13028,1724
7569,13142,1703
7570,13271,1683
7571,13384,1664
7572,13509,1646
7573,13627,1634
7574,13765,1619
7575,13893,1606
7576,14020,1593
7577,14164,1582
7578,14302,1570
7579,14465,1562
7580,14599,1553
7581,14750,1543
7582,14913,1535
7583,15067,1527
7584,15240,1520
7585,15400,1512
7586,15571,1507
7587,15738,1501
7588,15899,1495
7589,16064,1489
7590,16226,1485
7591,16377,1480
7592,16544,1476
7593,16714,1471
7594,16882,1466
7595,17067,1463
7596,17251,1459
7597,17400,1454
7598,17589,1451
7599,17765,1448
7600,17338,2891
7601,16350,2888
7602,15596,2885
7603,14965,2882
7604,14396,2880
7605,13902,2877
7606,13494,2874
7607,13105,2872
7608,12796,2870
7609,12531,2867
7610,12292,2864
7611,12092,2862
7612,11923,2860
7613,11775,2859
7614,11643,2857
7615,11535,2854
7616,11423,2851
7617,11342,2850
7618,11273,2847
7619,11198,2846
7620,11125,2843
7621,11074,2840
7622,11014,2837
7623,10965,2836
7624,10937,2833
7625,10902,2832
7626,10873,2830
7627,10843,2829
7628,10820,2827
7629,10789,2825
7630,10769,2824
7631,10760,2822
7632,10756,2820
7633,10739,2817
7634,10746,2815
7635,10741,2813
7636,10731,2810
7637,10749,2808
7638,10748,2804
7639,10742,2803
7640,10765,2800
7641,10792,2797
7642,10803,2795
7643,10810,2792
7644,10824,2790
7645,10835,2787
7646,10850,2784
7647,10875,2781
7648,10912,2777
7649,10926,2771
7650,10951,2674
7651,10977,2644
7652,11005,2604
7653,11033,2556
7654,11078,2500
7655,11133,2442
7656,11204,2382
7657,11265,2312
7658,11339,2248
7659,11406,2191
7660,11466,2132
7661,11536,2082
7662,11616,2040
7663,11703,2000
7664,11791,1963
7665,11884,1932
7666,11976,1902
7667,12072,1876
7668,12183,1849
7669,12286,1827
7670,12386,1806
7671,12505,1787
7672,12621,1772
7673,12733,1759
7674,12864,1746
7675,13005,1732
7676,13139,1721
7677,13283,1710
7678,13441,1700
7679,13586,1691
7680,13735,1682
7681,13904,1675
7682,14058,1667
7683,14213,1660
7684,14361,1653
7685,14522,1648
7686,14679,1642
7687,14842,1637
7688,15018,1631
7689,15184,1626
7690,15347,1621
7691,15519,1617
7692,15700,1613
7693,15861,1608
7694,16035,1604
7695,16209,1599
7696,16389,1595
7697,16563,1593
7698,16739,1590
7699,16898,1585
7700,16465,3165
7701,15379,3162
7702,14510,3160
7703,13792,3158
7704,13153,3156
7705,12606,3152
7706,12122,3150
7707,11713,3148
7708,11373,3146
7709,11071,3144
7710,10844,3142
7711,10639,3140
7712,10464,3139
7713,10336,3137
7714,10205,3136
7715,10088,3135
7716,10012,3133
7717,9934,3131
7718,9866,3130
7719,9822,3128
7720,9794,3126
7721,9749,3124
7722,9728,3123
7723,9707,3121
7724,9685,3120
7725,9674,3118
7726,9671,3116
7727,9651,3115
7728,9643,3113
7729,9632,3111
7730,9636,3110
7731,9613,3108
7732,9611,3106
7733,9618,3104
7734,9600,3102
7735,9608,3100
7736,9627,3098
7737,9612,3096
7738,9613,3095
7739,9619,3093
7740,9604,3089
7741,9611,3087
7742,9614,3085
7743,9612,3082
7744,9613,3079
7745,9629,3075
7746,9625,3070
7747,9624,3062
7748,9634,3056
7749,9631,3046
7750,9622,2940
7751,9632,2887
7752,9646,2820
7753,9664,2748
7754,9680,2669
7755,9704,2587
7756,9729,2502
7757,9772,2414
7758,9818,2333
7759,9859,2248
7760,9908,2171
7761,9973,2104
7762,10030,2038
7763,10125,1980
7764,10214,1925
7765,10291,1878
7766,10402,1832
7767,10513,1792
7768,10632,1757
7769,10741,1727
7770,10878,1698
7771,10998,1672
7772,11116,1649
7773,11267,1624
7774,11392,1603
7775,11525,1583
7776,11678,1566
7777,11830,1548
7778,11986,1534
7779,12160,1521
7780,12322,1507
7781,12489,1494
7782,12677,1482
7783,12856,1471
7784,13032,1462
7785,13220,1452
7786,13390,1444
7787,13573,1435
7788,13783,1427
7789,13956,1418
7790,14144,1411
7791,14348,1403
7792,14536,1396
7793,14739,1390
7794,14954,1384
7795,15152,1379
7796,15351,1374
7797,15566,1368
7798,15778,1363
7799,15976,1357
7800,15697,2705
7801,14901,2700
7802,14307,2696
7803,13827,2693
7804,13407,2689
7805,13037,2685
7806,12742,2681
7807,12484,2677
7808,12296,2674
7809,12148,2671
7810,12001,2667
7811,11934,2663
7812,11859,2660
7813,11776,2658
7814,11743,2655
7815,11728,2653
7816,11696,2651
7817,11688,2649
7818,11689,2647
7819,11678,2644
7820,11691,2641
7821,11735,2640
7822,11726,2638
7823,11757,2636
7824,11787,2634
7825,11799,2631
7826,11805,2629
7827,11843,2626
7828,11846,2625
7829,11872,2623
7830,11902,2621
7831,11900,2619
7832,11925,2615
7833,11960,2612
7834,11952,2611
7835,11977,2607
7836,12004,2605
7837,12006,2602
7838,12030,2600
7839,12051,2597
7840,12069,2594
7841,12099,2591
7842,12112,2589
7843,12134,2585
7844,12171,2583
7845,12215,2579
7846,12227,2575
7847,12264,2571
7848,12325,2566
7849,12345,2560
7850,12395,2477
7851,12451,2446
7852,12478,2411
7853,12518,2369
7854,12583,2323
7855,12616,2270
7856,12664,2220
7857,12741,2166
7858,12792,2112
7859,12870,2062
7860,12952,2017
7861,13014,1976
7862,13092,1939
7863,13201,1905
7864,13299,1879
7865,13390,1852
7866,13500,1828
7867,13609,1805
7868,13714,1786
7869,13840,1770
7870,13959,1755
7871,14081,1741
7872,14233,1727
7873,14374,1715
7874,14502,1706
7875,14672,1698
7876,14827,1688
7877,14963,1679
7878,15137,1671
7879,15300,1665
7880,15463,1659
7881,15643,1652
7882,15799,1647
7883,15956,1642
7884,16143,1637
7885,16299,1632
7886,16449,1626
7887,16638,1622
7888,16809,1618
7889,16975,1614
7890,17159,1610
7891,17329,1606
7892,17491,1602
7893,17664,1600
7894,17827,1596
7895,18005,1593
7896,18172,1591
7897,18312,1587
7898,18474,1585
7899,18625,1583
7900,18083,3162
7901,16915,3160
7902,16028,3158
7903,15265,3156
7904,14603,3153
7905,13980,3151
7906,13453,3149
7907,12994,3147
7908,12582,3146
7909,12222,3145
7910,11917,3143
7911,11655,3141
7912,11418,3140
7913,11206,3138
7914,11040,3137
7915,10880,3137
7916,10728,3136
7917,10613,3134
7918,10483,3133
7919,10368,3132
7920,10266,3130
7921,10165,3129
7922,10084,3128
7923,10003,3127
7924,9917,3126
7925,9851,3124
7926,9784,3123
7927,9709,3122
7928,9654,3121
7929,9596,3120
7930,9554,3119
7931,9512,3117
7932,9477,3116
7933,9439,3114
7934,9404,3113
7935,9375,3111
7936,9350,3110
7937,9323,3109
7938,9305,3108
7939,9299,3106
7940,9281,3104
7941,9256,3103
7942,9260,3100
7943,9262,3099
7944,9259,3097
7945,9252,3095
7946,9251,3093
7947,9241,3089
7948,9236,3085
7949,9235,3080
7950,9223,3010
7951,9227,2981
7952,9242,2940
7953,9246,2886
7954,9268,2824
7955,9294,2758
7956,9301,2689
7957,9330,2618
7958,9361,2541
7959,9389,2469
7960,9430,2403
7961,9480,2348
7962,9536,2295
7963,9585,2244
7964,9656,2194
7965,9720,2150
7966,9799,2111
7967,9877,2076
7968,9944,2042
7969,10045,2009
7970,10150,1980
7971,10231,1956
7972,10335,1932
7973,10465,1911
7974,10584,1888
7975,10704,1868
7976,10863,1852
7977,11009,1837
7978,11152,1821
7979,11304,1805
7980,11462,1790
7981,11622,1777
7982,11805,1766
7983,11967,1756
7984,12147,1743
7985,12332,1734
7986,12511,1725
7987,12689,1716
7988,12884,1707
7989,13084,1698
7990,13259,1690
7991,13465,1681
7992,13678,1672
7993,13863,1666
7994,14054,1659
7995,14254,1653
7996,14451,1647
7997,14666,1639
7998,14866,1634
7999,15055,1629
8000,14736,3246
8001,13676,3240
8002,12811,3235
8003,12099,3231
8004,11452,3227
8005,10887,3225
8006,10436,3220
8007,10049,3216
8008,9737,3213
8009,9481,3209
8010,9255,3207
8011,9098,3204
8012,8968,3201
8013,8858,3198
8014,8793,3196
8015,8735,3192
8016,8705,3189
8017,8680,3186
8018,8648,3183
8019,8633,3179
8020,8627,3177
8021,8616,3175
8022,8636,3172
8023,8632,3168
8024,8632,3165
8025,8660,3162
8026,8666,3158
8027,8668,3155
8028,8701,3152
8029,8707,3149
8030,8710,3146
8031,8735,3143
8032,8770,3141
8033,8793,3139
8034,8819,3136
8035,8850,3134
8036,8859,3132
8037,8886,3129
8038,8913,3126
8039,8925,3124
8040,8938,3120
8041,8967,3118
8042,8991,3115
8043,8997,3112
8044,9015,3108
8045,9035,3102
8046,9045,3097
8047,9046,3089
8048,9051,3081
8049,9058,3071
8050,9068,2956
8051,9099,2908
8052,9123,2844
8053,9147,2768
8054,9188,2680
8055,9231,2583
8056,9286,2484
8057,9337,2384
8058,9393,2280
8059,9455,2184
8060,9540,2093
8061,9608,2012
8062,9676,1933
8063,9774,1867
8064,9861,1807
8065,9928,1756
8066,10027,1712
8067,10131,1670
8068,10215,1635
8069,10324,1601
8070,10449,1567
8071,10560,1539
8072,10688,1514
8073,10826,1493
8074,10960,1472
8075,11094,1453
8076,11241,1435
8077,11379,1421
8078,11525,1407
8079,11682,1392
8080,11816,1380
8081,11976,1369
8082,12146,1358
8083,12310,1348
8084,12480,1336
8085,12656,1326
8086,12833,1316
8087,13008,1307
8088,13189,1300
8089,13361,1290
8090,13554,1282
8091,13727,1275
8092,13915,1266
8093,14108,1259
8094,14298,1252
8095,14490,1246
8096,14676,1239
8097,14886,1232
8098,15078,1226
8099,15271,1220
8100,15020,2429
8101,14312,2424
8102,13789,2419
8103,13397,2413
8104,13031,2408
8105,12718,2403
8106,12495,2398
8107,12299,2393
8108,12120,2389
8109,12011,2384
8110,11916,2381
8111,11812,2377
8112,11781,2373
8113,11728,2370
8114,11691,2368
8115,11688,2364
8116,11691,2361
8117,11690,2358
8118,11709,2354
8119,11740,2351
8120,11759,2348
8121,11802,2346
8122,11829,2344
8123,11863,2342
8124,11921,2340
8125,11958,2337
8126,11990,2335
8127,12055,2333
8128,12104,2331
8129,12134,2329
8130,12207,2326
8131,12259,2325
8132,12285,2323
8133,12354,2320
8134,12415,2318
8135,12440,2317
8136,12506,2315
8137,12571,2313
8138,12606,2309
8139,12670,2308
8140,12739,2305
8141,12779,2302
8142,12821,2301
8143,12883,2298
8144,12941,2296
8145,12995,2293
8146,13060,2289
8147,13101,2285
8148,13143,2281
8149,13201,2276
8150,13243,2174
8151,13304,2151
8152,13370,2125
8153,13420,2090
8154,13477,2047
8155,13565,2004
8156,13618,1963
8157,13688,1918
8158,13784,1878
8159,13848,1841
8160,13925,1806
8161,14041,1773
8162,14113,1742
8163,14200,1715
8164,14314,1690
8165,14410,1666
8166,14516,1648
8167,14635,1630
8168,14747,1614
8169,14852,1600
8170,14973,1588
8171,15099,1574
8172,15238,1562
8173,15362,1554
8174,15499,1545
8175,15645,1536
8176,15778,1527
8177,15916,1518
8178,16057,1512
8179,16195,1505
8180,16326,1498
8181,16477,1494
8182,16618,1490
8183,16755,1485
8184,16895,1482
8185,17055,1477
8186,17206,1472
8187,17356,1469
8188,17513,1465
8189,17652,1463
8190,17780,1460
8191,17924,1456
8192,18057,1454
8193,18188,1450
8194,18337,1448
8195,18465,1445
8196,18591,1442
8197,18726,1439
8198,18837,1436
8199,18948,1434
8200,18428,2863
8201,17301,2862
8202,16429,2860
8203,15716,2859
8204,15049,2857
8205,14439,2855
8206,13934,2855
8207,13467,2853
8208,13087,2851
8209,12761,2849
8210,12457,2848
8211,12204,2847
8212,11983,2845
8213,11773,2844
8214,11607,2843
8215,11452,2842
8216,11317,2841
8217,11200,2840
8218,11088,2840
8219,10978,2839
8220,10909,2838
8221,10843,2838
8222,10762,2837
8223,10711,2836
8224,10662,2836
8225,10600,2835
8226,10578,2834
8227,10547,2833
8228,10513,2833
8229,10490,2832
8230,10483,2831
8231,10444,2830
8232,10420,2829
8233,10424,2828
8234,10411,2827
8235,10393,2826
8236,10403,2826
8237,10399,2824
8238,10385,2823
8239,10396,2823
8240,10397,2822
8241,10398,2822
8242,10416,2821
8243,10413,2819
8244,10422,2817
8245,10447,2815
8246,10451,2814
8247,10461,2812
8248,10476,2809
8249,10488,2802
8250,10495,2751
8251,10520,2723
8252,10534,2684
8253,10556,2644
8254,10573,2590
8255,10585,2528
8256,10619,2466
8257,10632,2391
8258,10670,2319
8259,10716,2255
8260,10760,2191
8261,10781,2135
8262,10837,2082
8263,10906,2038
8264,10966,1994
8265,11023,1953
8266,11096,1918
8267,11167,1882
8268,11231,1852
8269,11311,1823
8270,11386,1794
8271,11473,1768
8272,11578,1745
8273,11670,1724
8274,11775,1704
8275,11896,1684
8276,12021,1663
8277,12146,1644
8278,12268,1627
8279,12398,1612
8280,12548,1597
8281,12688,1582
8282,12831,1569
8283,13003,1555
8284,13145,1542
8285,13298,1532
8286,13481,1521
8287,13642,1510
8288,13811,1499
8289,13997,1489
8290,14172,1480
8291,14357,1470
8292,14542,1462
8293,14740,1454
8294,14934,1446
8295,15127,1438
8296,15324,1430
8297,15521,1423
8298,15717,1417
8299,15910,1410
8300,15611,2811
8301,14762,2806
8302,14110,2802
8303,13562,2796
8304,13063,2791
8305,12648,2786
8306,12303,2782
8307,11993,2778
8308,11765,2774
8309,11599,2771
8310,11432,2767
8311,11306,2764
8312,11215,2760
8313,11118,2757
8314,11064,2754
8315,11031,2751
8316,10987,2749
8317,10963,2745
8318,10949,2744
8319,10937,2741
8320,10931,2739
8321,10946,2737
8322,10946,2735
8323,10952,2733
8324,10999,2730
8325,11010,2727
8326,11011,2725
8327,11058,2722
8328,11076,2719
8329,11104,2717
8330,11137,2714
8331,11149,2711
8332,11162,2709
8333,11209,2707
8334,11222,2703
8335,11233,2701
8336,11264,2698
8337,11285,2695
8338,11323,2692
8339,11362,2690
8340,11390,2687
8341,11431,2684
8342,11468,2681
8343,11494,2677
8344,11531,2675
8345,11568,2672
8346,11596,2668
8347,11626,2661
8348,11675,2655
8349,11698,2646
8350,11752,2534
8351,11790,2501
8352,11825,2459
8353,11895,2406
8354,11934,2347
8355,11974,2281
8356,12057,2212
8357,12129,2143
8358,12170,2075
8359,12262,2015
8360,12356,1958
8361,12424,1906
8362,12513,1860
8363,12606,1818
8364,12686,1782
8365,12791,1751
8366,12903,1718
8367,13005,1691
8368,13114,1666
8369,13236,1646
8370,13350,1628
8371,13485,1611
8372,13630,1594
8373,13762,1581
8374,13912,1567
8375,14069,1554
8376,14229,1543
8377,14385,1532
8378,14572,1524
8379,14732,1517
8380,14914,1510
8381,15100,1501
8382,15277,1493
8383,15454,1488
8384,15647,1482
8385,15825,1478
8386,16009,1471
8387,16209,1468
8388,16389,1464
8389,16580,1460
8390,16782,1456
8391,16958,1453
8392,17147,1451
8393,17346,1447
8394,17537,1444
8395,17714,1441
8396,17895,1439
8397,18067,1437
8398,18237,1435
8399,18426,1433
8400,17949,2862
8401,16914,2861
8402,16151,2859
8403,15504,2858
8404,14917,2856
8405,14427,2854
8406,13990,2852
8407,13613,2850
8408,13297,2848
8409,13024,2847
8410,12762,2845
8411,12549,2844
8412,12373,2842
8413,12208,2841
8414,12056,2839
8415,11947,2837
8416,11841,2836
8417,11734,2835
8418,11662,2834
8419,11573,2833
8420,11515,2832
8421,11446,2831
8422,11400,2829
8423,11344,2828
8424,11295,2827
8425,11278,2826
8426,11239,2825
8427,11196,2824
8428,11183,2823
8429,11169,2822
8430,11137,2821
8431,11137,2819
8432,11130,2817
8433,11113,2815
8434,11113,2814
8435,11109,2812
8436,11089,2811
8437,11097,2810
8438,11092,2808
8439,11080,2806
8440,11078,2804
8441,11088,2801
8442,11070,2799
8443,11073,2797
8444,11091,2795
8445,11090,2793
8446,11078,2790
8447,11116,2786
8448,11130,2781
8449,11126,2775
8450,11167,2701
8451,11187,2669
8452,11197,2634
8453,11219,2592
8454,11250,2543
8455,11278,2488
8456,11304,2427
8457,11341,2368
8458,11392,2313
8459,11429,2263
8460,11467,2212
8461,11523,2169
8462,11569,2128
8463,11619,2094
8464,11684,2059
8465,11753,2032
8466,11808,2003
8467,11897,1976
8468,11989,1953
8469,12073,1932
8470,12155,1915
8471,12250,1897
8472,12339,1881
8473,12436,1867
8474,12558,1852
8475,12663,1840
8476,12778,1830
8477,12915,1818
8478,13046,1807
8479,13179,1797
8480,13349,1788
8481,13499,1780
8482,13643,1772
8483,13808,1764
8484,13978,1757
8485,14138,1750
8486,14302,1742
8487,14475,1736
8488,14632,1730
8489,14802,1724
8490,14980,1717
8491,15150,1711
8492,15323,1707
8493,15510,1702
8494,15677,1697
8495,15864,1693
8496,16064,1689
8497,16252,1686
8498,16453,1681
8499,16640,1677
8500,16211,3349
8501,15073,3346
8502,14171,3345
8503,13364,3342
8504,12685,3340
8505,12075,3337
8506,11564,3336
8507,11132,3334
8508,10758,3330
8509,10438,3328
8510,10181,3326
8511,9955,3324
8512,9735,3322
8513,9578,3320
8514,9429,3319
8515,9302,3318
8516,9206,3316
8517,9097,3314
8518,9004,3312
8519,8939,3311
8520,8877,3308
8521,8816,3306
8522,8792,3303
8523,8769,3300
8524,8707,3298
8525,8670,3295
8526,8656,3293
8527,8607,3291
8528,8579,3288
8529,8570,3286
8530,8526,3284
8531,8500,3282
8532,8492,3279
8533,8461,3275
8534,8432,3273
8535,8425,3271
8536,8411,3268
8537,8400,3266
8538,8379,3263
8539,8359,3261
8540,8337,3258
8541,8316,3255
8542,8308,3252
8543,8309,3248
8544,8304,3244
8545,8290,3239
8546,8292,3234
8547,8308,3229
8548,8291,3222
8549,8295,3213
8550,8308,3093
8551,8308,3047
8552,8321,2985
8553,8328,2911
8554,8338,2830
8555,8344,2736
8556,8370,2641
8557,8395,2545
8558,8426,2445
8559,8464,2357
8560,8507,2269
8561,8553,2191
8562,8614,2118
8563,8679,2052
8564,8760,1995
8565,8827,1942
8566,8906,1893
8567,9014,1850
8568,9102,1812
8569,9212,1776
8570,9331,1743
8571,9444,1712
8572,9561,1686
8573,9705,1658
8574,9826,1632
8575,9970,1612
8576,10130,1592
8577,10277,1572
8578,10434,1555
8579,10599,1539
8580,10758,1525
8581,10940,1510
8582,11109,1498
8583,11287,1484
8584,11493,1474
8585,11666,1465
8586,11862,1456
8587,12083,1447
8588,12274,1437
8589,12487,1429
8590,12711,1422
8591,12927,1415
8592,13154,1409
8593,13400,1402
8594,13621,1397
8595,13841,1390
8596,14081,1384
8597,14301,1378
8598,14524,1372
8599,14766,1368
8600,14540,2728
8601,13774,2724
8602,13210,2719
8603,12763,2715
8604,12362,2711
8605,12029,2707
8606,11751,2704
8607,11533,2701
8608,11374,2698
8609,11249,2695
8610,11147,2692
8611,11062,2689
8612,11006,2686
8613,10981,2683
8614,10950,2680
8615,10918,2678
8616,10950,2676
8617,10971,2673
8618,10985,2670
8619,11044,2668
8620,11080,2665
8621,11100,2664
8622,11162,2661
8623,11221,2659
8624,11239,2656
8625,11290,2654
8626,11344,2652
8627,11369,2649
8628,11416,2647
8629,11466,2645
8630,11487,2643
8631,11531,2640
8632,11582,2637
8633,11618,2635
8634,11657,2632
8635,11695,2630
8636,11728,2627
8637,11752,2625
8638,11775,2622
8639,11814,2619
8640,11838,2616
8641,11863,2613
8642,11899,2609
8643,11934,2606
8644,11964,2603
8645,11982,2598
8646,11995,2592
8647,12016,2587
8648,12022,2581
8649,12028,2573
8650,12048,2458
8651,12066,2416
8652,12077,2368
8653,12111,2316
8654,12132,2259
8655,12165,2199
8656,12218,2137
8657,12263,2077
8658,12295,2025
8659,12364,1977
8660,12435,1927
8661,12488,1885
8662,12573,1848
8663,12667,1815
8664,12733,1786
8665,12826,1760
8666,12942,1736
8667,13022,1718
8668,13140,1700
8669,13258,1682
8670,13371,1666
8671,13512,1650
8672,13644,1638
8673,13754,1623
8674,13895,1612
8675,14051,1601
8676,14191,1590
8677,14354,1580
8678,14518,1570
8679,14674,1561
8680,14845,1554
8681,15022,1545
8682,15175,1538
8683,15355,1532
8684,15532,1525
8685,15682,1519
8686,15875,1513
8687,16042,1506
8688,16218,1501
8689,16416,1497
8690,16602,1492
8691,16780,1488
8692,16981,1485
8693,17175,1481
8694,17366,1477
8695,17564,1473
8696,17735,1471
8697,17910,1468
8698,18095,1465
8699,18265,1463
8700,17859,2917
8701,16913,2914
8702,16162,2912
8703,15531,2908
8704,14999,2906
8705,14497,2902
8706,14074,2900
8707,13704,2897
8708,13372,2894
8709,13091,2890
8710,12862,2887
8711,12639,2884
8712,12456,2882
8713,12289,2879
8714,12147,2876
8715,12021,2873
8716,11901,2871
8717,11801,2869
8718,11706,2867
8719,11617,2864
8720,11533,2860
8721,11453,2858
8722,11370,2856
8723,11324,2853
8724,11260,2852
8725,11193,2850
8726,11163,2848
8727,11121,2845
8728,11092,2843
8729,11059,2842
8730,11044,2840
8731,11010,2838
8732,10983,2837
8733,10971,2835
8734,10963,2834
8735,10959,2833
8736,10949,2832
8737,10934,2831
8738,10924,2829
8739,10915,2828
8740,10911,2825
8741,10909,2823
8742,10915,2820
8743,10921,2818
8744,10927,2815
8745,10941,2812
8746,10963,2809
8747,10979,2806
8748,10990,2801
8749,11013,2795
8750,11042,2710
8751,11064,2682
8752,11099,2648
8753,11129,2607
8754,11174,2558
8755,11222,2513
8756,11257,2465
8757,11320,2411
8758,11370,2352
8759,11428,2300
8760,11494,2248
8761,11561,2203
8762,11624,2165
8763,11702,2126
8764,11781,2090
8765,11857,2059
8766,11939,2025
8767,12036,1999
8768,12144,1974
8769,12263,1952
8770,12369,1933
8771,12480,1915
8772,12602,1899
8773,12731,1881
8774,12848,1865
8775,12970,1852
8776,13120,1840
8777,13244,1827
8778,13401,1816
8779,13554,1805
8780,13684,1796
8781,13847,1787
8782,13998,1778
8783,14139,1768
8784,14275,1761
8785,14440,1753
8786,14588,1747
8787,14725,1740
8788,14897,1734
8789,15035,1728
8790,15168,1723
8791,15336,1717
8792,15489,1712
8793,15614,1707
8794,15780,1701
8795,15902,1697
8796,16040,1693
8797,16206,1689
8798,16342,1684
8799,16460,1681
8800,15955,3357
8801,14711,3353
8802,13732,3351
8803,12927,3348
8804,12151,3345
8805,11472,3342
8806,10919,3340
8807,10418,3336
8808,9976,3333
8809,9622,3331
8810,9286,3329
8811,9010,3326
8812,8797,3325
8813,8582,3323
8814,8399,3321
8815,8260,3318
8816,8121,3315
8817,7995,3314
8818,7890,3312
8819,7787,3310
8820,7713,3309
8821,7653,3306
8822,7586,3305
8823,7527,3303
8824,7480,3301
8825,7435,3299
8826,7397,3297
8827,7364,3295
8828,7330,3293
8829,7307,3291
8830,7296,3289
8831,7272,3288
8832,7273,3286
8833,7276,3284
8834,7268,3282
8835,7264,3279
8836,7287,3276
8837,7284,3273
8838,7287,3270
8839,7322,3265
8840,7326,3262
8841,7335,3258
8842,7356,3254
8843,7364,3251
8844,7372,3246
8845,7402,3242
8846,7407,3237
8847,7424,3231
8848,7461,3224
8849,7459,3215
8850,7484,3101
8851,7505,3063
8852,7514,3009
8853,7545,2942
8854,7579,2858
8855,7607,2771
8856,7645,2676
8857,7693,2586
8858,7708,2489
8859,7758,2401
8860,7809,2314
8861,7846,2241
8862,7926,2168
8863,8001,2103
8864,8055,2047
8865,8145,1993
8866,8240,1942
8867,8301,1897
8868,8404,1857
8869,8523,1815
8870,8612,1776
8871,8737,1745
8872,8867,1715
8873,8968,1687
8874,9101,1659
8875,9251,1633
8876,9369,1607
8877,9509,1584
8878,9664,1562
8879,9806,1540
8880,9967,1520
8881,10128,1500
8882,10283,1482
8883,10463,1465
8884,10638,1448
8885,10818,1433
8886,10992,1417
8887,11190,1403
8888,11382,1388
8889,11557,1374
8890,11769,1364
8891,11984,1352
8892,12183,1342
8893,12390,1332
8894,12593,1322
8895,12794,1314
8896,13031,1305
8897,13248,1296
8898,13456,1288
8899,13677,1279
8900,13548,2542
8901,12989,2533
8902,12606,2527
8903,12295,2520
8904,12024,2513
8905,11830,2507
8906,11696,2501
8907,11575,2495
8908,11496,2487
8909,11460,2481
8910,11426,2476
8911,11409,2470
8912,11425,2464
8913,11431,2458
8914,11466,2452
8915,11522,2448
8916,11556,2444
8917,11625,2440
8918,11697,2435
8919,11751,2430
8920,11837,2425
8921,11919,2421
8922,11976,2416
8923,12065,2411
8924,12139,2406
8925,12188,2403
8926,12276,2399
8927,12361,2395
8928,12419,2392
8929,12493,2387
8930,12582,2384
8931,12639,2379
8932,12717,2375
8933,12816,2370
8934,12885,2367
8935,12950,2363
8936,13039,2357
8937,13102,2352
8938,13167,2347
8939,13250,2342
8940,13300,2336
8941,13366,2331
8942,13442,2327
8943,13483,2321
8944,13544,2315
8945,13621,2309
8946,13662,2302
8947,13721,2295
8948,13798,2286
8949,13846,2275
8950,13917,2113
8951,14005,2072
8952,14079,2026
8953,14157,1979
8954,14259,1926
8955,14339,1875
8956,14428,1825
8957,14528,1785
8958,14617,1744
8959,14724,1710
8960,14827,1676
8961,14936,1648
8962,15065,1623
8963,15175,1598
8964,15286,1576
8965,15426,1558
8966,15552,1542
8967,15667,1527
8968,15813,1515
8969,15936,1505
8970,16077,1496
8971,16236,1488
8972,16384,1481
8973,16517,1473
8974,16663,1467
8975,16820,1462
8976,16957,1456
8977,17105,1451
8978,17251,1446
8979,17416,1442
8980,17568,1438
8981,17730,1434
8982,17896,1431
8983,18062,1428
8984,18197,1426
8985,18361,1422
8986,18532,1419
8987,18680,1417
8988,18836,1414
8989,18978,1412
8990,19117,1411
8991,19278,1408
8992,19437,1407
8993,19557,1406
8994,19704,1405
8995,19848,1404
8996,19968,1403
8997,20107,1402
8998,20260,1400
8999,20376,1399
9000,19782,2796
9001,18700,2795
9002,17885,2795
9003,17234,2794
9004,16629,2793
9005,16058,2793
9006,15580,2792
9007,15181,2791
9008,14813,2791
9009,14492,2790
9010,14205,2789
9011,13928,2788
9012,13692,2788
9013,13506,2787
9014,13321,2787
9015,13159,2786
9016,13013,2786
9017,12872,2786
9018,12742,2785
9019,12625,2784
9020,12516,2784
9021,12423,2784
9022,12343,2784
9023,12266,2783
9024,12187,2783
9025,12115,2782
9026,12039,2782
9027,11978,2781
9028,11929,2780
9029,11886,2779
9030,11835,2779
9031,11780,2778
9032,11739,2777
9033,11718,2777
9034,11668,2776
9035,11640,2775
9036,11616,2775
9037,11587,2774
9038,11578,2774
9039,11564,2773
9040,11550,2772
9041,11531,2772
9042,11525,2771
9043,11514,2771
9044,11509,2769
9045,11501,2768
9046,11490,2766
9047,11475,2764
9048,11484,2761
9049,11471,2758
9050,11480,2721
9051,11480,2701
9052,11487,2674
9053,11495,2639
9054,11494,2596
9055,11511,2552
9056,11542,2510
9057,11563,2465
9058,11580,2420
9059,11607,2377
9060,11641,2331
9061,11676,2291
9062,11713,2254
9063,11746,2218
9064,11805,2183
9065,11847,2149
9066,11914,2119
9067,11975,2088
9068,12037,2067
9069,12123,2042
9070,12211,2018
9071,12288,1996
9072,12396,1976
9073,12503,1958
9074,12606,1942
9075,12715,1927
9076,12836,1914
9077,12953,1900
9078,13092,1889
9079,13211,1879
9080,13349,1867
9081,13501,1857
9082,13641,1851
9083,13784,1844
9084,13936,1835
9085,14081,1828
9086,14230,1820
9087,14385,1813
9088,14538,1807
9089,14686,1800
9090,14833,1794
9091,14992,1788
9092,15159,1783
9093,15310,1777
9094,15455,1772
9095,15623,1768
9096,15784,1763
9097,15927,1759
9098,16093,1755
9099,16247,1751
9100,15782,3494
9101,14589,3490
9102,13644,3487
9103,12807,3484
9104,12107,3480
9105,11477,3477
9106,10937,3474
9107,10495,3471
9108,10097,3468
9109,9748,3466
9110,9470,3464
9111,9207,3461
9112,8997,3459
9113,8822,3458
9114,8666,3456
9115,8525,3454
9116,8399,3452
9117,8287,3449
9118,8193,3447
9119,8117,3444
9120,8036,3441
9121,7972,3438
9122,7916,3435
9123,7857,3433
9124,7801,3430
9125,7754,3428
9126,7717,3425
9127,7673,3422
9128,7648,3420
9129,7610,3417
9130,7579,3414
9131,7566,3412
9132,7553,3409
9133,7524,3407
9134,7515,3403
9135,7490,3399
9136,7451,3396
9137,7458,3393
9138,7431,3389
9139,7406,3385
9140,7416,3381
9141,7400,3377
9142,7372,3372
9143,7357,3367
9144,7334,3363
9145,7300,3357
9146,7307,3350
9147,7293,3342
9148,7277,3331
9149,7261,3319
9150,7249,3150
9151,7256,3091
9152,7280,3024
9153,7278,2943
9154,7288,2849
9155,7317,2744
9156,7342,2635
9157,7366,2529
9158,7414,2427
9159,7459,2325
9160,7512,2239
9161,7584,2154
9162,7646,2080
9163,7713,2017
9164,7813,1958
9165,7899,1907
9166,7993,1862
9167,8115,1822
9168,8237,1789
9169,8355,1757
9170,8478,1730
9171,8631,1704
9172,8770,1680
9173,8923,1660
9174,9080,1638
9175,9247,1618
9176,9420,1601
9177,9586,1585
9178,9752,1570
9179,9931,1554
9180,10122,1540
9181,10299,1527
9182,10519,1513
9183,10713,1500
9184,10893,1489
9185,11110,1477
9186,11307,1465
9187,11505,1454
9188,11720,1444
9189,11944,1435
9190,12152,1426
9191,12381,1417
9192,12623,1407
9193,12851,1399
9194,13091,1391
9195,13351,1382
9196,13590,1374
9197,13831,1366
9198,14093,1357
9199,14320,1349
9200,14173,2680
9201,13590,2671
9202,13163,2663
9203,12831,2654
9204,12568,2647
9205,12337,2641
9206,12173,2634
9207,12071,2626
9208,11952,2620
9209,11879,2614
9210,11854,2608
9211,11814,2601
9212,11799,2594
9213,11797,2590
9214,11790,2583
9215,11811,2578
9216,11846,2572
9217,11873,2567
9218,11897,2562
9219,11944,2557
9220,11974,2554
9221,12012,2550
9222,12070,2547
9223,12104,2543
9224,12153,2540
9225,12212,2536
9226,12244,2532
9227,12294,2528
9228,12354,2525
9229,12377,2520
9230,12416,2517
9231,12469,2513
9232,12505,2509
9233,12533,2506
9234,12570,2501
9235,12609,2497
9236,12655,2493
9237,12689,2488
9238,12718,2484
9239,12738,2480
9240,12769,2475
9241,12811,2471
9242,12844,2467
9243,12867,2462
9244,12898,2458
9245,12932,2453
9246,12953,2445
9247,12983,2438
9248,13019,2429
9249,13054,2419
9250,13100,2263
9251,13146,2227
9252,13186,2183
9253,13243,2139
9254,13316,2087
9255,13389,2040
9256,13452,1996
9257,13534,1954
9258,13607,1917
9259,13687,1883
9260,13795,1848
9261,13909,1818
9262,14024,1792
9263,14134,1767
9264,14234,1745
9265,14360,1728
9266,14472,1713
9267,14585,1698
9268,14722,1682
9269,14846,1670
9270,14987,1659
9271,15130,1647
9272,15277,1637
9273,15422,1626
9274,15563,1616
9275,15722,1609
9276,15879,1603
9277,16029,1596
9278,16179,1590
9279,16350,1585
9280,16502,1579
9281,16659,1573
9282,16840,1568
9283,16992,1564
9284,17148,1559
9285,17311,1555
9286,17463,1551
9287,17603,1546
9288,17768,1542
9289,17931,1537
9290,18065,1533
9291,18214,1529
9292,18370,1525
9293,18508,1522
9294,18654,1519
9295,18796,1516
9296,18925,1512
9297,19069,1509
9298,19203,1506
9299,19338,1504
9300,18780,3000
9301,17669,2996
9302,16835,2994
9303,16145,2992
9304,15522,2991
9305,14969,2989
9306,14472,2987
9307,14024,2985
9308,13636,2983
9309,13284,2981
9310,12965,2979
9311,12690,2978
9312,12459,2976
9313,12231,2975
9314,12031,2972
9315,11866,2970
9316,11684,2968
9317,11532,2967
9318,11400,2965
9319,11291,2964
9320,11189,2963
9321,11086,2961
9322,10989,2959
9323,10946,2957
9324,10862,2956
9325,10776,2955
9326,10724,2953
9327,10667,2952
9328,10615,2951
9329,10563,2950
9330,10503,2949
9331,10462,2947
9332,10421,2945
9333,10365,2944
9334,10339,2943
9335,10314,2942
9336,10275,2941
9337,10263,2939
9338,10253,2937
9339,10224,2935
9340,10243,2934
9341,10224,2932
9342,10210,2930
9343,10220,2927
9344,10220,2925
9345,10209,2923
9346,10215,2920
9347,10213,2916
9348,10221,2913
9349,10234,2908
9350,10240,2843
9351,10258,2818
9352,10287,2785
9353,10294,2752
9354,10309,2709
9355,10344,2657
9356,10366,2609
9357,10407,2553
9358,10453,2495
9359,10491,2438
9360,10540,2389
9361,10598,2338
9362,10637,2292
9363,10699,2247
9364,10800,2202
9365,10865,2166
9366,10930,2133
9367,11041,2102
9368,11107,2076
9369,11201,2053
9370,11339,2029
9371,11427,2008
9372,11518,1988
9373,11653,1972
9374,11767,1955
9375,11887,1938
9376,12042,1924
9377,12171,1909
9378,12314,1896
9379,12476,1883
9380,12625,1869
9381,12787,1856
9382,12956,1844
9383,13082,1833
9384,13261,1822
9385,13448,1811
9386,13588,1802
9387,13763,1793
9388,13946,1786
9389,14099,1779
9390,14264,1772
9391,14451,1765
9392,14609,1757
9393,14788,1752
9394,14989,1744
9395,15148,1738
9396,15324,1732
9397,15530,1725
9398,15685,1720
9399,15839,1714
9400,15462,3422
9401,14275,3418
9402,13347,3414
9403,12590,3408
9404,11873,3404
9405,11257,3400
9406,10731,3395
9407,10276,3392
9408,9890,3388
9409,9587,3385
9410,9312,3382
9411,9086,3380
9412,8914,3377
9413,8777,3373
9414,8647,3370
9415,8568,3367
9416,8482,3364
9417,8396,3360
9418,8342,3358
9419,8288,3355
9420,8246,3352
9421,8218,3349
9422,8186,3346
9423,8150,3343
9424,8139,3339
9425,8119,3337
9426,8077,3334
9427,8051,3330
9428,8040,3327
9429,8026,3325
9430,8012,3323
9431,7984,3320
9432,7978,3317
9433,7981,3314
9434,7972,3312
9435,7954,3309
9436,7943,3305
9437,7933,3303
9438,7920,3299
9439,7927,3296
9440,7931,3292
9441,7924,3287
9442,7927,3284
9443,7926,3280
9444,7925,3276
9445,7926,3271
9446,7930,3267
9447,7928,3263
9448,7927,3255
9449,7930,3245
9450,7938,3110
9451,7953,3059
9452,7947,2995
9453,7969,2922
9454,8005,2835
9455,8023,2744
9456,8045,2639
9457,8092,2532
9458,8127,2432
9459,8174,2334
9460,8236,2238
9461,8302,2149
9462,8373,2072
9463,8453,2008
9464,8526,1950
9465,8618,1897
9466,8725,1849
9467,8833,1803
9468,8936,1764
9469,9039,1726
9470,9160,1694
9471,9284,1664
9472,9409,1642
9473,9539,1616
9474,9676,1592
9475,9823,1569
9476,9991,1548
9477,10152,1528
9478,10315,1509
9479,10483,1492
9480,10678,1477
9481,10853,1465
9482,11024,1452
9483,11217,1440
9484,11412,1427
9485,11590,1414
9486,11793,1405
9487,11996,1392
9488,12184,1383
9489,12384,1373
9490,12590,1363
9491,12772,1355
9492,12982,1346
9493,13187,1337
9494,13367,1330
9495,13591,1322
9496,13811,1315
9497,13986,1307
9498,14210,1301
9499,14424,1295
9500,14174,2575
9501,13531,2568
9502,13056,2561
9503,12664,2556
9504,12375,2551
9505,12097,2545
9506,11869,2540
9507,11698,2535
9508,11562,2530
9509,11441,2525
9510,11352,2521
9511,11298,2516
9512,11235,2512
9513,11197,2506
9514,11179,2501
9515,11158,2497
9516,11156,2494
9517,11171,2490
9518,11174,2487
9519,11195,2483
9520,11222,2479
9521,11238,2475
9522,11263,2471
9523,11293,2467
9524,11316,2464
9525,11353,2459
9526,11413,2456
9527,11450,2454
9528,11485,2451
9529,11541,2447
9530,11586,2444
9531,11638,2440
9532,11704,2435
9533,11753,2432
9534,11821,2429
9535,11908,2424
9536,11964,2421
9537,12029,2417
9538,12109,2413
9539,12164,2410
9540,12236,2405
9541,12309,2401
9542,12351,2396
9543,12412,2392
9544,12491,2387
9545,12543,2382
9546,12603,2376
9547,12673,2371
9548,12741,2364
9549,12798,2356
9550,12852,2196
9551,12929,2165
9552,13005,2128
9553,13097,2086
9554,13176,2043
9555,13262,1999
9556,13369,1955
9557,13455,1911
9558,13543,1868
9559,13655,1831
9560,13757,1796
9561,13862,1763
9562,13975,1735
9563,14064,1711
9564,14163,1687
9565,14281,1665
9566,14393,1645
9567,14494,1627
9568,14636,1609
9569,14749,1595
9570,14872,1581
9571,14999,1568
9572,15118,1555
9573,15253,1543
9574,15386,1533
9575,15521,1525
9576,15655,1517
9577,15791,1509
9578,15915,1502
9579,16045,1495
9580,16195,1488
9581,16330,1482
9582,16466,1477
9583,16612,1472
9584,16750,1467
9585,16889,1463
9586,17019,1458
9587,17154,1455
9588,17294,1451
9589,17415,1447
9590,17540,1443
9591,17689,1439
9592,17810,1437
9593,17935,1432
9594,18077,1429
9595,18215,1427
9596,18347,1424
9597,18485,1422
9598,18608,1420
9599,18745,1418
9600,18273,2832
9601,17247,2831
9602,16461,2828
9603,15823,2826
9604,15236,2824
9605,14716,2821
9606,14284,2819
9607,13905,2817
9608,13551,2815
9609,13262,2814
9610,13012,2812
9611,12805,2811
9612,12633,2809
9613,12479,2806
9614,12333,2805
9615,12234,2803
9616,12133,2801
9617,12037,2800
9618,11969,2798
9619,11902,2795
9620,11831,2794
9621,11781,2793
9622,11741,2792
9623,11684,2791
9624,11658,2790
9625,11627,2788
9626,11581,2787
9627,11563,2785
9628,11540,2784
9629,11519,2782
9630,11503,2781
9631,11482,2780
9632,11470,2778
9633,11460,2776
9634,11449,2775
9635,11428,2773
9636,11419,2772
9637,11421,2770
9638,11433,2769
9639,11422,2768
9640,11416,2766
9641,11426,2764
9642,11428,2763
9643,11431,2760
9644,11441,2756
9645,11453,2754
9646,11453,2751
9647,11459,2748
9648,11465,2743
9649,11461,2738
9650,11460,2660
9651,11472,2630
9652,11471,2590
9653,11490,2543
9654,11512,2487
9655,11523,2426
9656,11561,2356
9657,11595,2288
9658,11631,2225
9659,11675,2166
9660,11728,2109
9661,11774,2058
9662,11827,2009
9663,11904,1965
9664,11984,1925
9665,12050,1888
9666,12132,1855
9667,12226,1825
9668,12304,1797
9669,12407,1771
9670,12514,1748
9671,12593,1723
9672,12709,1704
9673,12823,1687
9674,12917,1674
9675,13028,1659
9676,13145,1645
9677,13268,1631
9678,13388,1618
9679,13520,1606
9680,13651,1596
9681,13773,1585
9682,13934,1575
9683,14091,1566
9684,14236,1557
9685,14381,1550
9686,14537,1544
9687,14690,1538
9688,14822,1532
9689,15002,1525
9690,15157,1519
9691,15306,1513
9692,15480,1510
9693,15667,1505
9694,15822,1501
9695,16005,1497
9696,16178,1494
9697,16358,1490
9698,16536,1487
9699,16712,1484
9700,16315,2959
9701,15348,2954
9702,14590,2949
9703,13972,2947
9704,13435,2944
9705,12937,2941
9706,12537,2938
9707,12186,2935
9708,11877,2932
9709,11628,2929
9710,11403,2927
9711,11213,2925
9712,11071,2923
9713,10940,2921
9714,10827,2919
9715,10735,2916
9716,10650,2913
9717,10574,2910
9718,10532,2907
9719,10490,2905
9720,10447,2902
9721,10411,2899
9722,10372,2896
9723,10338,2893
9724,10327,2890
9725,10302,2888
9726,10273,2885
9727,10256,2883
9728,10231,2880
9729,10216,2877
9730,10192,2874
9731,10178,2872
9732,10173,2869
9733,10165,2867
9734,10157,2864
9735,10162,2861
9736,10159,2857
9737,10165,2855
9738,10180,2850
9739,10182,2846
9740,10200,2843
9741,10225,2839
9742,10227,2834
9743,10260,2830
9744,10281,2826
9745,10283,2823
9746,10298,2818
9747,10307,2813
9748,10311,2806
9749,10330,2799
9750,10348,2664
9751,10369,2628
9752,10409,2585
9753,10438,2526
9754,10470,2465
9755,10501,2399
9756,10536,2324
9757,10588,2253
9758,10629,2185
9759,10689,2117
9760,10760,2055
9761,10828,1998
9762,10917,1947
9763,11003,1902
9764,11080,1862
9765,11193,1827
9766,11301,1794
9767,11400,1767
9768,11521,1742
9769,11630,1720
9770,11744,1700
9771,11873,1680
9772,12016,1661
9773,12143,1643
9774,12296,1628
9775,12437,1613
9776,12579,1599
9777,12746,1586
9778,12903,1573
9779,13071,1561
9780,13243,1550
9781,13412,1538
9782,13590,1528
9783,13769,1519
9784,13947,1510
9785,14142,1501
9786,14339,1491
9787,14521,1482
9788,14741,1475
9789,14953,1467
9790,15139,1460
9791,15333,1453
9792,15556,1447
9793,15744,1441
9794,15951,1435
9795,16157,1430
9796,16343,1424
9797,16531,1419
9798,16726,1413
9799,16906,1408
9800,16557,2808
9801,15661,2803
9802,14975,2800
9803,14415,2796
9804,13929,2793
9805,13488,2789
9806,13132,2785
9807,12823,2782
9808,12538,2778
9809,12321,2775
9810,12142,2772
9811,11973,2768
9812,11833,2766
9813,11744,2764
9814,11665,2761
9815,11589,2759
9816,11530,2757
9817,11464,2754
9818,11420,2752
9819,11386,2750
9820,11342,2747
9821,11307,2745
9822,11281,2743
9823,11247,2740
9824,11224,2738
9825,11226,2736
9826,11195,2734
9827,11191,2732
9828,11188,2729
9829,11187,2727
9830,11183,2724
9831,11178,2722
9832,11181,2720
9833,11189,2717
9834,11203,2715
9835,11193,2713
9836,11213,2710
9837,11234,2708
9838,11235,2706
9839,11255,2705
9840,11279,2702
9841,11289,2700
9842,11300,2699
9843,11314,2696
9844,11323,2694
9845,11327,2690
9846,11354,2687
9847,11375,2683
9848,11396,2679
9849,11414,2673
9850,11451,2579
9851,11483,2547
9852,11523,2508
9853,11545,2463
9854,11593,2409
9855,11633,2356
9856,11690,2300
9857,11758,2240
9858,11823,2187
9859,11897,2138
9860,11994,2094
9861,12064,2054
9862,12142,2016
9863,12250,1980
9864,12342,1949
9865,12423,1921
9866,12529,1897
9867,12627,1872
9868,12732,1849
9869,12857,1830
9870,12956,1810
9871,13061,1794
9872,13202,1777
9873,13315,1761
9874,13432,1744
9875,13570,1732
9876,13686,1720
9877,13824,1708
9878,13980,1697
9879,14119,1687
9880,14252,1678
9881,14429,1669
9882,14584,1660
9883,14739,1652
9884,14925,1645
9885,15089,1636
9886,15244,1629
9887,15439,1623
9888,15598,1615
9889,15739,1609
9890,15930,1602
9891,16102,1595
9892,16255,1588
9893,16438,1581
9894,16626,1575
9895,16777,1569
9896,16937,1563
9897,17104,1557
9898,17265,1552
9899,17431,1548
9900,16960,3088
9901,15915,3085
9902,15142,3081
9903,14508,3077
9904,13926,3073
9905,13418,3070
9906,12978,3066
9907,12593,3062
9908,12262,3060
9909,12000,3057
9910,11755,3054
9911,11559,3051
9912,11385,3048
9913,11225,3046
9914,11105,3043
9915,10997,3041
9916,10878,3039
9917,10805,3038
9918,10729,3035
9919,10652,3033
9920,10600,3030
9921,10550,3028
9922,10489,3026
9923,10444,3024
9924,10406,3022
9925,10356,3020
9926,10328,3019
9927,10294,3017
9928,10254,3015
9929,10235,3014
9930,10209,3012
9931,10195,3010
9932,10185,3008
9933,10163,3005
9934,10138,3002
9935,10135,3000
9936,10126,2998
9937,10112,2995
9938,10103,2993
9939,10098,2990
9940,10087,2985
9941,10093,2981
9942,10087,2979
9943,10082,2975
9944,10097,2970
9945,10113,2966
9946,10102,2961
9947,10114,2955
9948,10116,2949
9949,10114,2940
9950,10135,2830
9951,10154,2795
9952,10146,2755
9953,10170,2705
9954,10191,2655
9955,10214,2597
9956,10241,2540
9957,10291,2478
9958,10329,2412
9959,10375,2356
9960,10427,2303
9961,10484,2257
9962,10553,2211
9963,10641,2170
9964,10706,2134
9965,10796,2104
9966,10889,2072
9967,10989,2045
9968,11085,2019
9969,11201,1994
9970,11312,1971
9971,11418,1953
9972,11541,1936
9973,11689,1920
9974,11802,1902
9975,11945,1887
9976,12083,1873
9977,12224,1859
9978,12393,1846
9979,12559,1834
9980,12718,1824
9981,12892,1813
9982,13053,1803
9983,13204,1794
9984,13398,1785
9985,13567,1776
9986,13727,1768
9987,13929,1760
9988,14100,1751
9989,14285,1743
9990,14484,1736
9991,14677,1730
9992,14849,1724
9993,15063,1719
9994,15233,1713
9995,15431,1709
9996,15621,1704
9997,15781,1700
9998,15942,1694
9999,16139,1690
