density,generation,population
0.05,0,501
0.05,1,75
0.05,2,45
0.05,3,41
0.05,4,39
0.05,5,38
0.05,6,38
0.05,7,39
0.05,8,41
0.05,9,42
0.05,10,42
0.05,11,43
0.05,12,42
0.05,13,43
0.05,14,43
0.05,15,43
0.05,16,43
0.05,17,44
0.05,18,44
0.05,19,44
0.05,20,45
0.05,21,45
0.05,22,46
0.05,23,47
0.05,24,48
0.05,25,46
0.05,26,47
0.05,27,47
0.05,28,48
0.05,29,47
0.05,30,48
0.05,31,47
0.05,32,46
0.05,33,47
0.05,34,46
0.05,35,46
0.05,36,46
0.05,37,46
0.05,38,46
0.05,39,46
0.05,40,46
0.05,41,46
0.05,42,47
0.05,43,46
0.05,44,46
0.05,45,47
0.05,46,46
0.05,47,46
0.05,48,47
0.05,49,47
0.05,50,47
0.05,51,47
0.05,52,48
0.05,53,48
0.05,54,49
0.05,55,48
0.05,56,48
0.05,57,48
0.05,58,48
0.05,59,48
0.05,60,49
0.05,61,49
0.05,62,49
0.05,63,49
0.05,64,50
0.05,65,49
0.05,66,50
0.05,67,50
0.05,68,49
0.05,69,50
0.05,70,50
0.05,71,50
0.05,72,51
0.05,73,51
0.05,74,51
0.05,75,51
0.05,76,51
0.05,77,51
0.05,78,51
0.05,79,51
0.05,80,50
0.05,81,51
0.05,82,51
0.05,83,50
0.05,84,51
0.05,85,51
0.05,86,50
0.05,87,51
0.05,88,51
0.05,89,51
0.05,90,51
0.05,91,51
0.05,92,51
0.05,93,51
0.05,94,52
0.05,95,52
0.05,96,50
0.05,97,51
0.05,98,50
0.05,99,51
0.05,100,51
0.05,101,51
0.05,102,52
0.05,103,52
0.05,104,52
0.05,105,52
0.05,106,52
0.05,107,51
0.05,108,52
0.05,109,52
0.05,110,52
0.05,111,53
0.05,112,53
0.05,113,53
0.05,114,54
0.05,115,53
0.05,116,53
0.05,117,55
0.05,118,55
0.05,119,54
0.05,120,55
0.05,121,55
0.05,122,55
0.05,123,55
0.05,124,55
0.05,125,55
0.05,126,54
0.05,127,56
0.05,128,54
0.05,129,56
0.05,130,55
0.05,131,56
0.05,132,56
0.05,133,56
0.05,134,55
0.05,135,57
0.05,136,55
0.05,137,56
0.05,138,55
0.05,139,56
0.05,140,56
0.05,141,56
0.05,142,56
0.05,143,57
0.05,144,56
0.05,145,57
0.05,146,56
0.05,147,57
0.05,148,56
0.05,149,57
0.05,150,56
0.05,151,56
0.05,152,56
0.05,153,56
0.05,154,56
0.05,155,57
0.05,156,56
0.05,157,56
0.05,158,56
0.05,159,57
0.05,160,56
0.05,161,57
0.05,162,57
0.05,163,57
0.05,164,56
0.05,165,57
0.05,166,58
0.05,167,58
0.05,168,59
0.05,169,58
0.05,170,58
0.05,171,57
0.05,172,57
0.05,173,57
0.05,174,56
0.05,175,57
0.05,176,56
0.05,177,58
0.05,178,57
0.05,179,57
0.05,180,58
0.05,181,59
0.05,182,59
0.05,183,59
0.05,184,59
0.05,185,58
0.05,186,59
0.05,187,58
0.05,188,58
0.05,189,58
0.05,190,58
0.05,191,58
0.05,192,58
0.05,193,58
0.05,194,57
0.05,195,58
0.05,196,57
0.05,197,59
0.05,198,59
0.05,199,59
0.05,200,58
0.05,201,59
0.05,202,57
0.05,203,57
0.05,204,57
0.05,205,57
0.05,206,57
0.05,207,58
0.05,208,58
0.05,209,58
0.05,210,59
0.05,211,59
0.05,212,59
0.05,213,60
0.05,214,60
0.05,215,59
0.05,216,60
0.05,217,59
0.05,218,59
0.05,219,58
0.05,220,59
0.05,221,59
0.05,222,60
0.05,223,59
0.05,224,59
0.05,225,59
0.05,226,60
0.05,227,60
0.05,228,60
0.05,229,61
0.05,230,61
0.05,231,63
0.05,232,62
0.05,233,62
0.05,234,63
0.05,235,63
0.05,236,64
0.05,237,64
0.05,238,65
0.05,239,65
0.05,240,65
0.05,241,65
0.05,242,65
0.05,243,65
0.05,244,65
0.05,245,64
0.05,246,63
0.05,247,64
0.05,248,63
0.05,249,64
0.05,250,64
0.05,251,64
0.05,252,63
0.05,253,64
0.05,254,64
0.05,255,64
0.05,256,64
0.05,257,63
0.05,258,64
0.05,259,64
0.05,260,64
0.05,261,64
0.05,262,64
0.05,263,63
0.05,264,64
0.05,265,64
0.05,266,64
0.05,267,64
0.05,268,65
0.05,269,64
0.05,270,65
0.05,271,64
0.05,272,64
0.05,273,64
0.05,274,66
0.05,275,66
0.05,276,66
0.05,277,66
0.05,278,65
0.05,279,66
0.05,280,66
0.05,281,65
0.05,282,67
0.05,283,66
0.05,284,66
0.05,285,66
0.05,286,65
0.05,287,64
0.05,288,65
0.05,289,66
0.05,290,65
0.05,291,65
0.05,292,65
0.05,293,65
0.05,294,67
0.05,295,65
0.05,296,66
0.05,297,65
0.05,298,65
0.05,299,65
0.05,300,66
0.05,301,66
0.05,302,65
0.05,303,65
0.05,304,65
0.05,305,65
0.05,306,65
0.05,307,65
0.05,308,64
0.05,309,65
0.05,310,65
0.05,311,65
0.05,312,65
0.05,313,65
0.05,314,64
0.05,315,64
0.05,316,64
0.05,317,64
0.05,318,64
0.05,319,64
0.05,320,65
0.05,321,66
0.05,322,66
0.05,323,66
0.05,324,66
0.05,325,66
0.05,326,66
0.05,327,66
0.05,328,66
0.05,329,67
0.05,330,67
0.05,331,67
0.05,332,67
0.05,333,67
0.05,334,67
0.05,335,68
0.05,336,67
0.05,337,67
0.05,338,66
0.05,339,67
0.05,340,67
0.05,341,67
0.05,342,67
0.05,343,66
0.05,344,65
0.05,345,64
0.05,346,64
0.05,347,63
0.05,348,64
0.05,349,63
0.05,350,63
0.05,351,63
0.05,352,64
0.05,353,64
0.05,354,63
0.05,355,65
0.05,356,64
0.05,357,65
0.05,358,64
0.05,359,64
0.05,360,65
0.05,361,64
0.05,362,64
0.05,363,64
0.05,364,63
0.05,365,62
0.05,366,62
0.05,367,61
0.05,368,62
0.05,369,62
0.05,370,64
0.05,371,62
0.05,372,64
0.05,373,63
0.05,374,63
0.05,375,62
0.05,376,62
0.05,377,61
0.05,378,62
0.05,379,62
0.05,380,62
0.05,381,62
0.05,382,62
0.05,383,62
0.05,384,62
0.05,385,62
0.05,386,61
0.05,387,61
0.05,388,62
0.05,389,61
0.05,390,62
0.05,391,62
0.05,392,62
0.05,393,62
0.05,394,62
0.05,395,63
0.05,396,63
0.05,397,64
0.05,398,63
0.05,399,64
0.05,400,64
0.05,401,62
0.05,402,62
0.05,403,62
0.05,404,62
0.05,405,62
0.05,406,60
0.05,407,60
0.05,408,60
0.05,409,60
0.05,410,60
0.05,411,61
0.05,412,61
0.05,413,61
0.05,414,61
0.05,415,60
0.05,416,61
0.05,417,62
0.05,418,61
0.05,419,61
0.05,420,61
0.05,421,62
0.05,422,61
0.05,423,63
0.05,424,61
0.05,425,62
0.05,426,61
0.05,427,63
0.05,428,62
0.05,429,63
0.05,430,62
0.05,431,63
0.05,432,62
0.05,433,63
0.05,434,63
0.05,435,65
0.05,436,63
0.05,437,64
0.05,438,64
0.05,439,64
0.05,440,63
0.05,441,64
0.05,442,63
0.05,443,62
0.05,444,62
0.05,445,62
0.05,446,61
0.05,447,63
0.05,448,62
0.05,449,62
0.05,450,62
0.05,451,63
0.05,452,63
0.05,453,62
0.05,454,63
0.05,455,62
0.05,456,63
0.05,457,62
0.05,458,63
0.05,459,62
0.05,460,63
0.05,461,61
0.05,462,63
0.05,463,61
0.05,464,62
0.05,465,62
0.05,466,63
0.05,467,62
0.05,468,64
0.05,469,63
0.05,470,63
0.05,471,62
0.05,472,62
0.05,473,61
0.05,474,61
0.05,475,60
0.05,476,61
0.05,477,61
0.05,478,62
0.05,479,61
0.05,480,62
0.05,481,61
0.05,482,62
0.05,483,61
0.05,484,61
0.05,485,60
0.05,486,60
0.05,487,60
0.05,488,59
0.05,489,60
0.05,490,60
0.05,491,59
0.05,492,60
0.05,493,59
0.05,494,59
0.05,495,59
0.05,496,59
0.05,497,60
0.05,498,60
0.05,499,60
0.10,0,1000
0.10,1,467
0.10,2,364
0.10,3,345
0.10,4,335
0.10,5,329
0.10,6,335
0.10,7,340
0.10,8,359
0.10,9,359
0.10,10,364
0.10,11,367
0.10,12,373
0.10,13,381
0.10,14,390
0.10,15,389
0.10,16,398
0.10,17,397
0.10,18,404
0.10,19,403
0.10,20,410
0.10,21,402
0.10,22,413
0.10,23,407
0.10,24,402
0.10,25,404
0.10,26,402
0.10,27,401
0.10,28,400
0.10,29,402
0.10,30,401
0.10,31,405
0.10,32,400
0.10,33,402
0.10,34,402
0.10,35,405
0.10,36,405
0.10,37,407
0.10,38,404
0.10,39,408
0.10,40,409
0.10,41,408
0.10,42,410
0.10,43,411
0.10,44,411
0.10,45,408
0.10,46,412
0.10,47,410
0.10,48,412
0.10,49,413
0.10,50,413
0.10,51,413
0.10,52,413
0.10,53,413
0.10,54,411
0.10,55,412
0.10,56,411
0.10,57,407
0.10,58,410
0.10,59,410
0.10,60,409
0.10,61,414
0.10,62,410
0.10,63,410
0.10,64,409
0.10,65,409
0.10,66,413
0.10,67,409
0.10,68,411
0.10,69,407
0.10,70,412
0.10,71,408
0.10,72,410
0.10,73,409
0.10,74,407
0.10,75,403
0.10,76,406
0.10,77,401
0.10,78,402
0.10,79,404
0.10,80,406
0.10,81,405
0.10,82,407
0.10,83,407
0.10,84,406
0.10,85,404
0.10,86,402
0.10,87,403
0.10,88,402
0.10,89,404
0.10,90,406
0.10,91,409
0.10,92,410
0.10,93,411
0.10,94,410
0.10,95,411
0.10,96,409
0.10,97,408
0.10,98,408
0.10,99,406
0.10,100,408
0.10,101,406
0.10,102,408
0.10,103,409
0.10,104,410
0.10,105,411
0.10,106,408
0.10,107,406
0.10,108,408
0.10,109,404
0.10,110,407
0.10,111,402
0.10,112,404
0.10,113,404
0.10,114,404
0.10,115,402
0.10,116,401
0.10,117,400
0.10,118,402
0.10,119,400
0.10,120,401
0.10,121,401
0.10,122,402
0.10,123,404
0.10,124,405
0.10,125,408
0.10,126,407
0.10,127,406
0.10,128,408
0.10,129,405
0.10,130,403
0.10,131,403
0.10,132,403
0.10,133,403
0.10,134,403
0.10,135,401
0.10,136,400
0.10,137,399
0.10,138,394
0.10,139,393
0.10,140,394
0.10,141,393
0.10,142,393
0.10,143,392
0.10,144,394
0.10,145,391
0.10,146,395
0.10,147,397
0.10,148,399
0.10,149,398
0.10,150,399
0.10,151,400
0.10,152,400
0.10,153,397
0.10,154,397
0.10,155,396
0.10,156,393
0.10,157,395
0.10,158,395
0.10,159,398
0.10,160,397
0.10,161,396
0.10,162,399
0.10,163,394
0.10,164,395
0.10,165,393
0.10,166,395
0.10,167,400
0.10,168,391
0.10,169,393
0.10,170,389
0.10,171,388
0.10,172,390
0.10,173,391
0.10,174,395
0.10,175,397
0.10,176,398
0.10,177,398
0.10,178,400
0.10,179,401
0.10,180,401
0.10,181,401
0.10,182,398
0.10,183,399
0.10,184,398
0.10,185,399
0.10,186,397
0.10,187,399
0.10,188,400
0.10,189,398
0.10,190,396
0.10,191,398
0.10,192,397
0.10,193,396
0.10,194,393
0.10,195,394
0.10,196,391
0.10,197,391
0.10,198,390
0.10,199,386
0.10,200,388
0.10,201,385
0.10,202,383
0.10,203,382
0.10,204,382
0.10,205,381
0.10,206,380
0.10,207,378
0.10,208,380
0.10,209,378
0.10,210,379
0.10,211,376
0.10,212,378
0.10,213,374
0.10,214,375
0.10,215,371
0.10,216,372
0.10,217,372
0.10,218,374
0.10,219,374
0.10,220,375
0.10,221,376
0.10,222,375
0.10,223,376
0.10,224,378
0.10,225,377
0.10,226,379
0.10,227,379
0.10,228,382
0.10,229,381
0.10,230,380
0.10,231,378
0.10,232,373
0.10,233,373
0.10,234,373
0.10,235,371
0.10,236,370
0.10,237,371
0.10,238,370
0.10,239,368
0.10,240,366
0.10,241,367
0.10,242,366
0.10,243,366
0.10,244,366
0.10,245,365
0.10,246,365
0.10,247,365
0.10,248,362
0.10,249,362
0.10,250,358
0.10,251,359
0.10,252,361
0.10,253,358
0.10,254,357
0.10,255,355
0.10,256,354
0.10,257,352
0.10,258,349
0.10,259,350
0.10,260,350
0.10,261,350
0.10,262,350
0.10,263,353
0.10,264,353
0.10,265,354
0.10,266,354
0.10,267,354
0.10,268,352
0.10,269,355
0.10,270,352
0.10,271,354
0.10,272,353
0.10,273,352
0.10,274,351
0.10,275,354
0.10,276,356
0.10,277,356
0.10,278,355
0.10,279,355
0.10,280,355
0.10,281,356
0.10,282,356
0.10,283,352
0.10,284,354
0.10,285,351
0.10,286,354
0.10,287,354
0.10,288,352
0.10,289,351
0.10,290,352
0.10,291,350
0.10,292,351
0.10,293,348
0.10,294,348
0.10,295,347
0.10,296,347
0.10,297,349
0.10,298,347
0.10,299,346
0.10,300,347
0.10,301,348
0.10,302,348
0.10,303,345
0.10,304,348
0.10,305,350
0.10,306,352
0.10,307,353
0.10,308,356
0.10,309,352
0.10,310,354
0.10,311,355
0.10,312,355
0.10,313,353
0.10,314,357
0.10,315,358
0.10,316,358
0.10,317,356
0.10,318,356
0.10,319,355
0.10,320,358
0.10,321,354
0.10,322,353
0.10,323,355
0.10,324,354
0.10,325,354
0.10,326,353
0.10,327,353
0.10,328,351
0.10,329,352
0.10,330,349
0.10,331,350
0.10,332,348
0.10,333,349
0.10,334,349
0.10,335,350
0.10,336,349
0.10,337,345
0.10,338,345
0.10,339,343
0.10,340,341
0.10,341,344
0.10,342,341
0.10,343,343
0.10,344,340
0.10,345,342
0.10,346,341
0.10,347,344
0.10,348,342
0.10,349,344
0.10,350,342
0.10,351,343
0.10,352,344
0.10,353,340
0.10,354,340
0.10,355,339
0.10,356,341
0.10,357,337
0.10,358,337
0.10,359,334
0.10,360,337
0.10,361,336
0.10,362,336
0.10,363,334
0.10,364,334
0.10,365,332
0.10,366,333
0.10,367,333
0.10,368,331
0.10,369,332
0.10,370,336
0.10,371,335
0.10,372,334
0.10,373,332
0.10,374,332
0.10,375,331
0.10,376,332
0.10,377,331
0.10,378,332
0.10,379,334
0.10,380,335
0.10,381,335
0.10,382,335
0.10,383,335
0.10,384,335
0.10,385,334
0.10,386,338
0.10,387,334
0.10,388,335
0.10,389,337
0.10,390,338
0.10,391,336
0.10,392,335
0.10,393,333
0.10,394,334
0.10,395,335
0.10,396,333
0.10,397,333
0.10,398,335
0.10,399,334
0.10,400,333
0.10,401,331
0.10,402,331
0.10,403,329
0.10,404,332
0.10,405,329
0.10,406,330
0.10,407,330
0.10,408,332
0.10,409,334
0.10,410,332
0.10,411,333
0.10,412,332
0.10,413,332
0.10,414,332
0.10,415,332
0.10,416,331
0.10,417,330
0.10,418,330
0.10,419,328
0.10,420,328
0.10,421,329
0.10,422,328
0.10,423,332
0.10,424,331
0.10,425,335
0.10,426,334
0.10,427,335
0.10,428,333
0.10,429,335
0.10,430,331
0.10,431,331
0.10,432,329
0.10,433,331
0.10,434,329
0.10,435,330
0.10,436,328
0.10,437,326
0.10,438,327
0.10,439,324
0.10,440,324
0.10,441,323
0.10,442,322
0.10,443,319
0.10,444,319
0.10,445,320
0.10,446,320
0.10,447,322
0.10,448,322
0.10,449,324
0.10,450,321
0.10,451,322
0.10,452,320
0.10,453,322
0.10,454,319
0.10,455,321
0.10,456,322
0.10,457,323
0.10,458,321
0.10,459,320
0.10,460,322
0.10,461,320
0.10,462,323
0.10,463,321
0.10,464,321
0.10,465,323
0.10,466,319
0.10,467,321
0.10,468,319
0.10,469,320
0.10,470,321
0.10,471,321
0.10,472,318
0.10,473,319
0.10,474,321
0.10,475,319
0.10,476,320
0.10,477,320
0.10,478,322
0.10,479,319
0.10,480,322
0.10,481,322
0.10,482,323
0.10,483,321
0.10,484,320
0.10,485,318
0.10,486,316
0.10,487,318
0.10,488,316
0.10,489,317
0.10,490,317
0.10,491,317
0.10,492,315
0.10,493,315
0.10,494,317
0.10,495,317
0.10,496,322
0.10,497,319
0.10,498,320
0.10,499,320
0.15,0,1504
0.15,1,1172
0.15,2,1000
0.15,3,990
0.15,4,949
0.15,5,950
0.15,6,938
0.15,7,941
0.15,8,953
0.15,9,956
0.15,10,955
0.15,11,955
0.15,12,947
0.15,13,958
0.15,14,956
0.15,15,951
0.15,16,960
0.15,17,952
0.15,18,956
0.15,19,960
0.15,20,959
0.15,21,955
0.15,22,952
0.15,23,956
0.15,24,946
0.15,25,955
0.15,26,944
0.15,27,941
0.15,28,939
0.15,29,931
0.15,30,929
0.15,31,921
0.15,32,917
0.15,33,921
0.15,34,916
0.15,35,913
0.15,36,914
0.15,37,903
0.15,38,908
0.15,39,898
0.15,40,900
0.15,41,897
0.15,42,894
0.15,43,886
0.15,44,881
0.15,45,874
0.15,46,867
0.15,47,867
0.15,48,863
0.15,49,867
0.15,50,861
0.15,51,858
0.15,52,852
0.15,53,857
0.15,54,847
0.15,55,841
0.15,56,838
0.15,57,834
0.15,58,832
0.15,59,831
0.15,60,834
0.15,61,829
0.15,62,826
0.15,63,827
0.15,64,824
0.15,65,817
0.15,66,813
0.15,67,807
0.15,68,797
0.15,69,797
0.15,70,788
0.15,71,785
0.15,72,781
0.15,73,780
0.15,74,776
0.15,75,769
0.15,76,770
0.15,77,768
0.15,78,764
0.15,79,759
0.15,80,757
0.15,81,750
0.15,82,749
0.15,83,743
0.15,84,748
0.15,85,741
0.15,86,734
0.15,87,732
0.15,88,733
0.15,89,732
0.15,90,734
0.15,91,727
0.15,92,728
0.15,93,721
0.15,94,725
0.15,95,725
0.15,96,728
0.15,97,724
0.15,98,720
0.15,99,723
0.15,100,721
0.15,101,715
0.15,102,714
0.15,103,712
0.15,104,706
0.15,105,707
0.15,106,704
0.15,107,703
0.15,108,703
0.15,109,698
0.15,110,695
0.15,111,699
0.15,112,691
0.15,113,696
0.15,114,695
0.15,115,694
0.15,116,690
0.15,117,691
0.15,118,682
0.15,119,680
0.15,120,678
0.15,121,675
0.15,122,671
0.15,123,667
0.15,124,665
0.15,125,665
0.15,126,662
0.15,127,666
0.15,128,660
0.15,129,663
0.15,130,662
0.15,131,663
0.15,132,661
0.15,133,658
0.15,134,659
0.15,135,658
0.15,136,661
0.15,137,658
0.15,138,661
0.15,139,656
0.15,140,659
0.15,141,662
0.15,142,663
0.15,143,662
0.15,144,655
0.15,145,655
0.15,146,647
0.15,147,647
0.15,148,646
0.15,149,651
0.15,150,646
0.15,151,647
0.15,152,642
0.15,153,640
0.15,154,642
0.15,155,637
0.15,156,641
0.15,157,640
0.15,158,633
0.15,159,637
0.15,160,632
0.15,161,636
0.15,162,635
0.15,163,632
0.15,164,633
0.15,165,637
0.15,166,635
0.15,167,635
0.15,168,635
0.15,169,631
0.15,170,632
0.15,171,630
0.15,172,629
0.15,173,629
0.15,174,628
0.15,175,626
0.15,176,622
0.15,177,621
0.15,178,621
0.15,179,619
0.15,180,616
0.15,181,615
0.15,182,613
0.15,183,615
0.15,184,613
0.15,185,611
0.15,186,613
0.15,187,621
0.15,188,616
0.15,189,620
0.15,190,614
0.15,191,615
0.15,192,613
0.15,193,612
0.15,194,613
0.15,195,614
0.15,196,615
0.15,197,614
0.15,198,616
0.15,199,614
0.15,200,618
0.15,201,615
0.15,202,609
0.15,203,609
0.15,204,606
0.15,205,606
0.15,206,601
0.15,207,602
0.15,208,605
0.15,209,600
0.15,210,602
0.15,211,597
0.15,212,600
0.15,213,594
0.15,214,597
0.15,215,594
0.15,216,605
0.15,217,599
0.15,218,600
0.15,219,598
0.15,220,593
0.15,221,603
0.15,222,602
0.15,223,600
0.15,224,597
0.15,225,593
0.15,226,594
0.15,227,592
0.15,228,590
0.15,229,590
0.15,230,588
0.15,231,591
0.15,232,588
0.15,233,586
0.15,234,590
0.15,235,591
0.15,236,587
0.15,237,584
0.15,238,578
0.15,239,582
0.15,240,577
0.15,241,579
0.15,242,578
0.15,243,581
0.15,244,581
0.15,245,580
0.15,246,581
0.15,247,578
0.15,248,580
0.15,249,575
0.15,250,574
0.15,251,573
0.15,252,574
0.15,253,574
0.15,254,577
0.15,255,578
0.15,256,574
0.15,257,575
0.15,258,574
0.15,259,573
0.15,260,571
0.15,261,569
0.15,262,566
0.15,263,563
0.15,264,565
0.15,265,564
0.15,266,559
0.15,267,561
0.15,268,559
0.15,269,559
0.15,270,558
0.15,271,557
0.15,272,559
0.15,273,557
0.15,274,556
0.15,275,547
0.15,276,548
0.15,277,545
0.15,278,543
0.15,279,548
0.15,280,543
0.15,281,539
0.15,282,540
0.15,283,537
0.15,284,531
0.15,285,532
0.15,286,529
0.15,287,529
0.15,288,531
0.15,289,531
0.15,290,529
0.15,291,530
0.15,292,534
0.15,293,538
0.15,294,534
0.15,295,539
0.15,296,541
0.15,297,540
0.15,298,539
0.15,299,531
0.15,300,531
0.15,301,531
0.15,302,532
0.15,303,530
0.15,304,531
0.15,305,526
0.15,306,531
0.15,307,529
0.15,308,530
0.15,309,525
0.15,310,528
0.15,311,524
0.15,312,521
0.15,313,519
0.15,314,519
0.15,315,519
0.15,316,515
0.15,317,512
0.15,318,512
0.15,319,507
0.15,320,507
0.15,321,508
0.15,322,505
0.15,323,505
0.15,324,501
0.15,325,499
0.15,326,497
0.15,327,498
0.15,328,497
0.15,329,501
0.15,330,500
0.15,331,500
0.15,332,501
0.15,333,503
0.15,334,506
0.15,335,504
0.15,336,500
0.15,337,504
0.15,338,501
0.15,339,503
0.15,340,499
0.15,341,498
0.15,342,494
0.15,343,499
0.15,344,493
0.15,345,495
0.15,346,493
0.15,347,492
0.15,348,493
0.15,349,495
0.15,350,495
0.15,351,498
0.15,352,496
0.15,353,495
0.15,354,496
0.15,355,495
0.15,356,496
0.15,357,493
0.15,358,493
0.15,359,495
0.15,360,496
0.15,361,496
0.15,362,494
0.15,363,494
0.15,364,495
0.15,365,493
0.15,366,496
0.15,367,491
0.15,368,492
0.15,369,493
0.15,370,492
0.15,371,492
0.15,372,490
0.15,373,487
0.15,374,484
0.15,375,483
0.15,376,481
0.15,377,485
0.15,378,483
0.15,379,484
0.15,380,486
0.15,381,487
0.15,382,485
0.15,383,487
0.15,384,487
0.15,385,488
0.15,386,488
0.15,387,489
0.15,388,488
0.15,389,489
0.15,390,488
0.15,391,488
0.15,392,489
0.15,393,491
0.15,394,490
0.15,395,492
0.15,396,492
0.15,397,489
0.15,398,491
0.15,399,486
0.15,400,488
0.15,401,488
0.15,402,488
0.15,403,484
0.15,404,483
0.15,405,482
0.15,406,481
0.15,407,483
0.15,408,481
0.15,409,481
0.15,410,482
0.15,411,477
0.15,412,477
0.15,413,473
0.15,414,471
0.15,415,471
0.15,416,468
0.15,417,471
0.15,418,472
0.15,419,472
0.15,420,472
0.15,421,473
0.15,422,474
0.15,423,473
0.15,424,477
0.15,425,476
0.15,426,473
0.15,427,468
0.15,428,467
0.15,429,466
0.15,430,464
0.15,431,464
0.15,432,461
0.15,433,461
0.15,434,461
0.15,435,461
0.15,436,457
0.15,437,457
0.15,438,456
0.15,439,457
0.15,440,455
0.15,441,456
0.15,442,456
0.15,443,457
0.15,444,454
0.15,445,455
0.15,446,452
0.15,447,452
0.15,448,453
0.15,449,455
0.15,450,453
0.15,451,455
0.15,452,453
0.15,453,453
0.15,454,453
0.15,455,459
0.15,456,454
0.15,457,457
0.15,458,455
0.15,459,456
0.15,460,458
0.15,461,456
0.15,462,458
0.15,463,456
0.15,464,456
0.15,465,459
0.15,466,456
0.15,467,455
0.15,468,455
0.15,469,455
0.15,470,450
0.15,471,447
0.15,472,446
0.15,473,446
0.15,474,447
0.15,475,445
0.15,476,443
0.15,477,444
0.15,478,446
0.15,479,444
0.15,480,445
0.15,481,447
0.15,482,447
0.15,483,448
0.15,484,446
0.15,485,447
0.15,486,447
0.15,487,448
0.15,488,447
0.15,489,447
0.15,490,449
0.15,491,449
0.15,492,446
0.15,493,446
0.15,494,447
0.15,495,449
0.15,496,451
0.15,497,450
0.15,498,452
0.15,499,452
0.20,0,1996
0.20,1,2000
0.20,2,1742
0.20,3,1779
0.20,4,1676
0.20,5,1678
0.20,6,1618
0.20,7,1604
0.20,8,1575
0.20,9,1554
0.20,10,1532
0.20,11,1503
0.20,12,1482
0.20,13,1468
0.20,14,1447
0.20,15,1425
0.20,16,1404
0.20,17,1393
0.20,18,1381
0.20,19,1370
0.20,20,1359
0.20,21,1340
0.20,22,1334
0.20,23,1320
0.20,24,1309
0.20,25,1288
0.20,26,1282
0.20,27,1265
0.20,28,1256
0.20,29,1241
0.20,30,1230
0.20,31,1219
0.20,32,1212
0.20,33,1199
0.20,34,1190
0.20,35,1178
0.20,36,1173
0.20,37,1162
0.20,38,1158
0.20,39,1147
0.20,40,1145
0.20,41,1143
0.20,42,1136
0.20,43,1126
0.20,44,1119
0.20,45,1113
0.20,46,1106
0.20,47,1092
0.20,48,1084
0.20,49,1083
0.20,50,1071
0.20,51,1061
0.20,52,1059
0.20,53,1053
0.20,54,1064
0.20,55,1051
0.20,56,1047
0.20,57,1047
0.20,58,1043
0.20,59,1039
0.20,60,1038
0.20,61,1025
0.20,62,1017
0.20,63,1008
0.20,64,1005
0.20,65,999
0.20,66,990
0.20,67,984
0.20,68,983
0.20,69,974
0.20,70,971
0.20,71,957
0.20,72,957
0.20,73,947
0.20,74,946
0.20,75,929
0.20,76,937
0.20,77,924
0.20,78,927
0.20,79,920
0.20,80,918
0.20,81,911
0.20,82,919
0.20,83,904
0.20,84,901
0.20,85,898
0.20,86,894
0.20,87,888
0.20,88,886
0.20,89,881
0.20,90,875
0.20,91,877
0.20,92,871
0.20,93,869
0.20,94,864
0.20,95,865
0.20,96,853
0.20,97,852
0.20,98,844
0.20,99,844
0.20,100,841
0.20,101,842
0.20,102,839
0.20,103,836
0.20,104,836
0.20,105,832
0.20,106,828
0.20,107,827
0.20,108,825
0.20,109,824
0.20,110,824
0.20,111,823
0.20,112,819
0.20,113,820
0.20,114,810
0.20,115,809
0.20,116,809
0.20,117,801
0.20,118,803
0.20,119,795
0.20,120,798
0.20,121,794
0.20,122,796
0.20,123,795
0.20,124,791
0.20,125,790
0.20,126,785
0.20,127,779
0.20,128,778
0.20,129,779
0.20,130,778
0.20,131,765
0.20,132,769
0.20,133,758
0.20,134,756
0.20,135,755
0.20,136,749
0.20,137,753
0.20,138,744
0.20,139,749
0.20,140,744
0.20,141,742
0.20,142,738
0.20,143,736
0.20,144,731
0.20,145,732
0.20,146,728
0.20,147,726
0.20,148,725
0.20,149,720
0.20,150,725
0.20,151,724
0.20,152,728
0.20,153,730
0.20,154,730
0.20,155,728
0.20,156,726
0.20,157,724
0.20,158,723
0.20,159,719
0.20,160,717
0.20,161,715
0.20,162,708
0.20,163,708
0.20,164,708
0.20,165,708
0.20,166,707
0.20,167,703
0.20,168,701
0.20,169,698
0.20,170,694
0.20,171,690
0.20,172,689
0.20,173,694
0.20,174,691
0.20,175,691
0.20,176,690
0.20,177,685
0.20,178,682
0.20,179,682
0.20,180,678
0.20,181,674
0.20,182,676
0.20,183,675
0.20,184,672
0.20,185,671
0.20,186,672
0.20,187,674
0.20,188,675
0.20,189,674
0.20,190,667
0.20,191,668
0.20,192,667
0.20,193,663
0.20,194,658
0.20,195,659
0.20,196,655
0.20,197,657
0.20,198,650
0.20,199,651
0.20,200,651
0.20,201,650
0.20,202,647
0.20,203,644
0.20,204,646
0.20,205,647
0.20,206,652
0.20,207,644
0.20,208,641
0.20,209,643
0.20,210,643
0.20,211,645
0.20,212,635
0.20,213,641
0.20,214,640
0.20,215,642
0.20,216,641
0.20,217,638
0.20,218,641
0.20,219,641
0.20,220,643
0.20,221,643
0.20,222,643
0.20,223,645
0.20,224,644
0.20,225,646
0.20,226,641
0.20,227,642
0.20,228,639
0.20,229,636
0.20,230,636
0.20,231,632
0.20,232,628
0.20,233,631
0.20,234,628
0.20,235,628
0.20,236,624
0.20,237,623
0.20,238,625
0.20,239,624
0.20,240,622
0.20,241,617
0.20,242,618
0.20,243,618
0.20,244,620
0.20,245,617
0.20,246,619
0.20,247,614
0.20,248,613
0.20,249,610
0.20,250,608
0.20,251,609
0.20,252,613
0.20,253,613
0.20,254,612
0.20,255,609
0.20,256,610
0.20,257,611
0.20,258,615
0.20,259,610
0.20,260,612
0.20,261,614
0.20,262,612
0.20,263,606
0.20,264,607
0.20,265,599
0.20,266,596
0.20,267,594
0.20,268,587
0.20,269,585
0.20,270,586
0.20,271,580
0.20,272,582
0.20,273,582
0.20,274,577
0.20,275,574
0.20,276,574
0.20,277,569
0.20,278,568
0.20,279,570
0.20,280,563
0.20,281,569
0.20,282,564
0.20,283,565
0.20,284,560
0.20,285,564
0.20,286,559
0.20,287,563
0.20,288,560
0.20,289,561
0.20,290,562
0.20,291,564
0.20,292,559
0.20,293,562
0.20,294,564
0.20,295,566
0.20,296,562
0.20,297,567
0.20,298,566
0.20,299,566
0.20,300,572
0.20,301,568
0.20,302,567
0.20,303,568
0.20,304,562
0.20,305,557
0.20,306,557
0.20,307,552
0.20,308,551
0.20,309,547
0.20,310,545
0.20,311,547
0.20,312,546
0.20,313,542
0.20,314,541
0.20,315,541
0.20,316,537
0.20,317,539
0.20,318,538
0.20,319,539
0.20,320,538
0.20,321,540
0.20,322,539
0.20,323,542
0.20,324,541
0.20,325,540
0.20,326,545
0.20,327,542
0.20,328,541
0.20,329,545
0.20,330,542
0.20,331,540
0.20,332,539
0.20,333,539
0.20,334,540
0.20,335,534
0.20,336,538
0.20,337,541
0.20,338,534
0.20,339,535
0.20,340,532
0.20,341,533
0.20,342,531
0.20,343,531
0.20,344,529
0.20,345,531
0.20,346,529
0.20,347,532
0.20,348,530
0.20,349,529
0.20,350,529
0.20,351,526
0.20,352,525
0.20,353,524
0.20,354,527
0.20,355,529
0.20,356,526
0.20,357,528
0.20,358,530
0.20,359,531
0.20,360,533
0.20,361,531
0.20,362,536
0.20,363,532
0.20,364,526
0.20,365,526
0.20,366,527
0.20,367,530
0.20,368,529
0.20,369,527
0.20,370,522
0.20,371,519
0.20,372,519
0.20,373,516
0.20,374,514
0.20,375,515
0.20,376,513
0.20,377,512
0.20,378,510
0.20,379,515
0.20,380,513
0.20,381,516
0.20,382,520
0.20,383,523
0.20,384,525
0.20,385,522
0.20,386,523
0.20,387,527
0.20,388,526
0.20,389,522
0.20,390,522
0.20,391,517
0.20,392,516
0.20,393,515
0.20,394,513
0.20,395,511
0.20,396,511
0.20,397,506
0.20,398,507
0.20,399,510
0.20,400,508
0.20,401,507
0.20,402,508
0.20,403,511
0.20,404,510
0.20,405,511
0.20,406,511
0.20,407,510
0.20,408,511
0.20,409,509
0.20,410,509
0.20,411,509
0.20,412,511
0.20,413,511
0.20,414,507
0.20,415,510
0.20,416,506
0.20,417,509
0.20,418,506
0.20,419,507
0.20,420,506
0.20,421,504
0.20,422,498
0.20,423,502
0.20,424,501
0.20,425,500
0.20,426,499
0.20,427,494
0.20,428,493
0.20,429,491
0.20,430,490
0.20,431,488
0.20,432,488
0.20,433,482
0.20,434,485
0.20,435,484
0.20,436,483
0.20,437,484
0.20,438,490
0.20,439,489
0.20,440,492
0.20,441,490
0.20,442,490
0.20,443,483
0.20,444,489
0.20,445,483
0.20,446,486
0.20,447,484
0.20,448,488
0.20,449,483
0.20,450,486
0.20,451,482
0.20,452,482
0.20,453,484
0.20,454,483
0.20,455,483
0.20,456,484
0.20,457,482
0.20,458,484
0.20,459,485
0.20,460,482
0.20,461,482
0.20,462,484
0.20,463,484
0.20,464,480
0.20,465,485
0.20,466,480
0.20,467,482
0.20,468,478
0.20,469,480
0.20,470,474
0.20,471,478
0.20,472,474
0.20,473,476
0.20,474,476
0.20,475,478
0.20,476,477
0.20,477,477
0.20,478,476
0.20,479,475
0.20,480,478
0.20,481,476
0.20,482,472
0.20,483,473
0.20,484,473
0.20,485,474
0.20,486,472
0.20,487,468
0.20,488,466
0.20,489,468
0.20,490,465
0.20,491,462
0.20,492,466
0.20,493,466
0.20,494,464
0.20,495,466
0.20,496,460
0.20,497,462
0.20,498,461
0.20,499,459
0.25,0,2504
0.25,1,2809
0.25,2,2404
0.25,3,2435
0.25,4,2268
0.25,5,2238
0.25,6,2140
0.25,7,2085
0.25,8,2012
0.25,9,1961
0.25,10,1914
0.25,11,1865
0.25,12,1828
0.25,13,1778
0.25,14,1738
0.25,15,1707
0.25,16,1681
0.25,17,1640
0.25,18,1612
0.25,19,1584
0.25,20,1560
0.25,21,1543
0.25,22,1520
0.25,23,1504
0.25,24,1484
0.25,25,1461
0.25,26,1445
0.25,27,1418
0.25,28,1400
0.25,29,1388
0.25,30,1372
0.25,31,1352
0.25,32,1331
0.25,33,1312
0.25,34,1300
0.25,35,1289
0.25,36,1280
0.25,37,1264
0.25,38,1253
0.25,39,1236
0.25,40,1220
0.25,41,1202
0.25,42,1198
0.25,43,1188
0.25,44,1179
0.25,45,1170
0.25,46,1164
0.25,47,1154
0.25,48,1150
0.25,49,1135
0.25,50,1133
0.25,51,1119
0.25,52,1125
0.25,53,1098
0.25,54,1103
0.25,55,1098
0.25,56,1091
0.25,57,1081
0.25,58,1076
0.25,59,1066
0.25,60,1058
0.25,61,1049
0.25,62,1043
0.25,63,1031
0.25,64,1026
0.25,65,1018
0.25,66,1019
0.25,67,1010
0.25,68,998
0.25,69,999
0.25,70,995
0.25,71,999
0.25,72,987
0.25,73,980
0.25,74,983
0.25,75,977
0.25,76,972
0.25,77,968
0.25,78,968
0.25,79,964
0.25,80,961
0.25,81,954
0.25,82,950
0.25,83,938
0.25,84,942
0.25,85,932
0.25,86,924
0.25,87,921
0.25,88,908
0.25,89,905
0.25,90,903
0.25,91,895
0.25,92,893
0.25,93,892
0.25,94,892
0.25,95,880
0.25,96,882
0.25,97,875
0.25,98,879
0.25,99,871
0.25,100,870
0.25,101,867
0.25,102,859
0.25,103,859
0.25,104,855
0.25,105,855
0.25,106,853
0.25,107,848
0.25,108,845
0.25,109,845
0.25,110,839
0.25,111,835
0.25,112,835
0.25,113,837
0.25,114,832
0.25,115,825
0.25,116,822
0.25,117,820
0.25,118,818
0.25,119,822
0.25,120,813
0.25,121,815
0.25,122,813
0.25,123,807
0.25,124,803
0.25,125,799
0.25,126,809
0.25,127,802
0.25,128,802
0.25,129,801
0.25,130,796
0.25,131,790
0.25,132,786
0.25,133,784
0.25,134,786
0.25,135,781
0.25,136,779
0.25,137,781
0.25,138,774
0.25,139,776
0.25,140,767
0.25,141,766
0.25,142,764
0.25,143,760
0.25,144,761
0.25,145,752
0.25,146,761
0.25,147,746
0.25,148,749
0.25,149,744
0.25,150,743
0.25,151,746
0.25,152,738
0.25,153,738
0.25,154,730
0.25,155,732
0.25,156,727
0.25,157,726
0.25,158,722
0.25,159,721
0.25,160,718
0.25,161,721
0.25,162,713
0.25,163,710
0.25,164,713
0.25,165,710
0.25,166,713
0.25,167,709
0.25,168,705
0.25,169,706
0.25,170,703
0.25,171,697
0.25,172,695
0.25,173,696
0.25,174,694
0.25,175,697
0.25,176,692
0.25,177,692
0.25,178,691
0.25,179,693
0.25,180,690
0.25,181,693
0.25,182,694
0.25,183,695
0.25,184,695
0.25,185,691
0.25,186,691
0.25,187,689
0.25,188,686
0.25,189,685
0.25,190,685
0.25,191,683
0.25,192,681
0.25,193,679
0.25,194,682
0.25,195,680
0.25,196,680
0.25,197,676
0.25,198,675
0.25,199,673
0.25,200,674
0.25,201,671
0.25,202,667
0.25,203,668
0.25,204,661
0.25,205,657
0.25,206,647
0.25,207,645
0.25,208,643
0.25,209,642
0.25,210,639
0.25,211,641
0.25,212,644
0.25,213,645
0.25,214,640
0.25,215,644
0.25,216,640
0.25,217,641
0.25,218,638
0.25,219,640
0.25,220,636
0.25,221,637
0.25,222,633
0.25,223,630
0.25,224,630
0.25,225,631
0.25,226,629
0.25,227,630
0.25,228,626
0.25,229,625
0.25,230,624
0.25,231,620
0.25,232,620
0.25,233,619
0.25,234,619
0.25,235,622
0.25,236,618
0.25,237,615
0.25,238,616
0.25,239,615
0.25,240,617
0.25,241,615
0.25,242,615
0.25,243,609
0.25,244,607
0.25,245,608
0.25,246,605
0.25,247,603
0.25,248,600
0.25,249,603
0.25,250,599
0.25,251,603
0.25,252,599
0.25,253,600
0.25,254,595
0.25,255,600
0.25,256,600
0.25,257,603
0.25,258,604
0.25,259,601
0.25,260,601
0.25,261,601
0.25,262,599
0.25,263,597
0.25,264,600
0.25,265,598
0.25,266,601
0.25,267,602
0.25,268,605
0.25,269,601
0.25,270,597
0.25,271,599
0.25,272,595
0.25,273,598
0.25,274,598
0.25,275,598
0.25,276,594
0.25,277,595
0.25,278,597
0.25,279,594
0.25,280,596
0.25,281,594
0.25,282,591
0.25,283,585
0.25,284,583
0.25,285,578
0.25,286,581
0.25,287,574
0.25,288,573
0.25,289,570
0.25,290,569
0.25,291,572
0.25,292,566
0.25,293,568
0.25,294,565
0.25,295,567
0.25,296,564
0.25,297,565
0.25,298,564
0.25,299,563
0.25,300,559
0.25,301,558
0.25,302,556
0.25,303,560
0.25,304,552
0.25,305,554
0.25,306,549
0.25,307,549
0.25,308,544
0.25,309,543
0.25,310,541
0.25,311,539
0.25,312,538
0.25,313,541
0.25,314,540
0.25,315,540
0.25,316,541
0.25,317,541
0.25,318,543
0.25,319,542
0.25,320,543
0.25,321,544
0.25,322,542
0.25,323,544
0.25,324,537
0.25,325,541
0.25,326,543
0.25,327,542
0.25,328,544
0.25,329,544
0.25,330,541
0.25,331,543
0.25,332,539
0.25,333,541
0.25,334,538
0.25,335,537
0.25,336,543
0.25,337,538
0.25,338,540
0.25,339,542
0.25,340,540
0.25,341,540
0.25,342,542
0.25,343,540
0.25,344,539
0.25,345,541
0.25,346,534
0.25,347,535
0.25,348,532
0.25,349,531
0.25,350,530
0.25,351,533
0.25,352,528
0.25,353,530
0.25,354,530
0.25,355,526
0.25,356,522
0.25,357,521
0.25,358,526
0.25,359,523
0.25,360,524
0.25,361,523
0.25,362,524
0.25,363,523
0.25,364,525
0.25,365,527
0.25,366,522
0.25,367,526
0.25,368,530
0.25,369,529
0.25,370,533
0.25,371,532
0.25,372,532
0.25,373,534
0.25,374,531
0.25,375,536
0.25,376,533
0.25,377,532
0.25,378,527
0.25,379,533
0.25,380,530
0.25,381,530
0.25,382,531
0.25,383,532
0.25,384,532
0.25,385,528
0.25,386,528
0.25,387,528
0.25,388,527
0.25,389,530
0.25,390,524
0.25,391,529
0.25,392,528
0.25,393,527
0.25,394,525
0.25,395,528
0.25,396,526
0.25,397,529
0.25,398,522
0.25,399,523
0.25,400,524
0.25,401,520
0.25,402,519
0.25,403,520
0.25,404,517
0.25,405,516
0.25,406,515
0.25,407,517
0.25,408,519
0.25,409,516
0.25,410,514
0.25,411,512
0.25,412,512
0.25,413,514
0.25,414,509
0.25,415,511
0.25,416,512
0.25,417,514
0.25,418,512
0.25,419,511
0.25,420,511
0.25,421,511
0.25,422,506
0.25,423,507
0.25,424,507
0.25,425,507
0.25,426,508
0.25,427,506
0.25,428,504
0.25,429,499
0.25,430,497
0.25,431,495
0.25,432,496
0.25,433,499
0.25,434,497
0.25,435,491
0.25,436,489
0.25,437,495
0.25,438,494
0.25,439,495
0.25,440,493
0.25,441,495
0.25,442,500
0.25,443,497
0.25,444,499
0.25,445,497
0.25,446,493
0.25,447,493
0.25,448,490
0.25,449,489
0.25,450,489
0.25,451,493
0.25,452,489
0.25,453,490
0.25,454,488
0.25,455,487
0.25,456,488
0.25,457,487
0.25,458,490
0.25,459,492
0.25,460,490
0.25,461,492
0.25,462,493
0.25,463,492
0.25,464,492
0.25,465,490
0.25,466,488
0.25,467,483
0.25,468,486
0.25,469,478
0.25,470,480
0.25,471,480
0.25,472,476
0.25,473,478
0.25,474,478
0.25,475,476
0.25,476,477
0.25,477,477
0.25,478,476
0.25,479,477
0.25,480,481
0.25,481,478
0.25,482,480
0.25,483,477
0.25,484,474
0.25,485,472
0.25,486,474
0.25,487,474
0.25,488,479
0.25,489,478
0.25,490,479
0.25,491,477
0.25,492,482
0.25,493,477
0.25,494,478
0.25,495,478
0.25,496,478
0.25,497,476
0.25,498,478
0.25,499,470
0.30,0,3004
0.30,1,3388
0.30,2,2870
0.30,3,2816
0.30,4,2611
0.30,5,2528
0.30,6,2428
0.30,7,2339
0.30,8,2265
0.30,9,2200
0.30,10,2121
0.30,11,2060
0.30,12,1998
0.30,13,1930
0.30,14,1887
0.30,15,1847
0.30,16,1803
0.30,17,1765
0.30,18,1730
0.30,19,1689
0.30,20,1658
0.30,21,1633
0.30,22,1601
0.30,23,1583
0.30,24,1552
0.30,25,1530
0.30,26,1511
0.30,27,1492
0.30,28,1468
0.30,29,1448
0.30,30,1423
0.30,31,1400
0.30,32,1373
0.30,33,1355
0.30,34,1329
0.30,35,1324
0.30,36,1307
0.30,37,1287
0.30,38,1268
0.30,39,1263
0.30,40,1248
0.30,41,1240
0.30,42,1235
0.30,43,1221
0.30,44,1209
0.30,45,1197
0.30,46,1184
0.30,47,1177
0.30,48,1170
0.30,49,1164
0.30,50,1157
0.30,51,1149
0.30,52,1128
0.30,53,1127
0.30,54,1111
0.30,55,1105
0.30,56,1090
0.30,57,1081
0.30,58,1075
0.30,59,1067
0.30,60,1063
0.30,61,1053
0.30,62,1049
0.30,63,1048
0.30,64,1030
0.30,65,1029
0.30,66,1016
0.30,67,1012
0.30,68,1004
0.30,69,1006
0.30,70,999
0.30,71,997
0.30,72,993
0.30,73,985
0.30,74,991
0.30,75,979
0.30,76,979
0.30,77,968
0.30,78,953
0.30,79,954
0.30,80,946
0.30,81,939
0.30,82,938
0.30,83,928
0.30,84,930
0.30,85,924
0.30,86,925
0.30,87,914
0.30,88,912
0.30,89,906
0.30,90,900
0.30,91,900
0.30,92,894
0.30,93,891
0.30,94,887
0.30,95,873
0.30,96,870
0.30,97,862
0.30,98,865
0.30,99,859
0.30,100,853
0.30,101,850
0.30,102,840
0.30,103,839
0.30,104,844
0.30,105,832
0.30,106,841
0.30,107,838
0.30,108,834
0.30,109,830
0.30,110,828
0.30,111,826
0.30,112,818
0.30,113,811
0.30,114,816
0.30,115,807
0.30,116,813
0.30,117,810
0.30,118,809
0.30,119,807
0.30,120,808
0.30,121,805
0.30,122,801
0.30,123,796
0.30,124,797
0.30,125,800
0.30,126,796
0.30,127,790
0.30,128,787
0.30,129,785
0.30,130,773
0.30,131,773
0.30,132,764
0.30,133,767
0.30,134,764
0.30,135,767
0.30,136,764
0.30,137,762
0.30,138,762
0.30,139,755
0.30,140,751
0.30,141,750
0.30,142,752
0.30,143,751
0.30,144,747
0.30,145,749
0.30,146,743
0.30,147,743
0.30,148,734
0.30,149,736
0.30,150,734
0.30,151,734
0.30,152,723
0.30,153,722
0.30,154,718
0.30,155,713
0.30,156,710
0.30,157,708
0.30,158,700
0.30,159,701
0.30,160,696
0.30,161,697
0.30,162,694
0.30,163,694
0.30,164,693
0.30,165,691
0.30,166,686
0.30,167,690
0.30,168,687
0.30,169,684
0.30,170,687
0.30,171,689
0.30,172,686
0.30,173,685
0.30,174,683
0.30,175,682
0.30,176,681
0.30,177,683
0.30,178,681
0.30,179,685
0.30,180,683
0.30,181,676
0.30,182,672
0.30,183,669
0.30,184,668
0.30,185,666
0.30,186,671
0.30,187,674
0.30,188,682
0.30,189,674
0.30,190,674
0.30,191,676
0.30,192,670
0.30,193,671
0.30,194,667
0.30,195,666
0.30,196,669
0.30,197,667
0.30,198,665
0.30,199,667
0.30,200,662
0.30,201,664
0.30,202,663
0.30,203,660
0.30,204,658
0.30,205,657
0.30,206,656
0.30,207,654
0.30,208,655
0.30,209,648
0.30,210,648
0.30,211,644
0.30,212,642
0.30,213,645
0.30,214,640
0.30,215,642
0.30,216,635
0.30,217,636
0.30,218,627
0.30,219,636
0.30,220,629
0.30,221,631
0.30,222,624
0.30,223,626
0.30,224,622
0.30,225,625
0.30,226,626
0.30,227,626
0.30,228,619
0.30,229,618
0.30,230,618
0.30,231,620
0.30,232,618
0.30,233,616
0.30,234,614
0.30,235,617
0.30,236,614
0.30,237,611
0.30,238,610
0.30,239,611
0.30,240,609
0.30,241,612
0.30,242,609
0.30,243,612
0.30,244,605
0.30,245,609
0.30,246,606
0.30,247,606
0.30,248,602
0.30,249,598
0.30,250,596
0.30,251,594
0.30,252,592
0.30,253,587
0.30,254,584
0.30,255,582
0.30,256,584
0.30,257,587
0.30,258,585
0.30,259,582
0.30,260,577
0.30,261,577
0.30,262,576
0.30,263,578
0.30,264,573
0.30,265,576
0.30,266,574
0.30,267,579
0.30,268,573
0.30,269,574
0.30,270,572
0.30,271,571
0.30,272,569
0.30,273,568
0.30,274,570
0.30,275,569
0.30,276,568
0.30,277,568
0.30,278,570
0.30,279,573
0.30,280,567
0.30,281,566
0.30,282,566
0.30,283,564
0.30,284,562
0.30,285,559
0.30,286,556
0.30,287,554
0.30,288,550
0.30,289,549
0.30,290,541
0.30,291,547
0.30,292,543
0.30,293,546
0.30,294,542
0.30,295,542
0.30,296,540
0.30,297,537
0.30,298,534
0.30,299,535
0.30,300,534
0.30,301,533
0.30,302,530
0.30,303,533
0.30,304,536
0.30,305,533
0.30,306,534
0.30,307,532
0.30,308,535
0.30,309,534
0.30,310,534
0.30,311,536
0.30,312,539
0.30,313,540
0.30,314,540
0.30,315,540
0.30,316,540
0.30,317,540
0.30,318,535
0.30,319,535
0.30,320,530
0.30,321,534
0.30,322,529
0.30,323,527
0.30,324,525
0.30,325,525
0.30,326,526
0.30,327,524
0.30,328,527
0.30,329,525
0.30,330,527
0.30,331,521
0.30,332,526
0.30,333,521
0.30,334,524
0.30,335,522
0.30,336,521
0.30,337,523
0.30,338,524
0.30,339,524
0.30,340,524
0.30,341,524
0.30,342,523
0.30,343,523
0.30,344,524
0.30,345,524
0.30,346,526
0.30,347,527
0.30,348,527
0.30,349,528
0.30,350,526
0.30,351,525
0.30,352,520
0.30,353,518
0.30,354,518
0.30,355,520
0.30,356,519
0.30,357,519
0.30,358,520
0.30,359,520
0.30,360,517
0.30,361,522
0.30,362,518
0.30,363,519
0.30,364,514
0.30,365,515
0.30,366,512
0.30,367,513
0.30,368,512
0.30,369,511
0.30,370,509
0.30,371,509
0.30,372,507
0.30,373,508
0.30,374,503
0.30,375,505
0.30,376,505
0.30,377,508
0.30,378,503
0.30,379,505
0.30,380,499
0.30,381,501
0.30,382,496
0.30,383,493
0.30,384,490
0.30,385,492
0.30,386,492
0.30,387,497
0.30,388,494
0.30,389,497
0.30,390,493
0.30,391,493
0.30,392,492
0.30,393,493
0.30,394,491
0.30,395,489
0.30,396,489
0.30,397,488
0.30,398,487
0.30,399,482
0.30,400,482
0.30,401,476
0.30,402,484
0.30,403,477
0.30,404,484
0.30,405,478
0.30,406,481
0.30,407,481
0.30,408,481
0.30,409,479
0.30,410,479
0.30,411,478
0.30,412,481
0.30,413,481
0.30,414,478
0.30,415,482
0.30,416,482
0.30,417,482
0.30,418,480
0.30,419,480
0.30,420,480
0.30,421,480
0.30,422,485
0.30,423,483
0.30,424,483
0.30,425,483
0.30,426,483
0.30,427,478
0.30,428,478
0.30,429,483
0.30,430,479
0.30,431,480
0.30,432,481
0.30,433,481
0.30,434,480
0.30,435,483
0.30,436,479
0.30,437,479
0.30,438,477
0.30,439,476
0.30,440,478
0.30,441,477
0.30,442,474
0.30,443,476
0.30,444,473
0.30,445,473
0.30,446,475
0.30,447,475
0.30,448,475
0.30,449,472
0.30,450,471
0.30,451,473
0.30,452,473
0.30,453,473
0.30,454,475
0.30,455,473
0.30,456,470
0.30,457,469
0.30,458,468
0.30,459,470
0.30,460,464
0.30,461,467
0.30,462,467
0.30,463,466
0.30,464,470
0.30,465,472
0.30,466,469
0.30,467,469
0.30,468,470
0.30,469,469
0.30,470,469
0.30,471,468
0.30,472,464
0.30,473,466
0.30,474,462
0.30,475,459
0.30,476,457
0.30,477,460
0.30,478,459
0.30,479,457
0.30,480,456
0.30,481,455
0.30,482,456
0.30,483,455
0.30,484,452
0.30,485,452
0.30,486,451
0.30,487,450
0.30,488,451
0.30,489,449
0.30,490,448
0.30,491,450
0.30,492,449
0.30,493,447
0.30,494,447
0.30,495,449
0.30,496,449
0.30,497,448
0.30,498,449
0.30,499,451
0.35,0,3499
0.35,1,3656
0.35,2,3105
0.35,3,2971
0.35,4,2805
0.35,5,2684
0.35,6,2558
0.35,7,2453
0.35,8,2360
0.35,9,2283
0.35,10,2200
0.35,11,2129
0.35,12,2060
0.35,13,2018
0.35,14,1956
0.35,15,1909
0.35,16,1872
0.35,17,1826
0.35,18,1787
0.35,19,1742
0.35,20,1707
0.35,21,1677
0.35,22,1645
0.35,23,1611
0.35,24,1581
0.35,25,1553
0.35,26,1534
0.35,27,1501
0.35,28,1495
0.35,29,1473
0.35,30,1448
0.35,31,1436
0.35,32,1415
0.35,33,1395
0.35,34,1368
0.35,35,1352
0.35,36,1334
0.35,37,1330
0.35,38,1319
0.35,39,1301
0.35,40,1287
0.35,41,1279
0.35,42,1269
0.35,43,1263
0.35,44,1248
0.35,45,1241
0.35,46,1230
0.35,47,1223
0.35,48,1213
0.35,49,1208
0.35,50,1192
0.35,51,1187
0.35,52,1177
0.35,53,1171
0.35,54,1166
0.35,55,1159
0.35,56,1154
0.35,57,1141
0.35,58,1136
0.35,59,1127
0.35,60,1113
0.35,61,1105
0.35,62,1093
0.35,63,1088
0.35,64,1067
0.35,65,1058
0.35,66,1050
0.35,67,1044
0.35,68,1036
0.35,69,1024
0.35,70,1021
0.35,71,1016
0.35,72,1009
0.35,73,1004
0.35,74,1001
0.35,75,997
0.35,76,986
0.35,77,980
0.35,78,982
0.35,79,978
0.35,80,968
0.35,81,965
0.35,82,957
0.35,83,958
0.35,84,949
0.35,85,946
0.35,86,939
0.35,87,945
0.35,88,939
0.35,89,932
0.35,90,934
0.35,91,934
0.35,92,928
0.35,93,922
0.35,94,920
0.35,95,918
0.35,96,915
0.35,97,911
0.35,98,905
0.35,99,902
0.35,100,893
0.35,101,887
0.35,102,881
0.35,103,874
0.35,104,869
0.35,105,868
0.35,106,864
0.35,107,866
0.35,108,860
0.35,109,863
0.35,110,861
0.35,111,860
0.35,112,851
0.35,113,852
0.35,114,849
0.35,115,846
0.35,116,845
0.35,117,834
0.35,118,830
0.35,119,823
0.35,120,822
0.35,121,816
0.35,122,813
0.35,123,812
0.35,124,806
0.35,125,798
0.35,126,802
0.35,127,797
0.35,128,798
0.35,129,800
0.35,130,790
0.35,131,795
0.35,132,785
0.35,133,787
0.35,134,788
0.35,135,783
0.35,136,784
0.35,137,776
0.35,138,780
0.35,139,779
0.35,140,781
0.35,141,776
0.35,142,773
0.35,143,767
0.35,144,765
0.35,145,760
0.35,146,759
0.35,147,762
0.35,148,760
0.35,149,762
0.35,150,760
0.35,151,760
0.35,152,770
0.35,153,766
0.35,154,765
0.35,155,758
0.35,156,758
0.35,157,755
0.35,158,757
0.35,159,759
0.35,160,757
0.35,161,757
0.35,162,754
0.35,163,753
0.35,164,746
0.35,165,747
0.35,166,747
0.35,167,738
0.35,168,738
0.35,169,730
0.35,170,729
0.35,171,723
0.35,172,716
0.35,173,712
0.35,174,709
0.35,175,711
0.35,176,710
0.35,177,714
0.35,178,711
0.35,179,710
0.35,180,709
0.35,181,711
0.35,182,703
0.35,183,706
0.35,184,707
0.35,185,702
0.35,186,703
0.35,187,699
0.35,188,695
0.35,189,690
0.35,190,686
0.35,191,686
0.35,192,690
0.35,193,684
0.35,194,683
0.35,195,682
0.35,196,684
0.35,197,681
0.35,198,679
0.35,199,680
0.35,200,681
0.35,201,681
0.35,202,683
0.35,203,675
0.35,204,676
0.35,205,677
0.35,206,678
0.35,207,675
0.35,208,672
0.35,209,672
0.35,210,667
0.35,211,665
0.35,212,664
0.35,213,660
0.35,214,665
0.35,215,665
0.35,216,660
0.35,217,660
0.35,218,660
0.35,219,655
0.35,220,658
0.35,221,657
0.35,222,655
0.35,223,647
0.35,224,653
0.35,225,651
0.35,226,651
0.35,227,649
0.35,228,644
0.35,229,645
0.35,230,639
0.35,231,636
0.35,232,634
0.35,233,631
0.35,234,627
0.35,235,630
0.35,236,628
0.35,237,625
0.35,238,623
0.35,239,620
0.35,240,619
0.35,241,617
0.35,242,614
0.35,243,618
0.35,244,612
0.35,245,615
0.35,246,608
0.35,247,616
0.35,248,612
0.35,249,616
0.35,250,609
0.35,251,609
0.35,252,607
0.35,253,606
0.35,254,606
0.35,255,606
0.35,256,604
0.35,257,601
0.35,258,600
0.35,259,603
0.35,260,598
0.35,261,601
0.35,262,602
0.35,263,601
0.35,264,603
0.35,265,602
0.35,266,598
0.35,267,601
0.35,268,604
0.35,269,603
0.35,270,604
0.35,271,603
0.35,272,596
0.35,273,597
0.35,274,595
0.35,275,590
0.35,276,589
0.35,277,585
0.35,278,582
0.35,279,583
0.35,280,586
0.35,281,585
0.35,282,588
0.35,283,592
0.35,284,594
0.35,285,591
0.35,286,592
0.35,287,588
0.35,288,586
0.35,289,583
0.35,290,585
0.35,291,580
0.35,292,582
0.35,293,582
0.35,294,584
0.35,295,584
0.35,296,581
0.35,297,583
0.35,298,579
0.35,299,583
0.35,300,580
0.35,301,582
0.35,302,580
0.35,303,581
0.35,304,579
0.35,305,582
0.35,306,582
0.35,307,581
0.35,308,574
0.35,309,574
0.35,310,569
0.35,311,566
0.35,312,567
0.35,313,571
0.35,314,569
0.35,315,572
0.35,316,571
0.35,317,572
0.35,318,572
0.35,319,571
0.35,320,570
0.35,321,563
0.35,322,572
0.35,323,566
0.35,324,566
0.35,325,567
0.35,326,569
0.35,327,564
0.35,328,563
0.35,329,554
0.35,330,556
0.35,331,554
0.35,332,551
0.35,333,551
0.35,334,549
0.35,335,543
0.35,336,548
0.35,337,546
0.35,338,549
0.35,339,543
0.35,340,546
0.35,341,540
0.35,342,537
0.35,343,536
0.35,344,535
0.35,345,533
0.35,346,530
0.35,347,529
0.35,348,522
0.35,349,523
0.35,350,517
0.35,351,517
0.35,352,515
0.35,353,513
0.35,354,511
0.35,355,518
0.35,356,514
0.35,357,516
0.35,358,514
0.35,359,511
0.35,360,510
0.35,361,512
0.35,362,511
0.35,363,507
0.35,364,509
0.35,365,505
0.35,366,503
0.35,367,505
0.35,368,501
0.35,369,503
0.35,370,505
0.35,371,501
0.35,372,502
0.35,373,504
0.35,374,502
0.35,375,502
0.35,376,502
0.35,377,505
0.35,378,506
0.35,379,506
0.35,380,505
0.35,381,507
0.35,382,505
0.35,383,505
0.35,384,508
0.35,385,505
0.35,386,503
0.35,387,495
0.35,388,499
0.35,389,495
0.35,390,494
0.35,391,497
0.35,392,495
0.35,393,493
0.35,394,496
0.35,395,495
0.35,396,499
0.35,397,499
0.35,398,493
0.35,399,492
0.35,400,494
0.35,401,490
0.35,402,489
0.35,403,489
0.35,404,491
0.35,405,488
0.35,406,491
0.35,407,486
0.35,408,484
0.35,409,487
0.35,410,487
0.35,411,487
0.35,412,494
0.35,413,492
0.35,414,500
0.35,415,498
0.35,416,495
0.35,417,493
0.35,418,491
0.35,419,490
0.35,420,484
0.35,421,489
0.35,422,483
0.35,423,485
0.35,424,490
0.35,425,484
0.35,426,486
0.35,427,488
0.35,428,488
0.35,429,488
0.35,430,492
0.35,431,486
0.35,432,488
0.35,433,490
0.35,434,489
0.35,435,487
0.35,436,489
0.35,437,488
0.35,438,487
0.35,439,491
0.35,440,491
0.35,441,493
0.35,442,489
0.35,443,490
0.35,444,489
0.35,445,490
0.35,446,488
0.35,447,489
0.35,448,488
0.35,449,488
0.35,450,485
0.35,451,487
0.35,452,487
0.35,453,485
0.35,454,489
0.35,455,490
0.35,456,488
0.35,457,490
0.35,458,490
0.35,459,492
0.35,460,492
0.35,461,491
0.35,462,489
0.35,463,489
0.35,464,487
0.35,465,486
0.35,466,489
0.35,467,487
0.35,468,485
0.35,469,483
0.35,470,484
0.35,471,486
0.35,472,484
0.35,473,487
0.35,474,481
0.35,475,483
0.35,476,479
0.35,477,480
0.35,478,481
0.35,479,482
0.35,480,478
0.35,481,484
0.35,482,479
0.35,483,480
0.35,484,478
0.35,485,477
0.35,486,472
0.35,487,473
0.35,488,473
0.35,489,472
0.35,490,472
0.35,491,471
0.35,492,469
0.35,493,472
0.35,494,471
0.35,495,474
0.35,496,467
0.35,497,470
0.35,498,469
0.35,499,470
0.40,0,4004
0.40,1,3622
0.40,2,3149
0.40,3,2998
0.40,4,2802
0.40,5,2684
0.40,6,2565
0.40,7,2470
0.40,8,2359
0.40,9,2283
0.40,10,2201
0.40,11,2135
0.40,12,2080
0.40,13,2022
0.40,14,1973
0.40,15,1917
0.40,16,1871
0.40,17,1832
0.40,18,1789
0.40,19,1758
0.40,20,1716
0.40,21,1678
0.40,22,1645
0.40,23,1616
0.40,24,1587
0.40,25,1566
0.40,26,1543
0.40,27,1520
0.40,28,1495
0.40,29,1466
0.40,30,1454
0.40,31,1433
0.40,32,1411
0.40,33,1395
0.40,34,1372
0.40,35,1350
0.40,36,1336
0.40,37,1317
0.40,38,1309
0.40,39,1291
0.40,40,1275
0.40,41,1261
0.40,42,1249
0.40,43,1240
0.40,44,1213
0.40,45,1206
0.40,46,1188
0.40,47,1182
0.40,48,1182
0.40,49,1175
0.40,50,1164
0.40,51,1149
0.40,52,1140
0.40,53,1134
0.40,54,1128
0.40,55,1118
0.40,56,1114
0.40,57,1106
0.40,58,1100
0.40,59,1090
0.40,60,1089
0.40,61,1079
0.40,62,1078
0.40,63,1065
0.40,64,1070
0.40,65,1059
0.40,66,1062
0.40,67,1053
0.40,68,1051
0.40,69,1042
0.40,70,1037
0.40,71,1035
0.40,72,1026
0.40,73,1022
0.40,74,1016
0.40,75,1008
0.40,76,1007
0.40,77,1002
0.40,78,996
0.40,79,994
0.40,80,984
0.40,81,975
0.40,82,977
0.40,83,962
0.40,84,957
0.40,85,952
0.40,86,950
0.40,87,945
0.40,88,940
0.40,89,939
0.40,90,939
0.40,91,935
0.40,92,935
0.40,93,927
0.40,94,921
0.40,95,919
0.40,96,920
0.40,97,911
0.40,98,917
0.40,99,906
0.40,100,918
0.40,101,911
0.40,102,905
0.40,103,908
0.40,104,893
0.40,105,897
0.40,106,887
0.40,107,882
0.40,108,880
0.40,109,872
0.40,110,867
0.40,111,861
0.40,112,855
0.40,113,858
0.40,114,851
0.40,115,850
0.40,116,851
0.40,117,842
0.40,118,843
0.40,119,842
0.40,120,843
0.40,121,837
0.40,122,845
0.40,123,837
0.40,124,835
0.40,125,835
0.40,126,831
0.40,127,826
0.40,128,828
0.40,129,817
0.40,130,819
0.40,131,817
0.40,132,820
0.40,133,814
0.40,134,816
0.40,135,810
0.40,136,809
0.40,137,806
0.40,138,803
0.40,139,798
0.40,140,797
0.40,141,787
0.40,142,792
0.40,143,783
0.40,144,782
0.40,145,776
0.40,146,778
0.40,147,775
0.40,148,771
0.40,149,769
0.40,150,760
0.40,151,755
0.40,152,760
0.40,153,760
0.40,154,756
0.40,155,754
0.40,156,755
0.40,157,749
0.40,158,747
0.40,159,740
0.40,160,745
0.40,161,744
0.40,162,744
0.40,163,738
0.40,164,734
0.40,165,732
0.40,166,726
0.40,167,725
0.40,168,726
0.40,169,718
0.40,170,717
0.40,171,710
0.40,172,710
0.40,173,702
0.40,174,703
0.40,175,698
0.40,176,693
0.40,177,693
0.40,178,692
0.40,179,696
0.40,180,695
0.40,181,694
0.40,182,689
0.40,183,690
0.40,184,689
0.40,185,689
0.40,186,686
0.40,187,687
0.40,188,683
0.40,189,687
0.40,190,680
0.40,191,678
0.40,192,672
0.40,193,667
0.40,194,663
0.40,195,665
0.40,196,659
0.40,197,658
0.40,198,656
0.40,199,663
0.40,200,660
0.40,201,666
0.40,202,662
0.40,203,664
0.40,204,660
0.40,205,663
0.40,206,656
0.40,207,657
0.40,208,651
0.40,209,649
0.40,210,649
0.40,211,643
0.40,212,646
0.40,213,643
0.40,214,639
0.40,215,643
0.40,216,644
0.40,217,645
0.40,218,647
0.40,219,647
0.40,220,643
0.40,221,642
0.40,222,644
0.40,223,641
0.40,224,634
0.40,225,631
0.40,226,632
0.40,227,626
0.40,228,628
0.40,229,623
0.40,230,630
0.40,231,627
0.40,232,627
0.40,233,628
0.40,234,626
0.40,235,627
0.40,236,628
0.40,237,627
0.40,238,622
0.40,239,622
0.40,240,618
0.40,241,618
0.40,242,615
0.40,243,616
0.40,244,614
0.40,245,613
0.40,246,607
0.40,247,610
0.40,248,606
0.40,249,605
0.40,250,607
0.40,251,604
0.40,252,601
0.40,253,602
0.40,254,601
0.40,255,603
0.40,256,602
0.40,257,601
0.40,258,601
0.40,259,595
0.40,260,595
0.40,261,590
0.40,262,593
0.40,263,592
0.40,264,601
0.40,265,597
0.40,266,596
0.40,267,592
0.40,268,600
0.40,269,594
0.40,270,597
0.40,271,592
0.40,272,593
0.40,273,593
0.40,274,594
0.40,275,595
0.40,276,591
0.40,277,592
0.40,278,586
0.40,279,583
0.40,280,585
0.40,281,580
0.40,282,578
0.40,283,578
0.40,284,575
0.40,285,579
0.40,286,578
0.40,287,574
0.40,288,577
0.40,289,576
0.40,290,571
0.40,291,572
0.40,292,570
0.40,293,566
0.40,294,567
0.40,295,567
0.40,296,565
0.40,297,568
0.40,298,566
0.40,299,564
0.40,300,563
0.40,301,560
0.40,302,559
0.40,303,558
0.40,304,559
0.40,305,558
0.40,306,560
0.40,307,556
0.40,308,557
0.40,309,555
0.40,310,556
0.40,311,556
0.40,312,552
0.40,313,556
0.40,314,550
0.40,315,550
0.40,316,552
0.40,317,554
0.40,318,554
0.40,319,550
0.40,320,547
0.40,321,547
0.40,322,549
0.40,323,545
0.40,324,548
0.40,325,545
0.40,326,548
0.40,327,543
0.40,328,545
0.40,329,541
0.40,330,543
0.40,331,544
0.40,332,544
0.40,333,544
0.40,334,534
0.40,335,536
0.40,336,528
0.40,337,531
0.40,338,527
0.40,339,530
0.40,340,526
0.40,341,530
0.40,342,525
0.40,343,525
0.40,344,527
0.40,345,527
0.40,346,529
0.40,347,523
0.40,348,523
0.40,349,522
0.40,350,521
0.40,351,521
0.40,352,520
0.40,353,524
0.40,354,518
0.40,355,521
0.40,356,517
0.40,357,520
0.40,358,521
0.40,359,520
0.40,360,523
0.40,361,527
0.40,362,527
0.40,363,532
0.40,364,526
0.40,365,527
0.40,366,523
0.40,367,527
0.40,368,521
0.40,369,524
0.40,370,520
0.40,371,520
0.40,372,522
0.40,373,519
0.40,374,517
0.40,375,515
0.40,376,514
0.40,377,508
0.40,378,507
0.40,379,507
0.40,380,502
0.40,381,502
0.40,382,500
0.40,383,503
0.40,384,499
0.40,385,505
0.40,386,499
0.40,387,506
0.40,388,503
0.40,389,499
0.40,390,498
0.40,391,494
0.40,392,494
0.40,393,496
0.40,394,495
0.40,395,496
0.40,396,496
0.40,397,492
0.40,398,491
0.40,399,491
0.40,400,491
0.40,401,490
0.40,402,489
0.40,403,489
0.40,404,492
0.40,405,492
0.40,406,496
0.40,407,497
0.40,408,496
0.40,409,493
0.40,410,496
0.40,411,493
0.40,412,492
0.40,413,489
0.40,414,489
0.40,415,485
0.40,416,491
0.40,417,486
0.40,418,490
0.40,419,487
0.40,420,485
0.40,421,485
0.40,422,484
0.40,423,484
0.40,424,482
0.40,425,484
0.40,426,481
0.40,427,482
0.40,428,485
0.40,429,484
0.40,430,482
0.40,431,483
0.40,432,485
0.40,433,485
0.40,434,484
0.40,435,482
0.40,436,479
0.40,437,477
0.40,438,478
0.40,439,477
0.40,440,481
0.40,441,482
0.40,442,483
0.40,443,483
0.40,444,485
0.40,445,484
0.40,446,481
0.40,447,480
0.40,448,477
0.40,449,474
0.40,450,475
0.40,451,475
0.40,452,473
0.40,453,476
0.40,454,474
0.40,455,473
0.40,456,470
0.40,457,466
0.40,458,468
0.40,459,468
0.40,460,464
0.40,461,463
0.40,462,461
0.40,463,462
0.40,464,460
0.40,465,460
0.40,466,459
0.40,467,457
0.40,468,461
0.40,469,462
0.40,470,464
0.40,471,464
0.40,472,465
0.40,473,468
0.40,474,463
0.40,475,467
0.40,476,469
0.40,477,465
0.40,478,470
0.40,479,468
0.40,480,468
0.40,481,464
0.40,482,466
0.40,483,460
0.40,484,460
0.40,485,461
0.40,486,460
0.40,487,459
0.40,488,462
0.40,489,460
0.40,490,459
0.40,491,460
0.40,492,459
0.40,493,460
0.40,494,465
0.40,495,460
0.40,496,462
0.40,497,461
0.40,498,463
0.40,499,460
0.45,0,4501
0.45,1,3307
0.45,2,2993
0.45,3,2870
0.45,4,2697
0.45,5,2589
0.45,6,2476
0.45,7,2391
0.45,8,2300
0.45,9,2241
0.45,10,2159
0.45,11,2094
0.45,12,2039
0.45,13,1983
0.45,14,1927
0.45,15,1879
0.45,16,1840
0.45,17,1800
0.45,18,1757
0.45,19,1724
0.45,20,1693
0.45,21,1659
0.45,22,1639
0.45,23,1612
0.45,24,1586
0.45,25,1557
0.45,26,1534
0.45,27,1499
0.45,28,1483
0.45,29,1458
0.45,30,1444
0.45,31,1416
0.45,32,1394
0.45,33,1378
0.45,34,1364
0.45,35,1350
0.45,36,1340
0.45,37,1327
0.45,38,1316
0.45,39,1301
0.45,40,1292
0.45,41,1280
0.45,42,1270
0.45,43,1257
0.45,44,1243
0.45,45,1231
0.45,46,1214
0.45,47,1205
0.45,48,1202
0.45,49,1188
0.45,50,1185
0.45,51,1177
0.45,52,1170
0.45,53,1165
0.45,54,1154
0.45,55,1139
0.45,56,1126
0.45,57,1119
0.45,58,1116
0.45,59,1097
0.45,60,1100
0.45,61,1097
0.45,62,1090
0.45,63,1078
0.45,64,1076
0.45,65,1062
0.45,66,1058
0.45,67,1056
0.45,68,1044
0.45,69,1031
0.45,70,1026
0.45,71,1015
0.45,72,1010
0.45,73,999
0.45,74,1002
0.45,75,992
0.45,76,985
0.45,77,979
0.45,78,975
0.45,79,967
0.45,80,970
0.45,81,959
0.45,82,964
0.45,83,950
0.45,84,952
0.45,85,941
0.45,86,942
0.45,87,931
0.45,88,925
0.45,89,925
0.45,90,918
0.45,91,905
0.45,92,909
0.45,93,901
0.45,94,900
0.45,95,895
0.45,96,892
0.45,97,894
0.45,98,887
0.45,99,887
0.45,100,881
0.45,101,877
0.45,102,876
0.45,103,867
0.45,104,862
0.45,105,856
0.45,106,848
0.45,107,845
0.45,108,841
0.45,109,843
0.45,110,829
0.45,111,831
0.45,112,822
0.45,113,821
0.45,114,817
0.45,115,809
0.45,116,805
0.45,117,800
0.45,118,799
0.45,119,795
0.45,120,792
0.45,121,781
0.45,122,783
0.45,123,780
0.45,124,782
0.45,125,786
0.45,126,783
0.45,127,786
0.45,128,779
0.45,129,777
0.45,130,772
0.45,131,772
0.45,132,775
0.45,133,771
0.45,134,766
0.45,135,768
0.45,136,763
0.45,137,761
0.45,138,751
0.45,139,754
0.45,140,746
0.45,141,743
0.45,142,747
0.45,143,746
0.45,144,744
0.45,145,746
0.45,146,745
0.45,147,743
0.45,148,746
0.45,149,742
0.45,150,739
0.45,151,737
0.45,152,735
0.45,153,735
0.45,154,726
0.45,155,733
0.45,156,726
0.45,157,728
0.45,158,726
0.45,159,723
0.45,160,719
0.45,161,713
0.45,162,707
0.45,163,700
0.45,164,701
0.45,165,697
0.45,166,702
0.45,167,698
0.45,168,695
0.45,169,693
0.45,170,695
0.45,171,696
0.45,172,695
0.45,173,694
0.45,174,693
0.45,175,693
0.45,176,691
0.45,177,691
0.45,178,686
0.45,179,686
0.45,180,685
0.45,181,686
0.45,182,684
0.45,183,683
0.45,184,683
0.45,185,676
0.45,186,675
0.45,187,678
0.45,188,676
0.45,189,673
0.45,190,671
0.45,191,668
0.45,192,668
0.45,193,665
0.45,194,665
0.45,195,662
0.45,196,658
0.45,197,656
0.45,198,657
0.45,199,659
0.45,200,656
0.45,201,652
0.45,202,652
0.45,203,652
0.45,204,646
0.45,205,644
0.45,206,646
0.45,207,646
0.45,208,643
0.45,209,645
0.45,210,644
0.45,211,640
0.45,212,646
0.45,213,639
0.45,214,639
0.45,215,637
0.45,216,639
0.45,217,630
0.45,218,634
0.45,219,633
0.45,220,635
0.45,221,629
0.45,222,626
0.45,223,628
0.45,224,623
0.45,225,626
0.45,226,625
0.45,227,626
0.45,228,630
0.45,229,626
0.45,230,623
0.45,231,624
0.45,232,620
0.45,233,620
0.45,234,623
0.45,235,622
0.45,236,625
0.45,237,623
0.45,238,623
0.45,239,618
0.45,240,621
0.45,241,618
0.45,242,618
0.45,243,612
0.45,244,612
0.45,245,609
0.45,246,613
0.45,247,616
0.45,248,617
0.45,249,617
0.45,250,614
0.45,251,616
0.45,252,621
0.45,253,617
0.45,254,618
0.45,255,616
0.45,256,618
0.45,257,611
0.45,258,610
0.45,259,605
0.45,260,605
0.45,261,602
0.45,262,602
0.45,263,595
0.45,264,597
0.45,265,594
0.45,266,590
0.45,267,592
0.45,268,589
0.45,269,591
0.45,270,594
0.45,271,591
0.45,272,588
0.45,273,587
0.45,274,588
0.45,275,588
0.45,276,587
0.45,277,588
0.45,278,588
0.45,279,585
0.45,280,579
0.45,281,578
0.45,282,580
0.45,283,582
0.45,284,583
0.45,285,579
0.45,286,580
0.45,287,581
0.45,288,579
0.45,289,579
0.45,290,581
0.45,291,580
0.45,292,577
0.45,293,575
0.45,294,570
0.45,295,571
0.45,296,570
0.45,297,568
0.45,298,563
0.45,299,565
0.45,300,561
0.45,301,556
0.45,302,553
0.45,303,555
0.45,304,552
0.45,305,552
0.45,306,546
0.45,307,551
0.45,308,549
0.45,309,546
0.45,310,545
0.45,311,549
0.45,312,547
0.45,313,550
0.45,314,549
0.45,315,548
0.45,316,541
0.45,317,540
0.45,318,537
0.45,319,538
0.45,320,537
0.45,321,539
0.45,322,539
0.45,323,537
0.45,324,537
0.45,325,536
0.45,326,532
0.45,327,534
0.45,328,530
0.45,329,531
0.45,330,531
0.45,331,531
0.45,332,528
0.45,333,530
0.45,334,527
0.45,335,526
0.45,336,524
0.45,337,520
0.45,338,521
0.45,339,518
0.45,340,523
0.45,341,518
0.45,342,524
0.45,343,521
0.45,344,526
0.45,345,520
0.45,346,522
0.45,347,523
0.45,348,527
0.45,349,527
0.45,350,528
0.45,351,526
0.45,352,525
0.45,353,526
0.45,354,524
0.45,355,528
0.45,356,528
0.45,357,530
0.45,358,528
0.45,359,529
0.45,360,530
0.45,361,529
0.45,362,531
0.45,363,526
0.45,364,529
0.45,365,525
0.45,366,528
0.45,367,527
0.45,368,530
0.45,369,527
0.45,370,526
0.45,371,527
0.45,372,523
0.45,373,522
0.45,374,521
0.45,375,521
0.45,376,526
0.45,377,521
0.45,378,523
0.45,379,523
0.45,380,523
0.45,381,522
0.45,382,526
0.45,383,521
0.45,384,521
0.45,385,521
0.45,386,521
0.45,387,524
0.45,388,525
0.45,389,524
0.45,390,524
0.45,391,524
0.45,392,522
0.45,393,520
0.45,394,524
0.45,395,524
0.45,396,524
0.45,397,525
0.45,398,523
0.45,399,528
0.45,400,525
0.45,401,523
0.45,402,523
0.45,403,520
0.45,404,519
0.45,405,520
0.45,406,519
0.45,407,514
0.45,408,514
0.45,409,512
0.45,410,511
0.45,411,509
0.45,412,506
0.45,413,508
0.45,414,505
0.45,415,503
0.45,416,507
0.45,417,503
0.45,418,505
0.45,419,500
0.45,420,504
0.45,421,501
0.45,422,505
0.45,423,501
0.45,424,502
0.45,425,502
0.45,426,504
0.45,427,504
0.45,428,510
0.45,429,502
0.45,430,508
0.45,431,502
0.45,432,503
0.45,433,501
0.45,434,503
0.45,435,499
0.45,436,496
0.45,437,496
0.45,438,494
0.45,439,489
0.45,440,487
0.45,441,490
0.45,442,487
0.45,443,489
0.45,444,486
0.45,445,493
0.45,446,489
0.45,447,489
0.45,448,487
0.45,449,487
0.45,450,488
0.45,451,488
0.45,452,487
0.45,453,487
0.45,454,484
0.45,455,487
0.45,456,485
0.45,457,488
0.45,458,484
0.45,459,489
0.45,460,485
0.45,461,489
0.45,462,487
0.45,463,491
0.45,464,491
0.45,465,490
0.45,466,488
0.45,467,486
0.45,468,488
0.45,469,488
0.45,470,483
0.45,471,486
0.45,472,485
0.45,473,485
0.45,474,485
0.45,475,488
0.45,476,489
0.45,477,489
0.45,478,487
0.45,479,489
0.45,480,484
0.45,481,485
0.45,482,481
0.45,483,480
0.45,484,477
0.45,485,477
0.45,486,476
0.45,487,475
0.45,488,472
0.45,489,470
0.45,490,472
0.45,491,467
0.45,492,471
0.45,493,468
0.45,494,467
0.45,495,466
0.45,496,470
0.45,497,465
0.45,498,467
0.45,499,464
0.50,0,4999
0.50,1,2807
0.50,2,2596
0.50,3,2520
0.50,4,2398
0.50,5,2313
0.50,6,2216
0.50,7,2151
0.50,8,2071
0.50,9,2008
0.50,10,1959
0.50,11,1906
0.50,12,1846
0.50,13,1805
0.50,14,1775
0.50,15,1746
0.50,16,1699
0.50,17,1666
0.50,18,1629
0.50,19,1608
0.50,20,1579
0.50,21,1549
0.50,22,1527
0.50,23,1501
0.50,24,1485
0.50,25,1468
0.50,26,1443
0.50,27,1437
0.50,28,1410
0.50,29,1389
0.50,30,1371
0.50,31,1361
0.50,32,1342
0.50,33,1339
0.50,34,1327
0.50,35,1311
0.50,36,1302
0.50,37,1291
0.50,38,1281
0.50,39,1275
0.50,40,1261
0.50,41,1251
0.50,42,1235
0.50,43,1227
0.50,44,1218
0.50,45,1207
0.50,46,1197
0.50,47,1182
0.50,48,1173
0.50,49,1163
0.50,50,1155
0.50,51,1143
0.50,52,1132
0.50,53,1120
0.50,54,1110
0.50,55,1106
0.50,56,1090
0.50,57,1093
0.50,58,1076
0.50,59,1071
0.50,60,1068
0.50,61,1063
0.50,62,1059
0.50,63,1046
0.50,64,1038
0.50,65,1027
0.50,66,1019
0.50,67,1013
0.50,68,1008
0.50,69,1003
0.50,70,1000
0.50,71,986
0.50,72,986
0.50,73,976
0.50,74,975
0.50,75,965
0.50,76,961
0.50,77,953
0.50,78,949
0.50,79,941
0.50,80,938
0.50,81,936
0.50,82,932
0.50,83,928
0.50,84,927
0.50,85,921
0.50,86,918
0.50,87,912
0.50,88,909
0.50,89,911
0.50,90,908
0.50,91,898
0.50,92,900
0.50,93,894
0.50,94,893
0.50,95,889
0.50,96,888
0.50,97,881
0.50,98,884
0.50,99,881
0.50,100,870
0.50,101,862
0.50,102,856
0.50,103,849
0.50,104,845
0.50,105,838
0.50,106,835
0.50,107,833
0.50,108,833
0.50,109,831
0.50,110,825
0.50,111,818
0.50,112,817
0.50,113,820
0.50,114,815
0.50,115,813
0.50,116,805
0.50,117,806
0.50,118,796
0.50,119,800
0.50,120,796
0.50,121,795
0.50,122,794
0.50,123,794
0.50,124,793
0.50,125,792
0.50,126,788
0.50,127,789
0.50,128,787
0.50,129,783
0.50,130,786
0.50,131,781
0.50,132,777
0.50,133,779
0.50,134,771
0.50,135,773
0.50,136,768
0.50,137,767
0.50,138,766
0.50,139,771
0.50,140,765
0.50,141,763
0.50,142,763
0.50,143,763
0.50,144,763
0.50,145,760
0.50,146,756
0.50,147,750
0.50,148,746
0.50,149,743
0.50,150,749
0.50,151,748
0.50,152,745
0.50,153,740
0.50,154,742
0.50,155,734
0.50,156,732
0.50,157,724
0.50,158,722
0.50,159,725
0.50,160,730
0.50,161,727
0.50,162,731
0.50,163,730
0.50,164,732
0.50,165,727
0.50,166,729
0.50,167,723
0.50,168,726
0.50,169,722
0.50,170,728
0.50,171,726
0.50,172,723
0.50,173,720
0.50,174,713
0.50,175,712
0.50,176,711
0.50,177,709
0.50,178,709
0.50,179,711
0.50,180,708
0.50,181,704
0.50,182,699
0.50,183,702
0.50,184,698
0.50,185,701
0.50,186,698
0.50,187,696
0.50,188,698
0.50,189,700
0.50,190,698
0.50,191,687
0.50,192,695
0.50,193,688
0.50,194,691
0.50,195,690
0.50,196,694
0.50,197,688
0.50,198,686
0.50,199,678
0.50,200,678
0.50,201,673
0.50,202,668
0.50,203,672
0.50,204,671
0.50,205,674
0.50,206,670
0.50,207,671
0.50,208,671
0.50,209,670
0.50,210,666
0.50,211,667
0.50,212,663
0.50,213,660
0.50,214,659
0.50,215,655
0.50,216,655
0.50,217,651
0.50,218,655
0.50,219,656
0.50,220,653
0.50,221,654
0.50,222,651
0.50,223,648
0.50,224,650
0.50,225,650
0.50,226,650
0.50,227,649
0.50,228,649
0.50,229,646
0.50,230,646
0.50,231,648
0.50,232,644
0.50,233,646
0.50,234,641
0.50,235,638
0.50,236,642
0.50,237,636
0.50,238,640
0.50,239,638
0.50,240,638
0.50,241,639
0.50,242,641
0.50,243,636
0.50,244,639
0.50,245,637
0.50,246,636
0.50,247,631
0.50,248,635
0.50,249,636
0.50,250,631
0.50,251,629
0.50,252,634
0.50,253,627
0.50,254,626
0.50,255,625
0.50,256,620
0.50,257,622
0.50,258,617
0.50,259,618
0.50,260,613
0.50,261,611
0.50,262,610
0.50,263,607
0.50,264,604
0.50,265,605
0.50,266,599
0.50,267,600
0.50,268,593
0.50,269,595
0.50,270,593
0.50,271,590
0.50,272,590
0.50,273,585
0.50,274,583
0.50,275,583
0.50,276,579
0.50,277,579
0.50,278,576
0.50,279,578
0.50,280,577
0.50,281,573
0.50,282,577
0.50,283,578
0.50,284,573
0.50,285,574
0.50,286,572
0.50,287,575
0.50,288,576
0.50,289,578
0.50,290,577
0.50,291,574
0.50,292,582
0.50,293,575
0.50,294,581
0.50,295,579
0.50,296,582
0.50,297,584
0.50,298,578
0.50,299,579
0.50,300,576
0.50,301,575
0.50,302,576
0.50,303,575
0.50,304,572
0.50,305,573
0.50,306,573
0.50,307,571
0.50,308,575
0.50,309,572
0.50,310,577
0.50,311,580
0.50,312,582
0.50,313,581
0.50,314,579
0.50,315,578
0.50,316,577
0.50,317,575
0.50,318,571
0.50,319,572
0.50,320,569
0.50,321,568
0.50,322,565
0.50,323,564
0.50,324,569
0.50,325,567
0.50,326,569
0.50,327,567
0.50,328,561
0.50,329,567
0.50,330,563
0.50,331,570
0.50,332,560
0.50,333,568
0.50,334,562
0.50,335,558
0.50,336,557
0.50,337,553
0.50,338,552
0.50,339,550
0.50,340,550
0.50,341,543
0.50,342,543
0.50,343,544
0.50,344,544
0.50,345,547
0.50,346,547
0.50,347,543
0.50,348,544
0.50,349,545
0.50,350,549
0.50,351,540
0.50,352,542
0.50,353,539
0.50,354,539
0.50,355,538
0.50,356,537
0.50,357,539
0.50,358,537
0.50,359,535
0.50,360,534
0.50,361,536
0.50,362,542
0.50,363,536
0.50,364,541
0.50,365,537
0.50,366,539
0.50,367,539
0.50,368,538
0.50,369,534
0.50,370,533
0.50,371,531
0.50,372,529
0.50,373,528
0.50,374,529
0.50,375,523
0.50,376,521
0.50,377,521
0.50,378,519
0.50,379,518
0.50,380,517
0.50,381,516
0.50,382,516
0.50,383,516
0.50,384,519
0.50,385,520
0.50,386,521
0.50,387,518
0.50,388,523
0.50,389,517
0.50,390,511
0.50,391,514
0.50,392,511
0.50,393,511
0.50,394,509
0.50,395,512
0.50,396,510
0.50,397,514
0.50,398,508
0.50,399,510
0.50,400,511
0.50,401,510
0.50,402,513
0.50,403,513
0.50,404,514
0.50,405,517
0.50,406,515
0.50,407,509
0.50,408,505
0.50,409,506
0.50,410,502
0.50,411,504
0.50,412,502
0.50,413,500
0.50,414,503
0.50,415,501
0.50,416,499
0.50,417,498
0.50,418,500
0.50,419,499
0.50,420,503
0.50,421,502
0.50,422,501
0.50,423,501
0.50,424,498
0.50,425,502
0.50,426,498
0.50,427,504
0.50,428,504
0.50,429,502
0.50,430,500
0.50,431,498
0.50,432,500
0.50,433,500
0.50,434,497
0.50,435,497
0.50,436,499
0.50,437,499
0.50,438,498
0.50,439,496
0.50,440,494
0.50,441,493
0.50,442,493
0.50,443,496
0.50,444,492
0.50,445,495
0.50,446,487
0.50,447,488
0.50,448,484
0.50,449,484
0.50,450,481
0.50,451,482
0.50,452,483
0.50,453,482
0.50,454,481
0.50,455,480
0.50,456,479
0.50,457,480
0.50,458,479
0.50,459,480
0.50,460,478
0.50,461,478
0.50,462,478
0.50,463,479
0.50,464,475
0.50,465,476
0.50,466,477
0.50,467,474
0.50,468,474
0.50,469,473
0.50,470,475
0.50,471,478
0.50,472,476
0.50,473,472
0.50,474,469
0.50,475,470
0.50,476,470
0.50,477,468
0.50,478,469
0.50,479,466
0.50,480,465
0.50,481,463
0.50,482,463
0.50,483,460
0.50,484,457
0.50,485,458
0.50,486,457
0.50,487,459
0.50,488,457
0.50,489,457
0.50,490,457
0.50,491,456
0.50,492,458
0.50,493,458
0.50,494,462
0.50,495,460
0.50,496,462
0.50,497,459
0.50,498,458
0.50,499,456
0.55,0,5505
0.55,1,2208
0.55,2,2037
0.55,3,1972
0.55,4,1880
0.55,5,1818
0.55,6,1760
0.55,7,1719
0.55,8,1675
0.55,9,1650
0.55,10,1616
0.55,11,1590
0.55,12,1556
0.55,13,1531
0.55,14,1504
0.55,15,1482
0.55,16,1443
0.55,17,1436
0.55,18,1409
0.55,19,1393
0.55,20,1372
0.55,21,1354
0.55,22,1336
0.55,23,1319
0.55,24,1308
0.55,25,1284
0.55,26,1285
0.55,27,1261
0.55,28,1252
0.55,29,1243
0.55,30,1229
0.55,31,1225
0.55,32,1214
0.55,33,1198
0.55,34,1204
0.55,35,1187
0.55,36,1181
0.55,37,1170
0.55,38,1157
0.55,39,1142
0.55,40,1135
0.55,41,1121
0.55,42,1117
0.55,43,1107
0.55,44,1098
0.55,45,1092
0.55,46,1085
0.55,47,1074
0.55,48,1062
0.55,49,1054
0.55,50,1051
0.55,51,1043
0.55,52,1032
0.55,53,1026
0.55,54,1016
0.55,55,1009
0.55,56,1001
0.55,57,989
0.55,58,986
0.55,59,976
0.55,60,978
0.55,61,972
0.55,62,967
0.55,63,967
0.55,64,963
0.55,65,959
0.55,66,958
0.55,67,947
0.55,68,944
0.55,69,945
0.55,70,935
0.55,71,941
0.55,72,938
0.55,73,941
0.55,74,930
0.55,75,928
0.55,76,926
0.55,77,916
0.55,78,919
0.55,79,904
0.55,80,907
0.55,81,904
0.55,82,899
0.55,83,901
0.55,84,896
0.55,85,889
0.55,86,887
0.55,87,889
0.55,88,885
0.55,89,886
0.55,90,884
0.55,91,879
0.55,92,868
0.55,93,861
0.55,94,857
0.55,95,857
0.55,96,851
0.55,97,853
0.55,98,852
0.55,99,848
0.55,100,840
0.55,101,847
0.55,102,839
0.55,103,830
0.55,104,834
0.55,105,828
0.55,106,820
0.55,107,816
0.55,108,810
0.55,109,809
0.55,110,810
0.55,111,816
0.55,112,815
0.55,113,814
0.55,114,806
0.55,115,811
0.55,116,804
0.55,117,808
0.55,118,806
0.55,119,814
0.55,120,812
0.55,121,812
0.55,122,807
0.55,123,805
0.55,124,794
0.55,125,799
0.55,126,786
0.55,127,785
0.55,128,780
0.55,129,770
0.55,130,766
0.55,131,764
0.55,132,759
0.55,133,757
0.55,134,761
0.55,135,754
0.55,136,755
0.55,137,761
0.55,138,750
0.55,139,754
0.55,140,751
0.55,141,740
0.55,142,741
0.55,143,746
0.55,144,741
0.55,145,741
0.55,146,736
0.55,147,739
0.55,148,738
0.55,149,734
0.55,150,736
0.55,151,735
0.55,152,731
0.55,153,728
0.55,154,726
0.55,155,722
0.55,156,715
0.55,157,710
0.55,158,712
0.55,159,707
0.55,160,709
0.55,161,711
0.55,162,707
0.55,163,711
0.55,164,706
0.55,165,706
0.55,166,703
0.55,167,702
0.55,168,699
0.55,169,702
0.55,170,696
0.55,171,699
0.55,172,700
0.55,173,698
0.55,174,700
0.55,175,700
0.55,176,697
0.55,177,694
0.55,178,686
0.55,179,689
0.55,180,688
0.55,181,692
0.55,182,686
0.55,183,680
0.55,184,676
0.55,185,675
0.55,186,675
0.55,187,668
0.55,188,667
0.55,189,662
0.55,190,667
0.55,191,658
0.55,192,662
0.55,193,659
0.55,194,655
0.55,195,654
0.55,196,646
0.55,197,647
0.55,198,641
0.55,199,643
0.55,200,646
0.55,201,644
0.55,202,646
0.55,203,642
0.55,204,638
0.55,205,639
0.55,206,636
0.55,207,636
0.55,208,638
0.55,209,635
0.55,210,632
0.55,211,633
0.55,212,635
0.55,213,625
0.55,214,628
0.55,215,628
0.55,216,629
0.55,217,619
0.55,218,618
0.55,219,616
0.55,220,613
0.55,221,615
0.55,222,612
0.55,223,614
0.55,224,609
0.55,225,610
0.55,226,609
0.55,227,611
0.55,228,608
0.55,229,611
0.55,230,606
0.55,231,602
0.55,232,600
0.55,233,600
0.55,234,599
0.55,235,597
0.55,236,600
0.55,237,596
0.55,238,594
0.55,239,594
0.55,240,602
0.55,241,592
0.55,242,595
0.55,243,592
0.55,244,593
0.55,245,593
0.55,246,591
0.55,247,588
0.55,248,586
0.55,249,584
0.55,250,579
0.55,251,579
0.55,252,580
0.55,253,581
0.55,254,579
0.55,255,579
0.55,256,580
0.55,257,577
0.55,258,578
0.55,259,576
0.55,260,572
0.55,261,577
0.55,262,577
0.55,263,573
0.55,264,570
0.55,265,576
0.55,266,569
0.55,267,571
0.55,268,569
0.55,269,573
0.55,270,569
0.55,271,572
0.55,272,566
0.55,273,563
0.55,274,562
0.55,275,560
0.55,276,559
0.55,277,559
0.55,278,560
0.55,279,558
0.55,280,559
0.55,281,560
0.55,282,559
0.55,283,556
0.55,284,552
0.55,285,552
0.55,286,555
0.55,287,554
0.55,288,555
0.55,289,552
0.55,290,554
0.55,291,551
0.55,292,551
0.55,293,550
0.55,294,552
0.55,295,548
0.55,296,546
0.55,297,542
0.55,298,546
0.55,299,544
0.55,300,542
0.55,301,539
0.55,302,537
0.55,303,530
0.55,304,532
0.55,305,527
0.55,306,529
0.55,307,529
0.55,308,530
0.55,309,527
0.55,310,532
0.55,311,532
0.55,312,531
0.55,313,531
0.55,314,531
0.55,315,532
0.55,316,526
0.55,317,529
0.55,318,527
0.55,319,525
0.55,320,524
0.55,321,522
0.55,322,523
0.55,323,515
0.55,324,516
0.55,325,514
0.55,326,519
0.55,327,520
0.55,328,520
0.55,329,520
0.55,330,523
0.55,331,521
0.55,332,520
0.55,333,520
0.55,334,516
0.55,335,518
0.55,336,516
0.55,337,515
0.55,338,518
0.55,339,515
0.55,340,513
0.55,341,513
0.55,342,511
0.55,343,511
0.55,344,510
0.55,345,508
0.55,346,508
0.55,347,510
0.55,348,508
0.55,349,508
0.55,350,509
0.55,351,510
0.55,352,507
0.55,353,512
0.55,354,506
0.55,355,509
0.55,356,503
0.55,357,507
0.55,358,504
0.55,359,501
0.55,360,503
0.55,361,503
0.55,362,503
0.55,363,503
0.55,364,505
0.55,365,503
0.55,366,504
0.55,367,504
0.55,368,504
0.55,369,504
0.55,370,504
0.55,371,504
0.55,372,499
0.55,373,497
0.55,374,494
0.55,375,495
0.55,376,492
0.55,377,497
0.55,378,493
0.55,379,490
0.55,380,490
0.55,381,490
0.55,382,488
0.55,383,489
0.55,384,485
0.55,385,487
0.55,386,486
0.55,387,487
0.55,388,486
0.55,389,488
0.55,390,487
0.55,391,489
0.55,392,484
0.55,393,485
0.55,394,483
0.55,395,482
0.55,396,483
0.55,397,484
0.55,398,485
0.55,399,489
0.55,400,487
0.55,401,487
0.55,402,488
0.55,403,488
0.55,404,490
0.55,405,488
0.55,406,486
0.55,407,485
0.55,408,485
0.55,409,488
0.55,410,488
0.55,411,486
0.55,412,486
0.55,413,487
0.55,414,486
0.55,415,487
0.55,416,488
0.55,417,489
0.55,418,490
0.55,419,491
0.55,420,489
0.55,421,490
0.55,422,491
0.55,423,490
0.55,424,491
0.55,425,494
0.55,426,487
0.55,427,490
0.55,428,487
0.55,429,489
0.55,430,488
0.55,431,489
0.55,432,491
0.55,433,488
0.55,434,485
0.55,435,484
0.55,436,486
0.55,437,486
0.55,438,485
0.55,439,483
0.55,440,485
0.55,441,484
0.55,442,480
0.55,443,480
0.55,444,478
0.55,445,476
0.55,446,480
0.55,447,477
0.55,448,474
0.55,449,477
0.55,450,475
0.55,451,477
0.55,452,476
0.55,453,474
0.55,454,473
0.55,455,471
0.55,456,468
0.55,457,469
0.55,458,470
0.55,459,469
0.55,460,470
0.55,461,470
0.55,462,469
0.55,463,470
0.55,464,469
0.55,465,468
0.55,466,468
0.55,467,469
0.55,468,466
0.55,469,464
0.55,470,463
0.55,471,460
0.55,472,462
0.55,473,462
0.55,474,458
0.55,475,457
0.55,476,457
0.55,477,456
0.55,478,458
0.55,479,459
0.55,480,459
0.55,481,455
0.55,482,454
0.55,483,453
0.55,484,453
0.55,485,456
0.55,486,456
0.55,487,456
0.55,488,454
0.55,489,453
0.55,490,455
0.55,491,456
0.55,492,457
0.55,493,458
0.55,494,457
0.55,495,457
0.55,496,456
0.55,497,457
0.55,498,453
0.55,499,459
0.60,0,5991
0.60,1,1626
0.60,2,1435
0.60,3,1344
0.60,4,1284
0.60,5,1244
0.60,6,1213
0.60,7,1194
0.60,8,1185
0.60,9,1182
0.60,10,1175
0.60,11,1170
0.60,12,1163
0.60,13,1157
0.60,14,1152
0.60,15,1138
0.60,16,1139
0.60,17,1135
0.60,18,1131
0.60,19,1120
0.60,20,1114
0.60,21,1105
0.60,22,1095
0.60,23,1089
0.60,24,1083
0.60,25,1079
0.60,26,1073
0.60,27,1062
0.60,28,1059
0.60,29,1054
0.60,30,1047
0.60,31,1047
0.60,32,1037
0.60,33,1043
0.60,34,1034
0.60,35,1021
0.60,36,1020
0.60,37,1004
0.60,38,998
0.60,39,988
0.60,40,987
0.60,41,984
0.60,42,985
0.60,43,988
0.60,44,973
0.60,45,976
0.60,46,972
0.60,47,963
0.60,48,956
0.60,49,959
0.60,50,955
0.60,51,952
0.60,52,952
0.60,53,942
0.60,54,941
0.60,55,936
0.60,56,938
0.60,57,934
0.60,58,926
0.60,59,919
0.60,60,911
0.60,61,905
0.60,62,897
0.60,63,893
0.60,64,891
0.60,65,889
0.60,66,888
0.60,67,873
0.60,68,879
0.60,69,874
0.60,70,870
0.60,71,865
0.60,72,862
0.60,73,857
0.60,74,858
0.60,75,852
0.60,76,850
0.60,77,849
0.60,78,841
0.60,79,839
0.60,80,833
0.60,81,830
0.60,82,829
0.60,83,826
0.60,84,821
0.60,85,828
0.60,86,824
0.60,87,823
0.60,88,820
0.60,89,813
0.60,90,813
0.60,91,805
0.60,92,796
0.60,93,796
0.60,94,794
0.60,95,795
0.60,96,793
0.60,97,788
0.60,98,785
0.60,99,786
0.60,100,786
0.60,101,788
0.60,102,789
0.60,103,788
0.60,104,787
0.60,105,784
0.60,106,783
0.60,107,782
0.60,108,780
0.60,109,778
0.60,110,775
0.60,111,773
0.60,112,775
0.60,113,773
0.60,114,774
0.60,115,766
0.60,116,764
0.60,117,756
0.60,118,762
0.60,119,762
0.60,120,758
0.60,121,757
0.60,122,759
0.60,123,753
0.60,124,753
0.60,125,749
0.60,126,754
0.60,127,751
0.60,128,750
0.60,129,743
0.60,130,743
0.60,131,743
0.60,132,736
0.60,133,737
0.60,134,739
0.60,135,737
0.60,136,737
0.60,137,726
0.60,138,731
0.60,139,728
0.60,140,726
0.60,141,724
0.60,142,725
0.60,143,720
0.60,144,726
0.60,145,720
0.60,146,713
0.60,147,713
0.60,148,712
0.60,149,711
0.60,150,714
0.60,151,709
0.60,152,711
0.60,153,710
0.60,154,710
0.60,155,705
0.60,156,698
0.60,157,696
0.60,158,694
0.60,159,688
0.60,160,687
0.60,161,682
0.60,162,678
0.60,163,675
0.60,164,678
0.60,165,675
0.60,166,678
0.60,167,670
0.60,168,669
0.60,169,667
0.60,170,666
0.60,171,659
0.60,172,668
0.60,173,664
0.60,174,667
0.60,175,667
0.60,176,665
0.60,177,667
0.60,178,662
0.60,179,664
0.60,180,664
0.60,181,660
0.60,182,655
0.60,183,655
0.60,184,653
0.60,185,651
0.60,186,655
0.60,187,654
0.60,188,650
0.60,189,652
0.60,190,652
0.60,191,648
0.60,192,648
0.60,193,645
0.60,194,644
0.60,195,639
0.60,196,638
0.60,197,629
0.60,198,638
0.60,199,631
0.60,200,629
0.60,201,626
0.60,202,624
0.60,203,626
0.60,204,626
0.60,205,632
0.60,206,629
0.60,207,629
0.60,208,628
0.60,209,628
0.60,210,628
0.60,211,628
0.60,212,628
0.60,213,626
0.60,214,631
0.60,215,619
0.60,216,620
0.60,217,616
0.60,218,614
0.60,219,611
0.60,220,613
0.60,221,604
0.60,222,609
0.60,223,606
0.60,224,603
0.60,225,603
0.60,226,605
0.60,227,609
0.60,228,610
0.60,229,613
0.60,230,605
0.60,231,607
0.60,232,599
0.60,233,603
0.60,234,599
0.60,235,604
0.60,236,597
0.60,237,598
0.60,238,595
0.60,239,596
0.60,240,587
0.60,241,589
0.60,242,583
0.60,243,581
0.60,244,583
0.60,245,586
0.60,246,579
0.60,247,574
0.60,248,572
0.60,249,568
0.60,250,567
0.60,251,558
0.60,252,564
0.60,253,559
0.60,254,556
0.60,255,559
0.60,256,557
0.60,257,558
0.60,258,555
0.60,259,556
0.60,260,555
0.60,261,553
0.60,262,552
0.60,263,551
0.60,264,551
0.60,265,550
0.60,266,547
0.60,267,546
0.60,268,547
0.60,269,545
0.60,270,547
0.60,271,550
0.60,272,549
0.60,273,545
0.60,274,547
0.60,275,550
0.60,276,546
0.60,277,550
0.60,278,548
0.60,279,545
0.60,280,546
0.60,281,548
0.60,282,544
0.60,283,545
0.60,284,543
0.60,285,546
0.60,286,549
0.60,287,546
0.60,288,547
0.60,289,548
0.60,290,548
0.60,291,548
0.60,292,546
0.60,293,541
0.60,294,539
0.60,295,541
0.60,296,539
0.60,297,538
0.60,298,538
0.60,299,537
0.60,300,537
0.60,301,532
0.60,302,532
0.60,303,529
0.60,304,534
0.60,305,530
0.60,306,530
0.60,307,529
0.60,308,526
0.60,309,529
0.60,310,526
0.60,311,528
0.60,312,530
0.60,313,530
0.60,314,523
0.60,315,524
0.60,316,525
0.60,317,526
0.60,318,526
0.60,319,526
0.60,320,526
0.60,321,528
0.60,322,528
0.60,323,527
0.60,324,526
0.60,325,524
0.60,326,525
0.60,327,518
0.60,328,517
0.60,329,515
0.60,330,517
0.60,331,516
0.60,332,515
0.60,333,514
0.60,334,514
0.60,335,507
0.60,336,513
0.60,337,517
0.60,338,511
0.60,339,509
0.60,340,513
0.60,341,509
0.60,342,504
0.60,343,505
0.60,344,497
0.60,345,503
0.60,346,503
0.60,347,503
0.60,348,501
0.60,349,501
0.60,350,500
0.60,351,499
0.60,352,509
0.60,353,506
0.60,354,510
0.60,355,513
0.60,356,509
0.60,357,509
0.60,358,510
0.60,359,512
0.60,360,508
0.60,361,508
0.60,362,506
0.60,363,508
0.60,364,509
0.60,365,510
0.60,366,509
0.60,367,509
0.60,368,512
0.60,369,511
0.60,370,515
0.60,371,507
0.60,372,510
0.60,373,504
0.60,374,510
0.60,375,506
0.60,376,505
0.60,377,505
0.60,378,507
0.60,379,509
0.60,380,506
0.60,381,507
0.60,382,507
0.60,383,507
0.60,384,505
0.60,385,504
0.60,386,502
0.60,387,503
0.60,388,503
0.60,389,500
0.60,390,498
0.60,391,498
0.60,392,495
0.60,393,495
0.60,394,495
0.60,395,492
0.60,396,493
0.60,397,490
0.60,398,489
0.60,399,487
0.60,400,486
0.60,401,487
0.60,402,485
0.60,403,486
0.60,404,480
0.60,405,478
0.60,406,479
0.60,407,477
0.60,408,474
0.60,409,474
0.60,410,476
0.60,411,471
0.60,412,474
0.60,413,470
0.60,414,470
0.60,415,475
0.60,416,473
0.60,417,474
0.60,418,473
0.60,419,470
0.60,420,468
0.60,421,470
0.60,422,471
0.60,423,470
0.60,424,470
0.60,425,465
0.60,426,463
0.60,427,467
0.60,428,466
0.60,429,467
0.60,430,468
0.60,431,465
0.60,432,464
0.60,433,462
0.60,434,462
0.60,435,461
0.60,436,461
0.60,437,460
0.60,438,458
0.60,439,458
0.60,440,458
0.60,441,454
0.60,442,457
0.60,443,459
0.60,444,459
0.60,445,463
0.60,446,464
0.60,447,465
0.60,448,463
0.60,449,462
0.60,450,461
0.60,451,458
0.60,452,460
0.60,453,458
0.60,454,461
0.60,455,459
0.60,456,455
0.60,457,459
0.60,458,460
0.60,459,458
0.60,460,459
0.60,461,458
0.60,462,459
0.60,463,460
0.60,464,461
0.60,465,463
0.60,466,463
0.60,467,465
0.60,468,463
0.60,469,463
0.60,470,459
0.60,471,459
0.60,472,461
0.60,473,460
0.60,474,459
0.60,475,461
0.60,476,463
0.60,477,462
0.60,478,466
0.60,479,462
0.60,480,463
0.60,481,464
0.60,482,466
0.60,483,468
0.60,484,472
0.60,485,468
0.60,486,471
0.60,487,469
0.60,488,467
0.60,489,465
0.60,490,468
0.60,491,466
0.60,492,463
0.60,493,465
0.60,494,464
0.60,495,466
0.60,496,469
0.60,497,464
0.60,498,465
0.60,499,467
0.65,0,6488
0.65,1,1101
0.65,2,869
0.65,3,776
0.65,4,737
0.65,5,712
0.65,6,699
0.65,7,693
0.65,8,696
0.65,9,712
0.65,10,715
0.65,11,727
0.65,12,720
0.65,13,731
0.65,14,734
0.65,15,735
0.65,16,739
0.65,17,740
0.65,18,749
0.65,19,751
0.65,20,752
0.65,21,750
0.65,22,755
0.65,23,759
0.65,24,758
0.65,25,754
0.65,26,753
0.65,27,760
0.65,28,754
0.65,29,755
0.65,30,755
0.65,31,747
0.65,32,751
0.65,33,748
0.65,34,751
0.65,35,744
0.65,36,742
0.65,37,742
0.65,38,740
0.65,39,739
0.65,40,734
0.65,41,743
0.65,42,738
0.65,43,739
0.65,44,736
0.65,45,735
0.65,46,733
0.65,47,732
0.65,48,731
0.65,49,734
0.65,50,728
0.65,51,731
0.65,52,729
0.65,53,728
0.65,54,726
0.65,55,727
0.65,56,725
0.65,57,716
0.65,58,720
0.65,59,713
0.65,60,715
0.65,61,712
0.65,62,716
0.65,63,714
0.65,64,716
0.65,65,708
0.65,66,703
0.65,67,701
0.65,68,700
0.65,69,689
0.65,70,693
0.65,71,687
0.65,72,691
0.65,73,686
0.65,74,690
0.65,75,691
0.65,76,692
0.65,77,691
0.65,78,691
0.65,79,693
0.65,80,685
0.65,81,684
0.65,82,682
0.65,83,684
0.65,84,676
0.65,85,679
0.65,86,678
0.65,87,678
0.65,88,674
0.65,89,674
0.65,90,672
0.65,91,665
0.65,92,662
0.65,93,660
0.65,94,659
0.65,95,654
0.65,96,653
0.65,97,655
0.65,98,658
0.65,99,650
0.65,100,654
0.65,101,644
0.65,102,648
0.65,103,638
0.65,104,640
0.65,105,632
0.65,106,631
0.65,107,636
0.65,108,631
0.65,109,632
0.65,110,631
0.65,111,629
0.65,112,628
0.65,113,629
0.65,114,629
0.65,115,633
0.65,116,635
0.65,117,635
0.65,118,626
0.65,119,625
0.65,120,620
0.65,121,624
0.65,122,618
0.65,123,620
0.65,124,618
0.65,125,624
0.65,126,617
0.65,127,620
0.65,128,615
0.65,129,605
0.65,130,615
0.65,131,609
0.65,132,614
0.65,133,610
0.65,134,607
0.65,135,605
0.65,136,609
0.65,137,606
0.65,138,605
0.65,139,606
0.65,140,603
0.65,141,608
0.65,142,602
0.65,143,597
0.65,144,595
0.65,145,597
0.65,146,595
0.65,147,598
0.65,148,597
0.65,149,597
0.65,150,592
0.65,151,596
0.65,152,597
0.65,153,595
0.65,154,597
0.65,155,594
0.65,156,596
0.65,157,592
0.65,158,585
0.65,159,584
0.65,160,587
0.65,161,587
0.65,162,590
0.65,163,588
0.65,164,585
0.65,165,586
0.65,166,590
0.65,167,593
0.65,168,592
0.65,169,595
0.65,170,593
0.65,171,591
0.65,172,589
0.65,173,590
0.65,174,588
0.65,175,589
0.65,176,585
0.65,177,589
0.65,178,582
0.65,179,582
0.65,180,582
0.65,181,582
0.65,182,585
0.65,183,584
0.65,184,584
0.65,185,579
0.65,186,580
0.65,187,577
0.65,188,574
0.65,189,574
0.65,190,575
0.65,191,572
0.65,192,577
0.65,193,573
0.65,194,570
0.65,195,566
0.65,196,565
0.65,197,564
0.65,198,561
0.65,199,562
0.65,200,561
0.65,201,563
0.65,202,568
0.65,203,567
0.65,204,568
0.65,205,563
0.65,206,562
0.65,207,562
0.65,208,561
0.65,209,560
0.65,210,557
0.65,211,556
0.65,212,555
0.65,213,555
0.65,214,552
0.65,215,551
0.65,216,547
0.65,217,544
0.65,218,549
0.65,219,547
0.65,220,546
0.65,221,541
0.65,222,540
0.65,223,538
0.65,224,534
0.65,225,539
0.65,226,537
0.65,227,536
0.65,228,536
0.65,229,537
0.65,230,538
0.65,231,543
0.65,232,538
0.65,233,539
0.65,234,537
0.65,235,540
0.65,236,538
0.65,237,541
0.65,238,541
0.65,239,543
0.65,240,536
0.65,241,535
0.65,242,530
0.65,243,531
0.65,244,526
0.65,245,527
0.65,246,525
0.65,247,523
0.65,248,525
0.65,249,522
0.65,250,526
0.65,251,519
0.65,252,523
0.65,253,520
0.65,254,519
0.65,255,517
0.65,256,517
0.65,257,516
0.65,258,518
0.65,259,518
0.65,260,519
0.65,261,515
0.65,262,516
0.65,263,516
0.65,264,515
0.65,265,518
0.65,266,520
0.65,267,520
0.65,268,518
0.65,269,517
0.65,270,515
0.65,271,511
0.65,272,513
0.65,273,506
0.65,274,510
0.65,275,508
0.65,276,510
0.65,277,508
0.65,278,506
0.65,279,500
0.65,280,500
0.65,281,499
0.65,282,496
0.65,283,496
0.65,284,497
0.65,285,501
0.65,286,497
0.65,287,498
0.65,288,498
0.65,289,500
0.65,290,499
0.65,291,503
0.65,292,501
0.65,293,502
0.65,294,501
0.65,295,505
0.65,296,503
0.65,297,504
0.65,298,504
0.65,299,505
0.65,300,502
0.65,301,499
0.65,302,500
0.65,303,502
0.65,304,500
0.65,305,505
0.65,306,501
0.65,307,506
0.65,308,503
0.65,309,506
0.65,310,506
0.65,311,503
0.65,312,504
0.65,313,500
0.65,314,503
0.65,315,498
0.65,316,501
0.65,317,500
0.65,318,503
0.65,319,499
0.65,320,499
0.65,321,497
0.65,322,496
0.65,323,495
0.65,324,495
0.65,325,495
0.65,326,499
0.65,327,500
0.65,328,500
0.65,329,499
0.65,330,498
0.65,331,499
0.65,332,497
0.65,333,497
0.65,334,494
0.65,335,491
0.65,336,488
0.65,337,489
0.65,338,487
0.65,339,485
0.65,340,484
0.65,341,484
0.65,342,481
0.65,343,484
0.65,344,482
0.65,345,477
0.65,346,478
0.65,347,473
0.65,348,472
0.65,349,469
0.65,350,469
0.65,351,469
0.65,352,470
0.65,353,469
0.65,354,472
0.65,355,472
0.65,356,474
0.65,357,474
0.65,358,472
0.65,359,473
0.65,360,469
0.65,361,472
0.65,362,465
0.65,363,464
0.65,364,462
0.65,365,460
0.65,366,464
0.65,367,463
0.65,368,464
0.65,369,462
0.65,370,463
0.65,371,466
0.65,372,465
0.65,373,468
0.65,374,465
0.65,375,467
0.65,376,459
0.65,377,459
0.65,378,458
0.65,379,461
0.65,380,458
0.65,381,456
0.65,382,457
0.65,383,452
0.65,384,453
0.65,385,451
0.65,386,451
0.65,387,447
0.65,388,446
0.65,389,441
0.65,390,445
0.65,391,444
0.65,392,445
0.65,393,442
0.65,394,443
0.65,395,442
0.65,396,439
0.65,397,438
0.65,398,439
0.65,399,436
0.65,400,436
0.65,401,433
0.65,402,433
0.65,403,428
0.65,404,427
0.65,405,429
0.65,406,430
0.65,407,433
0.65,408,433
0.65,409,434
0.65,410,438
0.65,411,439
0.65,412,438
0.65,413,439
0.65,414,439
0.65,415,440
0.65,416,439
0.65,417,437
0.65,418,438
0.65,419,437
0.65,420,438
0.65,421,437
0.65,422,440
0.65,423,440
0.65,424,443
0.65,425,441
0.65,426,441
0.65,427,444
0.65,428,436
0.65,429,437
0.65,430,437
0.65,431,433
0.65,432,434
0.65,433,435
0.65,434,435
0.65,435,439
0.65,436,439
0.65,437,437
0.65,438,437
0.65,439,437
0.65,440,435
0.65,441,439
0.65,442,436
0.65,443,434
0.65,444,433
0.65,445,433
0.65,446,435
0.65,447,437
0.65,448,435
0.65,449,436
0.65,450,436
0.65,451,434
0.65,452,433
0.65,453,436
0.65,454,433
0.65,455,433
0.65,456,434
0.65,457,434
0.65,458,432
0.65,459,435
0.65,460,430
0.65,461,431
0.65,462,428
0.65,463,430
0.65,464,429
0.65,465,434
0.65,466,429
0.65,467,430
0.65,468,428
0.65,469,426
0.65,470,426
0.65,471,426
0.65,472,430
0.65,473,425
0.65,474,427
0.65,475,428
0.65,476,425
0.65,477,428
0.65,478,423
0.65,479,423
0.65,480,425
0.65,481,426
0.65,482,426
0.65,483,431
0.65,484,428
0.65,485,431
0.65,486,431
0.65,487,433
0.65,488,429
0.65,489,432
0.65,490,428
0.65,491,429
0.65,492,431
0.65,493,429
0.65,494,432
0.65,495,431
0.65,496,430
0.65,497,428
0.65,498,432
0.65,499,430
0.70,0,7005
0.70,1,676
0.70,2,449
0.70,3,371
0.70,4,349
0.70,5,332
0.70,6,326
0.70,7,331
0.70,8,337
0.70,9,349
0.70,10,354
0.70,11,369
0.70,12,366
0.70,13,377
0.70,14,382
0.70,15,397
0.70,16,400
0.70,17,406
0.70,18,404
0.70,19,407
0.70,20,405
0.70,21,414
0.70,22,413
0.70,23,413
0.70,24,417
0.70,25,421
0.70,26,424
0.70,27,425
0.70,28,424
0.70,29,424
0.70,30,423
0.70,31,424
0.70,32,420
0.70,33,421
0.70,34,425
0.70,35,421
0.70,36,420
0.70,37,420
0.70,38,425
0.70,39,418
0.70,40,424
0.70,41,422
0.70,42,426
0.70,43,424
0.70,44,427
0.70,45,423
0.70,46,427
0.70,47,424
0.70,48,428
0.70,49,427
0.70,50,426
0.70,51,427
0.70,52,423
0.70,53,422
0.70,54,417
0.70,55,414
0.70,56,410
0.70,57,411
0.70,58,411
0.70,59,411
0.70,60,411
0.70,61,411
0.70,62,409
0.70,63,405
0.70,64,407
0.70,65,405
0.70,66,409
0.70,67,407
0.70,68,404
0.70,69,407
0.70,70,411
0.70,71,408
0.70,72,410
0.70,73,409
0.70,74,410
0.70,75,409
0.70,76,411
0.70,77,412
0.70,78,410
0.70,79,411
0.70,80,409
0.70,81,406
0.70,82,409
0.70,83,408
0.70,84,405
0.70,85,409
0.70,86,406
0.70,87,408
0.70,88,403
0.70,89,406
0.70,90,406
0.70,91,404
0.70,92,404
0.70,93,402
0.70,94,402
0.70,95,403
0.70,96,402
0.70,97,399
0.70,98,399
0.70,99,396
0.70,100,398
0.70,101,396
0.70,102,400
0.70,103,398
0.70,104,404
0.70,105,405
0.70,106,405
0.70,107,403
0.70,108,402
0.70,109,404
0.70,110,402
0.70,111,400
0.70,112,397
0.70,113,397
0.70,114,404
0.70,115,402
0.70,116,402
0.70,117,404
0.70,118,404
0.70,119,407
0.70,120,407
0.70,121,407
0.70,122,404
0.70,123,403
0.70,124,402
0.70,125,400
0.70,126,402
0.70,127,404
0.70,128,399
0.70,129,402
0.70,130,398
0.70,131,398
0.70,132,395
0.70,133,399
0.70,134,401
0.70,135,395
0.70,136,400
0.70,137,398
0.70,138,399
0.70,139,396
0.70,140,398
0.70,141,392
0.70,142,394
0.70,143,396
0.70,144,395
0.70,145,401
0.70,146,397
0.70,147,398
0.70,148,392
0.70,149,395
0.70,150,391
0.70,151,393
0.70,152,393
0.70,153,391
0.70,154,390
0.70,155,391
0.70,156,389
0.70,157,392
0.70,158,389
0.70,159,389
0.70,160,388
0.70,161,393
0.70,162,388
0.70,163,392
0.70,164,393
0.70,165,392
0.70,166,394
0.70,167,394
0.70,168,392
0.70,169,391
0.70,170,391
0.70,171,390
0.70,172,388
0.70,173,386
0.70,174,393
0.70,175,391
0.70,176,393
0.70,177,388
0.70,178,392
0.70,179,389
0.70,180,388
0.70,181,381
0.70,182,387
0.70,183,382
0.70,184,387
0.70,185,390
0.70,186,391
0.70,187,392
0.70,188,393
0.70,189,387
0.70,190,392
0.70,191,390
0.70,192,389
0.70,193,387
0.70,194,389
0.70,195,386
0.70,196,389
0.70,197,388
0.70,198,387
0.70,199,387
0.70,200,385
0.70,201,382
0.70,202,385
0.70,203,383
0.70,204,385
0.70,205,383
0.70,206,386
0.70,207,380
0.70,208,384
0.70,209,384
0.70,210,384
0.70,211,386
0.70,212,383
0.70,213,377
0.70,214,378
0.70,215,378
0.70,216,378
0.70,217,378
0.70,218,377
0.70,219,377
0.70,220,377
0.70,221,379
0.70,222,377
0.70,223,379
0.70,224,377
0.70,225,379
0.70,226,380
0.70,227,379
0.70,228,382
0.70,229,384
0.70,230,386
0.70,231,381
0.70,232,384
0.70,233,380
0.70,234,380
0.70,235,381
0.70,236,382
0.70,237,380
0.70,238,379
0.70,239,380
0.70,240,380
0.70,241,379
0.70,242,377
0.70,243,373
0.70,244,374
0.70,245,375
0.70,246,373
0.70,247,371
0.70,248,375
0.70,249,373
0.70,250,375
0.70,251,376
0.70,252,375
0.70,253,379
0.70,254,379
0.70,255,378
0.70,256,376
0.70,257,378
0.70,258,375
0.70,259,377
0.70,260,376
0.70,261,374
0.70,262,373
0.70,263,372
0.70,264,372
0.70,265,375
0.70,266,379
0.70,267,376
0.70,268,377
0.70,269,374
0.70,270,374
0.70,271,376
0.70,272,376
0.70,273,377
0.70,274,375
0.70,275,376
0.70,276,375
0.70,277,376
0.70,278,378
0.70,279,378
0.70,280,377
0.70,281,379
0.70,282,379
0.70,283,382
0.70,284,381
0.70,285,383
0.70,286,387
0.70,287,389
0.70,288,385
0.70,289,386
0.70,290,387
0.70,291,380
0.70,292,380
0.70,293,380
0.70,294,381
0.70,295,381
0.70,296,378
0.70,297,378
0.70,298,374
0.70,299,374
0.70,300,372
0.70,301,372
0.70,302,372
0.70,303,371
0.70,304,377
0.70,305,377
0.70,306,375
0.70,307,378
0.70,308,381
0.70,309,378
0.70,310,376
0.70,311,374
0.70,312,375
0.70,313,373
0.70,314,377
0.70,315,376
0.70,316,377
0.70,317,379
0.70,318,374
0.70,319,376
0.70,320,376
0.70,321,378
0.70,322,381
0.70,323,380
0.70,324,378
0.70,325,380
0.70,326,380
0.70,327,378
0.70,328,380
0.70,329,379
0.70,330,376
0.70,331,376
0.70,332,374
0.70,333,376
0.70,334,375
0.70,335,377
0.70,336,374
0.70,337,379
0.70,338,375
0.70,339,378
0.70,340,377
0.70,341,376
0.70,342,373
0.70,343,374
0.70,344,372
0.70,345,372
0.70,346,373
0.70,347,371
0.70,348,374
0.70,349,372
0.70,350,375
0.70,351,374
0.70,352,375
0.70,353,377
0.70,354,377
0.70,355,378
0.70,356,377
0.70,357,377
0.70,358,378
0.70,359,379
0.70,360,381
0.70,361,381
0.70,362,383
0.70,363,374
0.70,364,380
0.70,365,377
0.70,366,378
0.70,367,377
0.70,368,376
0.70,369,372
0.70,370,372
0.70,371,372
0.70,372,371
0.70,373,372
0.70,374,369
0.70,375,367
0.70,376,368
0.70,377,369
0.70,378,366
0.70,379,369
0.70,380,369
0.70,381,368
0.70,382,371
0.70,383,370
0.70,384,371
0.70,385,370
0.70,386,372
0.70,387,371
0.70,388,371
0.70,389,374
0.70,390,366
0.70,391,374
0.70,392,369
0.70,393,370
0.70,394,369
0.70,395,369
0.70,396,372
0.70,397,375
0.70,398,375
0.70,399,373
0.70,400,375
0.70,401,374
0.70,402,373
0.70,403,375
0.70,404,376
0.70,405,374
0.70,406,376
0.70,407,378
0.70,408,378
0.70,409,377
0.70,410,375
0.70,411,376
0.70,412,378
0.70,413,377
0.70,414,378
0.70,415,379
0.70,416,380
0.70,417,374
0.70,418,376
0.70,419,379
0.70,420,377
0.70,421,378
0.70,422,374
0.70,423,375
0.70,424,376
0.70,425,373
0.70,426,375
0.70,427,373
0.70,428,370
0.70,429,372
0.70,430,373
0.70,431,372
0.70,432,367
0.70,433,369
0.70,434,367
0.70,435,365
0.70,436,364
0.70,437,363
0.70,438,360
0.70,439,363
0.70,440,362
0.70,441,359
0.70,442,359
0.70,443,354
0.70,444,356
0.70,445,355
0.70,446,355
0.70,447,355
0.70,448,355
0.70,449,354
0.70,450,353
0.70,451,354
0.70,452,353
0.70,453,353
0.70,454,356
0.70,455,353
0.70,456,354
0.70,457,355
0.70,458,356
0.70,459,355
0.70,460,360
0.70,461,358
0.70,462,359
0.70,463,358
0.70,464,361
0.70,465,357
0.70,466,358
0.70,467,357
0.70,468,357
0.70,469,358
0.70,470,358
0.70,471,358
0.70,472,357
0.70,473,356
0.70,474,355
0.70,475,355
0.70,476,354
0.70,477,354
0.70,478,355
0.70,479,356
0.70,480,355
0.70,481,359
0.70,482,359
0.70,483,356
0.70,484,357
0.70,485,352
0.70,486,353
0.70,487,353
0.70,488,355
0.70,489,351
0.70,490,354
0.70,491,353
0.70,492,351
0.70,493,355
0.70,494,355
0.70,495,356
0.70,496,356
0.70,497,356
0.70,498,354
0.70,499,357
0.75,0,7503
0.75,1,384
0.75,2,200
0.75,3,151
0.75,4,139
0.75,5,128
0.75,6,124
0.75,7,127
0.75,8,130
0.75,9,137
0.75,10,137
0.75,11,144
0.75,12,140
0.75,13,144
0.75,14,144
0.75,15,148
0.75,16,146
0.75,17,148
0.75,18,149
0.75,19,153
0.75,20,153
0.75,21,153
0.75,22,157
0.75,23,157
0.75,24,157
0.75,25,160
0.75,26,164
0.75,27,166
0.75,28,168
0.75,29,166
0.75,30,166
0.75,31,167
0.75,32,165
0.75,33,169
0.75,34,170
0.75,35,171
0.75,36,170
0.75,37,171
0.75,38,171
0.75,39,170
0.75,40,172
0.75,41,173
0.75,42,174
0.75,43,176
0.75,44,175
0.75,45,177
0.75,46,178
0.75,47,179
0.75,48,179
0.75,49,181
0.75,50,183
0.75,51,183
0.75,52,186
0.75,53,185
0.75,54,186
0.75,55,185
0.75,56,187
0.75,57,185
0.75,58,189
0.75,59,187
0.75,60,188
0.75,61,190
0.75,62,189
0.75,63,188
0.75,64,192
0.75,65,188
0.75,66,191
0.75,67,190
0.75,68,190
0.75,69,190
0.75,70,194
0.75,71,191
0.75,72,194
0.75,73,196
0.75,74,198
0.75,75,194
0.75,76,197
0.75,77,196
0.75,78,196
0.75,79,197
0.75,80,196
0.75,81,198
0.75,82,197
0.75,83,196
0.75,84,198
0.75,85,199
0.75,86,198
0.75,87,196
0.75,88,198
0.75,89,198
0.75,90,198
0.75,91,199
0.75,92,199
0.75,93,201
0.75,94,201
0.75,95,201
0.75,96,201
0.75,97,202
0.75,98,198
0.75,99,201
0.75,100,200
0.75,101,199
0.75,102,199
0.75,103,202
0.75,104,203
0.75,105,205
0.75,106,208
0.75,107,207
0.75,108,208
0.75,109,205
0.75,110,205
0.75,111,206
0.75,112,210
0.75,113,206
0.75,114,208
0.75,115,208
0.75,116,204
0.75,117,205
0.75,118,204
0.75,119,203
0.75,120,204
0.75,121,202
0.75,122,202
0.75,123,201
0.75,124,202
0.75,125,202
0.75,126,204
0.75,127,204
0.75,128,204
0.75,129,205
0.75,130,207
0.75,131,205
0.75,132,204
0.75,133,204
0.75,134,201
0.75,135,202
0.75,136,201
0.75,137,201
0.75,138,202
0.75,139,203
0.75,140,202
0.75,141,202
0.75,142,204
0.75,143,202
0.75,144,207
0.75,145,204
0.75,146,205
0.75,147,206
0.75,148,204
0.75,149,204
0.75,150,203
0.75,151,205
0.75,152,204
0.75,153,205
0.75,154,202
0.75,155,203
0.75,156,199
0.75,157,201
0.75,158,197
0.75,159,201
0.75,160,199
0.75,161,201
0.75,162,198
0.75,163,198
0.75,164,199
0.75,165,198
0.75,166,201
0.75,167,197
0.75,168,196
0.75,169,198
0.75,170,198
0.75,171,197
0.75,172,197
0.75,173,197
0.75,174,197
0.75,175,198
0.75,176,201
0.75,177,198
0.75,178,199
0.75,179,196
0.75,180,198
0.75,181,196
0.75,182,195
0.75,183,194
0.75,184,194
0.75,185,192
0.75,186,189
0.75,187,190
0.75,188,190
0.75,189,189
0.75,190,190
0.75,191,190
0.75,192,191
0.75,193,192
0.75,194,192
0.75,195,194
0.75,196,196
0.75,197,195
0.75,198,193
0.75,199,196
0.75,200,196
0.75,201,195
0.75,202,194
0.75,203,197
0.75,204,194
0.75,205,194
0.75,206,195
0.75,207,195
0.75,208,196
0.75,209,195
0.75,210,195
0.75,211,194
0.75,212,192
0.75,213,193
0.75,214,194
0.75,215,193
0.75,216,192
0.75,217,193
0.75,218,194
0.75,219,193
0.75,220,196
0.75,221,196
0.75,222,198
0.75,223,200
0.75,224,199
0.75,225,201
0.75,226,203
0.75,227,203
0.75,228,203
0.75,229,203
0.75,230,204
0.75,231,203
0.75,232,203
0.75,233,200
0.75,234,199
0.75,235,198
0.75,236,198
0.75,237,201
0.75,238,199
0.75,239,197
0.75,240,198
0.75,241,196
0.75,242,199
0.75,243,197
0.75,244,199
0.75,245,197
0.75,246,197
0.75,247,198
0.75,248,196
0.75,249,198
0.75,250,196
0.75,251,196
0.75,252,196
0.75,253,196
0.75,254,195
0.75,255,195
0.75,256,196
0.75,257,197
0.75,258,195
0.75,259,194
0.75,260,193
0.75,261,191
0.75,262,194
0.75,263,192
0.75,264,195
0.75,265,193
0.75,266,194
0.75,267,192
0.75,268,191
0.75,269,193
0.75,270,193
0.75,271,196
0.75,272,194
0.75,273,196
0.75,274,198
0.75,275,197
0.75,276,198
0.75,277,197
0.75,278,197
0.75,279,195
0.75,280,196
0.75,281,196
0.75,282,197
0.75,283,196
0.75,284,197
0.75,285,194
0.75,286,195
0.75,287,195
0.75,288,195
0.75,289,193
0.75,290,193
0.75,291,193
0.75,292,192
0.75,293,194
0.75,294,194
0.75,295,193
0.75,296,193
0.75,297,194
0.75,298,196
0.75,299,194
0.75,300,194
0.75,301,192
0.75,302,193
0.75,303,195
0.75,304,196
0.75,305,196
0.75,306,196
0.75,307,196
0.75,308,196
0.75,309,197
0.75,310,196
0.75,311,199
0.75,312,198
0.75,313,201
0.75,314,199
0.75,315,202
0.75,316,202
0.75,317,200
0.75,318,200
0.75,319,199
0.75,320,197
0.75,321,201
0.75,322,199
0.75,323,200
0.75,324,198
0.75,325,202
0.75,326,200
0.75,327,200
0.75,328,199
0.75,329,200
0.75,330,198
0.75,331,198
0.75,332,198
0.75,333,202
0.75,334,200
0.75,335,200
0.75,336,202
0.75,337,200
0.75,338,201
0.75,339,200
0.75,340,199
0.75,341,199
0.75,342,200
0.75,343,199
0.75,344,201
0.75,345,201
0.75,346,201
0.75,347,199
0.75,348,199
0.75,349,199
0.75,350,198
0.75,351,197
0.75,352,197
0.75,353,197
0.75,354,198
0.75,355,198
0.75,356,195
0.75,357,197
0.75,358,194
0.75,359,194
0.75,360,192
0.75,361,193
0.75,362,193
0.75,363,192
0.75,364,194
0.75,365,192
0.75,366,193
0.75,367,192
0.75,368,192
0.75,369,189
0.75,370,190
0.75,371,187
0.75,372,188
0.75,373,189
0.75,374,188
0.75,375,189
0.75,376,191
0.75,377,189
0.75,378,188
0.75,379,187
0.75,380,186
0.75,381,187
0.75,382,186
0.75,383,186
0.75,384,186
0.75,385,185
0.75,386,187
0.75,387,185
0.75,388,186
0.75,389,186
0.75,390,186
0.75,391,186
0.75,392,185
0.75,393,184
0.75,394,183
0.75,395,184
0.75,396,185
0.75,397,186
0.75,398,186
0.75,399,184
0.75,400,184
0.75,401,184
0.75,402,183
0.75,403,183
0.75,404,180
0.75,405,181
0.75,406,181
0.75,407,180
0.75,408,180
0.75,409,180
0.75,410,181
0.75,411,181
0.75,412,182
0.75,413,182
0.75,414,182
0.75,415,182
0.75,416,182
0.75,417,182
0.75,418,182
0.75,419,181
0.75,420,182
0.75,421,183
0.75,422,182
0.75,423,182
0.75,424,181
0.75,425,180
0.75,426,178
0.75,427,179
0.75,428,178
0.75,429,179
0.75,430,181
0.75,431,179
0.75,432,180
0.75,433,180
0.75,434,180
0.75,435,180
0.75,436,179
0.75,437,178
0.75,438,178
0.75,439,179
0.75,440,178
0.75,441,179
0.75,442,179
0.75,443,180
0.75,444,179
0.75,445,181
0.75,446,180
0.75,447,180
0.75,448,182
0.75,449,179
0.75,450,178
0.75,451,179
0.75,452,178
0.75,453,178
0.75,454,176
0.75,455,177
0.75,456,176
0.75,457,177
0.75,458,177
0.75,459,179
0.75,460,179
0.75,461,179
0.75,462,179
0.75,463,179
0.75,464,178
0.75,465,179
0.75,466,179
0.75,467,179
0.75,468,180
0.75,469,181
0.75,470,181
0.75,471,181
0.75,472,182
0.75,473,182
0.75,474,183
0.75,475,183
0.75,476,180
0.75,477,181
0.75,478,181
0.75,479,181
0.75,480,182
0.75,481,182
0.75,482,180
0.75,483,181
0.75,484,180
0.75,485,179
0.75,486,180
0.75,487,180
0.75,488,178
0.75,489,178
0.75,490,178
0.75,491,177
0.75,492,176
0.75,493,175
0.75,494,175
0.75,495,175
0.75,496,174
0.75,497,175
0.75,498,175
0.75,499,174
0.80,0,7989
0.80,1,199
0.80,2,75
0.80,3,49
0.80,4,44
0.80,5,40
0.80,6,37
0.80,7,37
0.80,8,38
0.80,9,40
0.80,10,40
0.80,11,42
0.80,12,41
0.80,13,43
0.80,14,45
0.80,15,47
0.80,16,46
0.80,17,47
0.80,18,47
0.80,19,47
0.80,20,47
0.80,21,48
0.80,22,49
0.80,23,50
0.80,24,52
0.80,25,51
0.80,26,52
0.80,27,51
0.80,28,50
0.80,29,50
0.80,30,52
0.80,31,52
0.80,32,51
0.80,33,53
0.80,34,53
0.80,35,53
0.80,36,54
0.80,37,53
0.80,38,53
0.80,39,52
0.80,40,53
0.80,41,52
0.80,42,53
0.80,43,54
0.80,44,54
0.80,45,56
0.80,46,56
0.80,47,56
0.80,48,57
0.80,49,56
0.80,50,57
0.80,51,56
0.80,52,56
0.80,53,55
0.80,54,56
0.80,55,55
0.80,56,55
0.80,57,56
0.80,58,56
0.80,59,56
0.80,60,56
0.80,61,58
0.80,62,57
0.80,63,56
0.80,64,56
0.80,65,57
0.80,66,57
0.80,67,58
0.80,68,58
0.80,69,59
0.80,70,58
0.80,71,60
0.80,72,59
0.80,73,58
0.80,74,59
0.80,75,59
0.80,76,59
0.80,77,58
0.80,78,59
0.80,79,58
0.80,80,57
0.80,81,56
0.80,82,56
0.80,83,58
0.80,84,59
0.80,85,59
0.80,86,58
0.80,87,59
0.80,88,60
0.80,89,59
0.80,90,59
0.80,91,60
0.80,92,59
0.80,93,61
0.80,94,60
0.80,95,60
0.80,96,60
0.80,97,60
0.80,98,60
0.80,99,60
0.80,100,59
0.80,101,60
0.80,102,59
0.80,103,58
0.80,104,57
0.80,105,58
0.80,106,58
0.80,107,60
0.80,108,60
0.80,109,60
0.80,110,60
0.80,111,61
0.80,112,59
0.80,113,61
0.80,114,61
0.80,115,61
0.80,116,62
0.80,117,61
0.80,118,61
0.80,119,61
0.80,120,61
0.80,121,61
0.80,122,61
0.80,123,61
0.80,124,62
0.80,125,61
0.80,126,61
0.80,127,60
0.80,128,60
0.80,129,60
0.80,130,60
0.80,131,60
0.80,132,61
0.80,133,61
0.80,134,63
0.80,135,62
0.80,136,63
0.80,137,63
0.80,138,62
0.80,139,64
0.80,140,64
0.80,141,66
0.80,142,65
0.80,143,66
0.80,144,68
0.80,145,67
0.80,146,66
0.80,147,64
0.80,148,64
0.80,149,66
0.80,150,64
0.80,151,65
0.80,152,64
0.80,153,66
0.80,154,66
0.80,155,65
0.80,156,66
0.80,157,67
0.80,158,67
0.80,159,67
0.80,160,66
0.80,161,67
0.80,162,67
0.80,163,66
0.80,164,66
0.80,165,66
0.80,166,66
0.80,167,67
0.80,168,67
0.80,169,65
0.80,170,66
0.80,171,64
0.80,172,65
0.80,173,63
0.80,174,64
0.80,175,63
0.80,176,64
0.80,177,64
0.80,178,65
0.80,179,66
0.80,180,65
0.80,181,66
0.80,182,65
0.80,183,66
0.80,184,66
0.80,185,66
0.80,186,65
0.80,187,66
0.80,188,66
0.80,189,67
0.80,190,66
0.80,191,67
0.80,192,66
0.80,193,66
0.80,194,66
0.80,195,65
0.80,196,64
0.80,197,62
0.80,198,64
0.80,199,62
0.80,200,64
0.80,201,63
0.80,202,64
0.80,203,64
0.80,204,64
0.80,205,64
0.80,206,64
0.80,207,63
0.80,208,63
0.80,209,63
0.80,210,63
0.80,211,62
0.80,212,62
0.80,213,62
0.80,214,62
0.80,215,61
0.80,216,62
0.80,217,61
0.80,218,61
0.80,219,61
0.80,220,60
0.80,221,62
0.80,222,62
0.80,223,62
0.80,224,61
0.80,225,62
0.80,226,63
0.80,227,61
0.80,228,63
0.80,229,62
0.80,230,63
0.80,231,63
0.80,232,63
0.80,233,63
0.80,234,64
0.80,235,64
0.80,236,64
0.80,237,63
0.80,238,62
0.80,239,62
0.80,240,63
0.80,241,62
0.80,242,61
0.80,243,63
0.80,244,62
0.80,245,63
0.80,246,63
0.80,247,63
0.80,248,63
0.80,249,64
0.80,250,63
0.80,251,64
0.80,252,64
0.80,253,64
0.80,254,64
0.80,255,64
0.80,256,62
0.80,257,64
0.80,258,63
0.80,259,62
0.80,260,63
0.80,261,63
0.80,262,62
0.80,263,63
0.80,264,63
0.80,265,63
0.80,266,64
0.80,267,64
0.80,268,64
0.80,269,64
0.80,270,63
0.80,271,63
0.80,272,63
0.80,273,64
0.80,274,63
0.80,275,64
0.80,276,64
0.80,277,63
0.80,278,64
0.80,279,64
0.80,280,63
0.80,281,64
0.80,282,63
0.80,283,64
0.80,284,62
0.80,285,63
0.80,286,61
0.80,287,62
0.80,288,62
0.80,289,62
0.80,290,62
0.80,291,63
0.80,292,62
0.80,293,63
0.80,294,62
0.80,295,62
0.80,296,62
0.80,297,63
0.80,298,63
0.80,299,63
0.80,300,63
0.80,301,62
0.80,302,63
0.80,303,63
0.80,304,61
0.80,305,62
0.80,306,63
0.80,307,63
0.80,308,63
0.80,309,63
0.80,310,63
0.80,311,63
0.80,312,64
0.80,313,62
0.80,314,63
0.80,315,62
0.80,316,61
0.80,317,62
0.80,318,62
0.80,319,63
0.80,320,62
0.80,321,63
0.80,322,62
0.80,323,63
0.80,324,63
0.80,325,63
0.80,326,63
0.80,327,63
0.80,328,63
0.80,329,63
0.80,330,63
0.80,331,62
0.80,332,61
0.80,333,63
0.80,334,62
0.80,335,63
0.80,336,63
0.80,337,63
0.80,338,63
0.80,339,63
0.80,340,63
0.80,341,63
0.80,342,62
0.80,343,61
0.80,344,61
0.80,345,61
0.80,346,61
0.80,347,61
0.80,348,61
0.80,349,61
0.80,350,60
0.80,351,61
0.80,352,61
0.80,353,61
0.80,354,61
0.80,355,60
0.80,356,59
0.80,357,60
0.80,358,60
0.80,359,60
0.80,360,60
0.80,361,59
0.80,362,59
0.80,363,60
0.80,364,59
0.80,365,59
0.80,366,59
0.80,367,59
0.80,368,60
0.80,369,61
0.80,370,61
0.80,371,59
0.80,372,60
0.80,373,59
0.80,374,59
0.80,375,60
0.80,376,60
0.80,377,59
0.80,378,60
0.80,379,59
0.80,380,60
0.80,381,59
0.80,382,59
0.80,383,59
0.80,384,60
0.80,385,59
0.80,386,59
0.80,387,60
0.80,388,59
0.80,389,59
0.80,390,60
0.80,391,60
0.80,392,60
0.80,393,62
0.80,394,61
0.80,395,60
0.80,396,61
0.80,397,61
0.80,398,61
0.80,399,62
0.80,400,61
0.80,401,61
0.80,402,63
0.80,403,62
0.80,404,62
0.80,405,63
0.80,406,63
0.80,407,63
0.80,408,64
0.80,409,64
0.80,410,63
0.80,411,64
0.80,412,64
0.80,413,63
0.80,414,63
0.80,415,62
0.80,416,62
0.80,417,63
0.80,418,63
0.80,419,62
0.80,420,63
0.80,421,61
0.80,422,62
0.80,423,63
0.80,424,63
0.80,425,62
0.80,426,62
0.80,427,61
0.80,428,62
0.80,429,62
0.80,430,61
0.80,431,62
0.80,432,63
0.80,433,62
0.80,434,63
0.80,435,64
0.80,436,64
0.80,437,64
0.80,438,64
0.80,439,64
0.80,440,64
0.80,441,66
0.80,442,64
0.80,443,65
0.80,444,64
0.80,445,64
0.80,446,64
0.80,447,64
0.80,448,64
0.80,449,62
0.80,450,62
0.80,451,62
0.80,452,62
0.80,453,64
0.80,454,63
0.80,455,63
0.80,456,65
0.80,457,64
0.80,458,65
0.80,459,66
0.80,460,64
0.80,461,65
0.80,462,65
0.80,463,66
0.80,464,66
0.80,465,67
0.80,466,66
0.80,467,67
0.80,468,66
0.80,469,66
0.80,470,65
0.80,471,66
0.80,472,65
0.80,473,66
0.80,474,66
0.80,475,65
0.80,476,65
0.80,477,65
0.80,478,64
0.80,479,65
0.80,480,64
0.80,481,64
0.80,482,64
0.80,483,64
0.80,484,64
0.80,485,63
0.80,486,64
0.80,487,63
0.80,488,64
0.80,489,62
0.80,490,62
0.80,491,62
0.80,492,64
0.80,493,63
0.80,494,63
0.80,495,64
0.80,496,63
0.80,497,63
0.80,498,63
0.80,499,63
0.85,0,8500
0.85,1,92
0.85,2,24
0.85,3,13
0.85,4,11
0.85,5,10
0.85,6,9
0.85,7,9
0.85,8,9
0.85,9,9
0.85,10,9
0.85,11,9
0.85,12,9
0.85,13,9
0.85,14,9
0.85,15,10
0.85,16,9
0.85,17,9
0.85,18,9
0.85,19,8
0.85,20,8
0.85,21,8
0.85,22,8
0.85,23,8
0.85,24,8
0.85,25,8
0.85,26,8
0.85,27,9
0.85,28,9
0.85,29,9
0.85,30,9
0.85,31,9
0.85,32,9
0.85,33,9
0.85,34,9
0.85,35,9
0.85,36,9
0.85,37,9
0.85,38,9
0.85,39,9
0.85,40,9
0.85,41,9
0.85,42,9
0.85,43,9
0.85,44,9
0.85,45,9
0.85,46,9
0.85,47,9
0.85,48,9
0.85,49,9
0.85,50,9
0.85,51,9
0.85,52,9
0.85,53,9
0.85,54,9
0.85,55,9
0.85,56,9
0.85,57,9
0.85,58,9
0.85,59,9
0.85,60,9
0.85,61,9
0.85,62,9
0.85,63,9
0.85,64,9
0.85,65,9
0.85,66,9
0.85,67,9
0.85,68,9
0.85,69,9
0.85,70,9
0.85,71,9
0.85,72,9
0.85,73,9
0.85,74,9
0.85,75,9
0.85,76,9
0.85,77,9
0.85,78,9
0.85,79,9
0.85,80,9
0.85,81,9
0.85,82,9
0.85,83,9
0.85,84,9
0.85,85,9
0.85,86,9
0.85,87,9
0.85,88,9
0.85,89,9
0.85,90,9
0.85,91,9
0.85,92,9
0.85,93,9
0.85,94,9
0.85,95,9
0.85,96,9
0.85,97,9
0.85,98,9
0.85,99,9
0.85,100,9
0.85,101,9
0.85,102,9
0.85,103,9
0.85,104,9
0.85,105,9
0.85,106,9
0.85,107,9
0.85,108,9
0.85,109,9
0.85,110,9
0.85,111,9
0.85,112,9
0.85,113,9
0.85,114,9
0.85,115,9
0.85,116,9
0.85,117,9
0.85,118,9
0.85,119,9
0.85,120,9
0.85,121,9
0.85,122,9
0.85,123,9
0.85,124,9
0.85,125,9
0.85,126,9
0.85,127,9
0.85,128,9
0.85,129,9
0.85,130,9
0.85,131,9
0.85,132,9
0.85,133,9
0.85,134,9
0.85,135,9
0.85,136,9
0.85,137,9
0.85,138,9
0.85,139,9
0.85,140,9
0.85,141,9
0.85,142,9
0.85,143,9
0.85,144,9
0.85,145,9
0.85,146,9
0.85,147,9
0.85,148,9
0.85,149,9
0.85,150,9
0.85,151,9
0.85,152,9
0.85,153,9
0.85,154,9
0.85,155,9
0.85,156,9
0.85,157,9
0.85,158,9
0.85,159,9
0.85,160,9
0.85,161,9
0.85,162,9
0.85,163,9
0.85,164,9
0.85,165,9
0.85,166,9
0.85,167,9
0.85,168,9
0.85,169,9
0.85,170,9
0.85,171,9
0.85,172,9
0.85,173,9
0.85,174,9
0.85,175,9
0.85,176,9
0.85,177,9
0.85,178,9
0.85,179,9
0.85,180,9
0.85,181,9
0.85,182,9
0.85,183,9
0.85,184,9
0.85,185,9
0.85,186,9
0.85,187,9
0.85,188,9
0.85,189,9
0.85,190,9
0.85,191,9
0.85,192,9
0.85,193,9
0.85,194,9
0.85,195,9
0.85,196,9
0.85,197,9
0.85,198,9
0.85,199,9
0.85,200,9
0.85,201,9
0.85,202,9
0.85,203,9
0.85,204,9
0.85,205,9
0.85,206,9
0.85,207,9
0.85,208,9
0.85,209,9
0.85,210,9
0.85,211,9
0.85,212,9
0.85,213,9
0.85,214,9
0.85,215,9
0.85,216,9
0.85,217,9
0.85,218,9
0.85,219,9
0.85,220,9
0.85,221,9
0.85,222,9
0.85,223,9
0.85,224,9
0.85,225,9
0.85,226,9
0.85,227,9
0.85,228,9
0.85,229,9
0.85,230,9
0.85,231,9
0.85,232,9
0.85,233,9
0.85,234,9
0.85,235,9
0.85,236,9
0.85,237,9
0.85,238,9
0.85,239,9
0.85,240,9
0.85,241,9
0.85,242,9
0.85,243,9
0.85,244,9
0.85,245,9
0.85,246,9
0.85,247,9
0.85,248,9
0.85,249,9
0.85,250,9
0.85,251,9
0.85,252,9
0.85,253,9
0.85,254,9
0.85,255,9
0.85,256,9
0.85,257,9
0.85,258,9
0.85,259,9
0.85,260,9
0.85,261,9
0.85,262,9
0.85,263,9
0.85,264,9
0.85,265,9
0.85,266,9
0.85,267,9
0.85,268,9
0.85,269,9
0.85,270,9
0.85,271,9
0.85,272,9
0.85,273,9
0.85,274,9
0.85,275,9
0.85,276,9
0.85,277,9
0.85,278,9
0.85,279,9
0.85,280,9
0.85,281,9
0.85,282,9
0.85,283,9
0.85,284,9
0.85,285,9
0.85,286,9
0.85,287,9
0.85,288,9
0.85,289,9
0.85,290,9
0.85,291,9
0.85,292,9
0.85,293,9
0.85,294,9
0.85,295,9
0.85,296,9
0.85,297,9
0.85,298,9
0.85,299,9
0.85,300,9
0.85,301,9
0.85,302,9
0.85,303,9
0.85,304,9
0.85,305,9
0.85,306,9
0.85,307,9
0.85,308,9
0.85,309,9
0.85,310,9
0.85,311,9
0.85,312,9
0.85,313,9
0.85,314,9
0.85,315,9
0.85,316,9
0.85,317,9
0.85,318,9
0.85,319,9
0.85,320,9
0.85,321,9
0.85,322,9
0.85,323,9
0.85,324,9
0.85,325,9
0.85,326,9
0.85,327,9
0.85,328,9
0.85,329,9
0.85,330,9
0.85,331,9
0.85,332,9
0.85,333,9
0.85,334,9
0.85,335,9
0.85,336,9
0.85,337,9
0.85,338,9
0.85,339,9
0.85,340,9
0.85,341,9
0.85,342,9
0.85,343,9
0.85,344,9
0.85,345,9
0.85,346,9
0.85,347,9
0.85,348,9
0.85,349,9
0.85,350,9
0.85,351,9
0.85,352,9
0.85,353,9
0.85,354,9
0.85,355,9
0.85,356,9
0.85,357,9
0.85,358,9
0.85,359,9
0.85,360,9
0.85,361,9
0.85,362,9
0.85,363,9
0.85,364,9
0.85,365,9
0.85,366,9
0.85,367,9
0.85,368,9
0.85,369,9
0.85,370,9
0.85,371,9
0.85,372,9
0.85,373,9
0.85,374,9
0.85,375,9
0.85,376,9
0.85,377,9
0.85,378,9
0.85,379,9
0.85,380,9
0.85,381,9
0.85,382,9
0.85,383,9
0.85,384,9
0.85,385,9
0.85,386,9
0.85,387,9
0.85,388,9
0.85,389,9
0.85,390,9
0.85,391,9
0.85,392,9
0.85,393,9
0.85,394,9
0.85,395,9
0.85,396,9
0.85,397,9
0.85,398,9
0.85,399,9
0.85,400,9
0.85,401,9
0.85,402,9
0.85,403,9
0.85,404,9
0.85,405,9
0.85,406,9
0.85,407,9
0.85,408,9
0.85,409,9
0.85,410,9
0.85,411,9
0.85,412,9
0.85,413,9
0.85,414,9
0.85,415,9
0.85,416,9
0.85,417,9
0.85,418,9
0.85,419,9
0.85,420,9
0.85,421,9
0.85,422,9
0.85,423,9
0.85,424,9
0.85,425,9
0.85,426,9
0.85,427,9
0.85,428,9
0.85,429,9
0.85,430,9
0.85,431,9
0.85,432,9
0.85,433,9
0.85,434,9
0.85,435,9
0.85,436,9
0.85,437,9
0.85,438,9
0.85,439,9
0.85,440,9
0.85,441,9
0.85,442,9
0.85,443,9
0.85,444,9
0.85,445,9
0.85,446,9
0.85,447,9
0.85,448,9
0.85,449,9
0.85,450,9
0.85,451,9
0.85,452,9
0.85,453,9
0.85,454,9
0.85,455,9
0.85,456,9
0.85,457,9
0.85,458,9
0.85,459,9
0.85,460,9
0.85,461,9
0.85,462,9
0.85,463,9
0.85,464,9
0.85,465,9
0.85,466,9
0.85,467,9
0.85,468,9
0.85,469,9
0.85,470,9
0.85,471,9
0.85,472,9
0.85,473,9
0.85,474,9
0.85,475,9
0.85,476,9
0.85,477,9
0.85,478,9
0.85,479,9
0.85,480,9
0.85,481,9
0.85,482,9
0.85,483,9
0.85,484,9
0.85,485,9
0.85,486,9
0.85,487,9
0.85,488,9
0.85,489,9
0.85,490,9
0.85,491,9
0.85,492,9
0.85,493,9
0.85,494,9
0.85,495,9
0.85,496,9
0.85,497,9
0.85,498,9
0.85,499,9
0.90,0,9000
0.90,1,39
0.90,2,7
0.90,3,3
0.90,4,2
0.90,5,2
0.90,6,2
0.90,7,2
0.90,8,2
0.90,9,2
0.90,10,2
0.90,11,2
0.90,12,2
0.90,13,2
0.90,14,2
0.90,15,2
0.90,16,2
0.90,17,2
0.90,18,2
0.90,19,2
0.90,20,2
0.90,21,2
0.90,22,2
0.90,23,2
0.90,24,2
0.90,25,2
0.90,26,2
0.90,27,2
0.90,28,2
0.90,29,2
0.90,30,2
0.90,31,2
0.90,32,2
0.90,33,2
0.90,34,2
0.90,35,2
0.90,36,2
0.90,37,2
0.90,38,2
0.90,39,2
0.90,40,2
0.90,41,2
0.90,42,2
0.90,43,2
0.90,44,2
0.90,45,2
0.90,46,2
0.90,47,2
0.90,48,2
0.90,49,2
0.90,50,2
0.90,51,2
0.90,52,2
0.90,53,2
0.90,54,2
0.90,55,2
0.90,56,2
0.90,57,2
0.90,58,2
0.90,59,2
0.90,60,2
0.90,61,2
0.90,62,2
0.90,63,2
0.90,64,2
0.90,65,2
0.90,66,2
0.90,67,2
0.90,68,2
0.90,69,2
0.90,70,2
0.90,71,2
0.90,72,2
0.90,73,2
0.90,74,2
0.90,75,2
0.90,76,2
0.90,77,2
0.90,78,2
0.90,79,2
0.90,80,2
0.90,81,2
0.90,82,2
0.90,83,2
0.90,84,2
0.90,85,2
0.90,86,2
0.90,87,2
0.90,88,2
0.90,89,2
0.90,90,2
0.90,91,2
0.90,92,2
0.90,93,2
0.90,94,2
0.90,95,2
0.90,96,2
0.90,97,2
0.90,98,2
0.90,99,2
0.90,100,2
0.90,101,2
0.90,102,2
0.90,103,2
0.90,104,2
0.90,105,2
0.90,106,2
0.90,107,2
0.90,108,2
0.90,109,2
0.90,110,2
0.90,111,2
0.90,112,2
0.90,113,2
0.90,114,2
0.90,115,2
0.90,116,2
0.90,117,2
0.90,118,2
0.90,119,2
0.90,120,2
0.90,121,2
0.90,122,2
0.90,123,2
0.90,124,2
0.90,125,2
0.90,126,2
0.90,127,2
0.90,128,2
0.90,129,2
0.90,130,2
0.90,131,2
0.90,132,2
0.90,133,2
0.90,134,2
0.90,135,2
0.90,136,2
0.90,137,2
0.90,138,2
0.90,139,2
0.90,140,2
0.90,141,2
0.90,142,2
0.90,143,2
0.90,144,2
0.90,145,2
0.90,146,2
0.90,147,2
0.90,148,2
0.90,149,2
0.90,150,2
0.90,151,2
0.90,152,2
0.90,153,2
0.90,154,2
0.90,155,2
0.90,156,2
0.90,157,2
0.90,158,2
0.90,159,2
0.90,160,2
0.90,161,2
0.90,162,2
0.90,163,2
0.90,164,2
0.90,165,2
0.90,166,2
0.90,167,2
0.90,168,2
0.90,169,2
0.90,170,2
0.90,171,2
0.90,172,2
0.90,173,2
0.90,174,2
0.90,175,2
0.90,176,2
0.90,177,2
0.90,178,2
0.90,179,2
0.90,180,2
0.90,181,2
0.90,182,2
0.90,183,2
0.90,184,2
0.90,185,2
0.90,186,2
0.90,187,2
0.90,188,2
0.90,189,2
0.90,190,2
0.90,191,2
0.90,192,2
0.90,193,2
0.90,194,2
0.90,195,2
0.90,196,2
0.90,197,2
0.90,198,2
0.90,199,2
0.90,200,2
0.90,201,2
0.90,202,2
0.90,203,2
0.90,204,2
0.90,205,2
0.90,206,2
0.90,207,2
0.90,208,2
0.90,209,2
0.90,210,2
0.90,211,2
0.90,212,2
0.90,213,2
0.90,214,2
0.90,215,2
0.90,216,2
0.90,217,2
0.90,218,2
0.90,219,2
0.90,220,2
0.90,221,2
0.90,222,2
0.90,223,2
0.90,224,2
0.90,225,2
0.90,226,2
0.90,227,2
0.90,228,2
0.90,229,2
0.90,230,2
0.90,231,2
0.90,232,2
0.90,233,2
0.90,234,2
0.90,235,2
0.90,236,2
0.90,237,2
0.90,238,2
0.90,239,2
0.90,240,2
0.90,241,2
0.90,242,2
0.90,243,2
0.90,244,2
0.90,245,2
0.90,246,2
0.90,247,2
0.90,248,2
0.90,249,2
0.90,250,2
0.90,251,2
0.90,252,2
0.90,253,2
0.90,254,2
0.90,255,2
0.90,256,2
0.90,257,2
0.90,258,2
0.90,259,2
0.90,260,2
0.90,261,2
0.90,262,2
0.90,263,2
0.90,264,2
0.90,265,2
0.90,266,2
0.90,267,2
0.90,268,2
0.90,269,2
0.90,270,2
0.90,271,2
0.90,272,2
0.90,273,2
0.90,274,2
0.90,275,2
0.90,276,2
0.90,277,2
0.90,278,2
0.90,279,2
0.90,280,2
0.90,281,2
0.90,282,2
0.90,283,2
0.90,284,2
0.90,285,2
0.90,286,2
0.90,287,2
0.90,288,2
0.90,289,2
0.90,290,2
0.90,291,2
0.90,292,2
0.90,293,2
0.90,294,2
0.90,295,2
0.90,296,2
0.90,297,2
0.90,298,2
0.90,299,2
0.90,300,2
0.90,301,2
0.90,302,2
0.90,303,2
0.90,304,2
0.90,305,2
0.90,306,2
0.90,307,2
0.90,308,2
0.90,309,2
0.90,310,2
0.90,311,2
0.90,312,2
0.90,313,2
0.90,314,2
0.90,315,2
0.90,316,2
0.90,317,2
0.90,318,2
0.90,319,2
0.90,320,2
0.90,321,2
0.90,322,2
0.90,323,2
0.90,324,2
0.90,325,2
0.90,326,2
0.90,327,2
0.90,328,2
0.90,329,2
0.90,330,2
0.90,331,2
0.90,332,2
0.90,333,2
0.90,334,2
0.90,335,2
0.90,336,2
0.90,337,2
0.90,338,2
0.90,339,2
0.90,340,2
0.90,341,2
0.90,342,2
0.90,343,2
0.90,344,2
0.90,345,2
0.90,346,2
0.90,347,2
0.90,348,2
0.90,349,2
0.90,350,2
0.90,351,2
0.90,352,2
0.90,353,2
0.90,354,2
0.90,355,2
0.90,356,2
0.90,357,2
0.90,358,2
0.90,359,2
0.90,360,2
0.90,361,2
0.90,362,2
0.90,363,2
0.90,364,2
0.90,365,2
0.90,366,2
0.90,367,2
0.90,368,2
0.90,369,2
0.90,370,2
0.90,371,2
0.90,372,2
0.90,373,2
0.90,374,2
0.90,375,2
0.90,376,2
0.90,377,2
0.90,378,2
0.90,379,2
0.90,380,2
0.90,381,2
0.90,382,2
0.90,383,2
0.90,384,2
0.90,385,2
0.90,386,2
0.90,387,2
0.90,388,2
0.90,389,2
0.90,390,2
0.90,391,2
0.90,392,2
0.90,393,2
0.90,394,2
0.90,395,2
0.90,396,2
0.90,397,2
0.90,398,2
0.90,399,2
0.90,400,2
0.90,401,2
0.90,402,2
0.90,403,2
0.90,404,2
0.90,405,2
0.90,406,2
0.90,407,2
0.90,408,2
0.90,409,2
0.90,410,2
0.90,411,2
0.90,412,2
0.90,413,2
0.90,414,2
0.90,415,2
0.90,416,2
0.90,417,2
0.90,418,2
0.90,419,2
0.90,420,2
0.90,421,2
0.90,422,2
0.90,423,2
0.90,424,2
0.90,425,2
0.90,426,2
0.90,427,2
0.90,428,2
0.90,429,2
0.90,430,2
0.90,431,2
0.90,432,2
0.90,433,2
0.90,434,2
0.90,435,2
0.90,436,2
0.90,437,2
0.90,438,2
0.90,439,2
0.90,440,2
0.90,441,2
0.90,442,2
0.90,443,2
0.90,444,2
0.90,445,2
0.90,446,2
0.90,447,2
0.90,448,2
0.90,449,2
0.90,450,2
0.90,451,2
0.90,452,2
0.90,453,2
0.90,454,2
0.90,455,2
0.90,456,2
0.90,457,2
0.90,458,2
0.90,459,2
0.90,460,2
0.90,461,2
0.90,462,2
0.90,463,2
0.90,464,2
0.90,465,2
0.90,466,2
0.90,467,2
0.90,468,2
0.90,469,2
0.90,470,2
0.90,471,2
0.90,472,2
0.90,473,2
0.90,474,2
0.90,475,2
0.90,476,2
0.90,477,2
0.90,478,2
0.90,479,2
0.90,480,2
0.90,481,2
0.90,482,2
0.90,483,2
0.90,484,2
0.90,485,2
0.90,486,2
0.90,487,2
0.90,488,2
0.90,489,2
0.90,490,2
0.90,491,2
0.90,492,2
0.90,493,2
0.90,494,2
0.90,495,2
0.90,496,2
0.90,497,2
0.90,498,2
0.90,499,2
0.95,0,9502
0.95,1,12
0.95,2,1
0.95,3,0
0.95,4,0
0.95,5,0
0.95,6,0
0.95,7,0
0.95,8,0
0.95,9,0
0.95,10,0
0.95,11,0
0.95,12,0
0.95,13,0
0.95,14,0
0.95,15,0
0.95,16,0
0.95,17,0
0.95,18,0
0.95,19,0
0.95,20,0
0.95,21,0
0.95,22,0
0.95,23,0
0.95,24,0
0.95,25,0
0.95,26,0
0.95,27,0
0.95,28,0
0.95,29,0
0.95,30,0
0.95,31,0
0.95,32,0
0.95,33,0
0.95,34,0
0.95,35,0
0.95,36,0
0.95,37,0
0.95,38,0
0.95,39,0
0.95,40,0
0.95,41,0
0.95,42,0
0.95,43,0
0.95,44,0
0.95,45,0
0.95,46,0
0.95,47,0
0.95,48,0
0.95,49,0
0.95,50,0
0.95,51,0
0.95,52,0
0.95,53,0
0.95,54,0
0.95,55,0
0.95,56,0
0.95,57,0
0.95,58,0
0.95,59,0
0.95,60,0
0.95,61,0
0.95,62,0
0.95,63,0
0.95,64,0
0.95,65,0
0.95,66,0
0.95,67,0
0.95,68,0
0.95,69,0
0.95,70,0
0.95,71,0
0.95,72,0
0.95,73,0
0.95,74,0
0.95,75,0
0.95,76,0
0.95,77,0
0.95,78,0
0.95,79,0
0.95,80,0
0.95,81,0
0.95,82,0
0.95,83,0
0.95,84,0
0.95,85,0
0.95,86,0
0.95,87,0
0.95,88,0
0.95,89,0
0.95,90,0
0.95,91,0
0.95,92,0
0.95,93,0
0.95,94,0
0.95,95,0
0.95,96,0
0.95,97,0
0.95,98,0
0.95,99,0
0.95,100,0
0.95,101,0
0.95,102,0
0.95,103,0
0.95,104,0
0.95,105,0
0.95,106,0
0.95,107,0
0.95,108,0
0.95,109,0
0.95,110,0
0.95,111,0
0.95,112,0
0.95,113,0
0.95,114,0
0.95,115,0
0.95,116,0
0.95,117,0
0.95,118,0
0.95,119,0
0.95,120,0
0.95,121,0
0.95,122,0
0.95,123,0
0.95,124,0
0.95,125,0
0.95,126,0
0.95,127,0
0.95,128,0
0.95,129,0
0.95,130,0
0.95,131,0
0.95,132,0
0.95,133,0
0.95,134,0
0.95,135,0
0.95,136,0
0.95,137,0
0.95,138,0
0.95,139,0
0.95,140,0
0.95,141,0
0.95,142,0
0.95,143,0
0.95,144,0
0.95,145,0
0.95,146,0
0.95,147,0
0.95,148,0
0.95,149,0
0.95,150,0
0.95,151,0
0.95,152,0
0.95,153,0
0.95,154,0
0.95,155,0
0.95,156,0
0.95,157,0
0.95,158,0
0.95,159,0
0.95,160,0
0.95,161,0
0.95,162,0
0.95,163,0
0.95,164,0
0.95,165,0
0.95,166,0
0.95,167,0
0.95,168,0
0.95,169,0
0.95,170,0
0.95,171,0
0.95,172,0
0.95,173,0
0.95,174,0
0.95,175,0
0.95,176,0
0.95,177,0
0.95,178,0
0.95,179,0
0.95,180,0
0.95,181,0
0.95,182,0
0.95,183,0
0.95,184,0
0.95,185,0
0.95,186,0
0.95,187,0
0.95,188,0
0.95,189,0
0.95,190,0
0.95,191,0
0.95,192,0
0.95,193,0
0.95,194,0
0.95,195,0
0.95,196,0
0.95,197,0
0.95,198,0
0.95,199,0
0.95,200,0
0.95,201,0
0.95,202,0
0.95,203,0
0.95,204,0
0.95,205,0
0.95,206,0
0.95,207,0
0.95,208,0
0.95,209,0
0.95,210,0
0.95,211,0
0.95,212,0
0.95,213,0
0.95,214,0
0.95,215,0
0.95,216,0
0.95,217,0
0.95,218,0
0.95,219,0
0.95,220,0
0.95,221,0
0.95,222,0
0.95,223,0
0.95,224,0
0.95,225,0
0.95,226,0
0.95,227,0
0.95,228,0
0.95,229,0
0.95,230,0
0.95,231,0
0.95,232,0
0.95,233,0
0.95,234,0
0.95,235,0
0.95,236,0
0.95,237,0
0.95,238,0
0.95,239,0
0.95,240,0
0.95,241,0
0.95,242,0
0.95,243,0
0.95,244,0
0.95,245,0
0.95,246,0
0.95,247,0
0.95,248,0
0.95,249,0
0.95,250,0
0.95,251,0
0.95,252,0
0.95,253,0
0.95,254,0
0.95,255,0
0.95,256,0
0.95,257,0
0.95,258,0
0.95,259,0
0.95,260,0
0.95,261,0
0.95,262,0
0.95,263,0
0.95,264,0
0.95,265,0
0.95,266,0
0.95,267,0
0.95,268,0
0.95,269,0
0.95,270,0
0.95,271,0
0.95,272,0
0.95,273,0
0.95,274,0
0.95,275,0
0.95,276,0
0.95,277,0
0.95,278,0
0.95,279,0
0.95,280,0
0.95,281,0
0.95,282,0
0.95,283,0
0.95,284,0
0.95,285,0
0.95,286,0
0.95,287,0
0.95,288,0
0.95,289,0
0.95,290,0
0.95,291,0
0.95,292,0
0.95,293,0
0.95,294,0
0.95,295,0
0.95,296,0
0.95,297,0
0.95,298,0
0.95,299,0
0.95,300,0
0.95,301,0
0.95,302,0
0.95,303,0
0.95,304,0
0.95,305,0
0.95,306,0
0.95,307,0
0.95,308,0
0.95,309,0
0.95,310,0
0.95,311,0
0.95,312,0
0.95,313,0
0.95,314,0
0.95,315,0
0.95,316,0
0.95,317,0
0.95,318,0
0.95,319,0
0.95,320,0
0.95,321,0
0.95,322,0
0.95,323,0
0.95,324,0
0.95,325,0
0.95,326,0
0.95,327,0
0.95,328,0
0.95,329,0
0.95,330,0
0.95,331,0
0.95,332,0
0.95,333,0
0.95,334,0
0.95,335,0
0.95,336,0
0.95,337,0
0.95,338,0
0.95,339,0
0.95,340,0
0.95,341,0
0.95,342,0
0.95,343,0
0.95,344,0
0.95,345,0
0.95,346,0
0.95,347,0
0.95,348,0
0.95,349,0
0.95,350,0
0.95,351,0
0.95,352,0
0.95,353,0
0.95,354,0
0.95,355,0
0.95,356,0
0.95,357,0
0.95,358,0
0.95,359,0
0.95,360,0
0.95,361,0
0.95,362,0
0.95,363,0
0.95,364,0
0.95,365,0
0.95,366,0
0.95,367,0
0.95,368,0
0.95,369,0
0.95,370,0
0.95,371,0
0.95,372,0
0.95,373,0
0.95,374,0
0.95,375,0
0.95,376,0
0.95,377,0
0.95,378,0
0.95,379,0
0.95,380,0
0.95,381,0
0.95,382,0
0.95,383,0
0.95,384,0
0.95,385,0
0.95,386,0
0.95,387,0
0.95,388,0
0.95,389,0
0.95,390,0
0.95,391,0
0.95,392,0
0.95,393,0
0.95,394,0
0.95,395,0
0.95,396,0
0.95,397,0
0.95,398,0
0.95,399,0
0.95,400,0
0.95,401,0
0.95,402,0
0.95,403,0
0.95,404,0
0.95,405,0
0.95,406,0
0.95,407,0
0.95,408,0
0.95,409,0
0.95,410,0
0.95,411,0
0.95,412,0
0.95,413,0
0.95,414,0
0.95,415,0
0.95,416,0
0.95,417,0
0.95,418,0
0.95,419,0
0.95,420,0
0.95,421,0
0.95,422,0
0.95,423,0
0.95,424,0
0.95,425,0
0.95,426,0
0.95,427,0
0.95,428,0
0.95,429,0
0.95,430,0
0.95,431,0
0.95,432,0
0.95,433,0
0.95,434,0
0.95,435,0
0.95,436,0
0.95,437,0
0.95,438,0
0.95,439,0
0.95,440,0
0.95,441,0
0.95,442,0
0.95,443,0
0.95,444,0
0.95,445,0
0.95,446,0
0.95,447,0
0.95,448,0
0.95,449,0
0.95,450,0
0.95,451,0
0.95,452,0
0.95,453,0
0.95,454,0
0.95,455,0
0.95,456,0
0.95,457,0
0.95,458,0
0.95,459,0
0.95,460,0
0.95,461,0
0.95,462,0
0.95,463,0
0.95,464,0
0.95,465,0
0.95,466,0
0.95,467,0
0.95,468,0
0.95,469,0
0.95,470,0
0.95,471,0
0.95,472,0
0.95,473,0
0.95,474,0
0.95,475,0
0.95,476,0
0.95,477,0
0.95,478,0
0.95,479,0
0.95,480,0
0.95,481,0
0.95,482,0
0.95,483,0
0.95,484,0
0.95,485,0
0.95,486,0
0.95,487,0
0.95,488,0
0.95,489,0
0.95,490,0
0.95,491,0
0.95,492,0
0.95,493,0
0.95,494,0
0.95,495,0
0.95,496,0
0.95,497,0
0.95,498,0
0.95,499,0
