density,generation,population
0.05,0,3124
0.05,1,490
0.05,2,291
0.05,3,269
0.05,4,264
0.05,5,253
0.05,6,258
0.05,7,262
0.05,8,274
0.05,9,276
0.05,10,277
0.05,11,276
0.05,12,277
0.05,13,282
0.05,14,288
0.05,15,289
0.05,16,293
0.05,17,294
0.05,18,299
0.05,19,300
0.05,20,302
0.05,21,303
0.05,22,306
0.05,23,307
0.05,24,310
0.05,25,312
0.05,26,314
0.05,27,315
0.05,28,314
0.05,29,314
0.05,30,312
0.05,31,317
0.05,32,317
0.05,33,319
0.05,34,318
0.05,35,317
0.05,36,318
0.05,37,318
0.05,38,317
0.05,39,319
0.05,40,321
0.05,41,323
0.05,42,322
0.05,43,327
0.05,44,326
0.05,45,328
0.05,46,326
0.05,47,327
0.05,48,326
0.05,49,328
0.05,50,331
0.05,51,332
0.05,52,331
0.05,53,334
0.05,54,335
0.05,55,338
0.05,56,338
0.05,57,339
0.05,58,340
0.05,59,344
0.05,60,343
0.05,61,344
0.05,62,344
0.05,63,344
0.05,64,342
0.05,65,342
0.05,66,340
0.05,67,339
0.05,68,337
0.05,69,335
0.05,70,334
0.05,71,334
0.05,72,336
0.05,73,337
0.05,74,339
0.05,75,340
0.05,76,340
0.05,77,337
0.05,78,340
0.05,79,340
0.05,80,343
0.05,81,345
0.05,82,347
0.05,83,349
0.05,84,350
0.05,85,350
0.05,86,351
0.05,87,353
0.05,88,353
0.05,89,355
0.05,90,357
0.05,91,356
0.05,92,356
0.05,93,356
0.05,94,356
0.05,95,358
0.05,96,357
0.05,97,359
0.05,98,365
0.05,99,366
0.05,100,367
0.05,101,368
0.05,102,368
0.05,103,371
0.05,104,371
0.05,105,376
0.05,106,379
0.05,107,384
0.05,108,386
0.05,109,385
0.05,110,384
0.05,111,384
0.05,112,384
0.05,113,387
0.05,114,388
0.05,115,390
0.05,116,389
0.05,117,387
0.05,118,386
0.05,119,386
0.05,120,385
0.05,121,386
0.05,122,386
0.05,123,390
0.05,124,394
0.05,125,395
0.05,126,396
0.05,127,394
0.05,128,394
0.05,129,394
0.05,130,395
0.05,131,397
0.05,132,396
0.05,133,398
0.05,134,398
0.05,135,399
0.05,136,401
0.05,137,401
0.05,138,401
0.05,139,400
0.05,140,400
0.05,141,402
0.05,142,399
0.05,143,397
0.05,144,399
0.05,145,402
0.05,146,404
0.05,147,404
0.05,148,406
0.05,149,408
0.05,150,411
0.05,151,407
0.05,152,401
0.05,153,403
0.05,154,402
0.05,155,402
0.05,156,401
0.05,157,402
0.05,158,401
0.05,159,404
0.05,160,404
0.05,161,404
0.05,162,407
0.05,163,402
0.05,164,400
0.05,165,399
0.05,166,401
0.05,167,403
0.05,168,406
0.05,169,404
0.05,170,404
0.05,171,400
0.05,172,397
0.05,173,395
0.05,174,395
0.05,175,391
0.05,176,390
0.05,177,391
0.05,178,393
0.05,179,389
0.05,180,389
0.05,181,388
0.05,182,385
0.05,183,386
0.05,184,384
0.05,185,385
0.05,186,386
0.05,187,387
0.05,188,387
0.05,189,387
0.05,190,389
0.05,191,387
0.05,192,390
0.05,193,388
0.05,194,389
0.05,195,385
0.05,196,387
0.05,197,385
0.05,198,386
0.05,199,385
0.05,200,386
0.05,201,384
0.05,202,384
0.05,203,383
0.05,204,381
0.05,205,382
0.05,206,381
0.05,207,381
0.05,208,384
0.05,209,382
0.05,210,383
0.05,211,382
0.05,212,385
0.05,213,383
0.05,214,382
0.05,215,381
0.05,216,380
0.05,217,380
0.05,218,381
0.05,219,380
0.05,220,379
0.05,221,380
0.05,222,380
0.05,223,380
0.05,224,381
0.05,225,381
0.05,226,382
0.05,227,380
0.05,228,381
0.05,229,381
0.05,230,384
0.05,231,384
0.05,232,385
0.05,233,385
0.05,234,386
0.05,235,387
0.05,236,388
0.05,237,387
0.05,238,387
0.05,239,385
0.05,240,384
0.05,241,386
0.05,242,385
0.05,243,386
0.05,244,388
0.05,245,390
0.05,246,390
0.05,247,393
0.05,248,392
0.05,249,392
0.05,250,394
0.05,251,393
0.05,252,395
0.05,253,394
0.05,254,393
0.05,255,391
0.05,256,389
0.05,257,390
0.05,258,389
0.05,259,390
0.05,260,390
0.05,261,391
0.05,262,390
0.05,263,388
0.05,264,390
0.05,265,390
0.05,266,392
0.05,267,391
0.05,268,391
0.05,269,389
0.05,270,390
0.05,271,390
0.05,272,392
0.05,273,391
0.05,274,390
0.05,275,389
0.05,276,389
0.05,277,388
0.05,278,390
0.05,279,391
0.05,280,393
0.05,281,393
0.05,282,391
0.05,283,392
0.05,284,391
0.05,285,389
0.05,286,390
0.05,287,388
0.05,288,388
0.05,289,389
0.05,290,389
0.05,291,389
0.05,292,389
0.05,293,389
0.05,294,389
0.05,295,388
0.05,296,390
0.05,297,390
0.05,298,392
0.05,299,392
0.05,300,391
0.05,301,392
0.05,302,389
0.05,303,389
0.05,304,390
0.05,305,390
0.05,306,392
0.05,307,393
0.05,308,396
0.05,309,395
0.05,310,396
0.05,311,397
0.05,312,396
0.05,313,394
0.05,314,396
0.05,315,394
0.05,316,394
0.05,317,392
0.05,318,394
0.05,319,392
0.05,320,393
0.05,321,391
0.05,322,390
0.05,323,390
0.05,324,389
0.05,325,390
0.05,326,391
0.05,327,393
0.05,328,393
0.05,329,394
0.05,330,393
0.05,331,394
0.05,332,395
0.05,333,395
0.05,334,394
0.05,335,394
0.05,336,394
0.05,337,394
0.05,338,394
0.05,339,395
0.05,340,395
0.05,341,396
0.05,342,395
0.05,343,395
0.05,344,392
0.05,345,393
0.05,346,391
0.05,347,391
0.05,348,391
0.05,349,392
0.05,350,391
0.05,351,392
0.05,352,391
0.05,353,392
0.05,354,393
0.05,355,394
0.05,356,393
0.05,357,394
0.05,358,394
0.05,359,394
0.05,360,395
0.05,361,395
0.05,362,395
0.05,363,396
0.05,364,396
0.05,365,396
0.05,366,398
0.05,367,398
0.05,368,399
0.05,369,398
0.05,370,399
0.05,371,398
0.05,372,401
0.05,373,399
0.05,374,400
0.05,375,400
0.05,376,400
0.05,377,400
0.05,378,400
0.05,379,400
0.05,380,400
0.05,381,402
0.05,382,402
0.05,383,402
0.05,384,400
0.05,385,400
0.05,386,400
0.05,387,401
0.05,388,400
0.05,389,401
0.05,390,400
0.05,391,400
0.05,392,399
0.05,393,399
0.05,394,399
0.05,395,398
0.05,396,397
0.05,397,397
0.05,398,396
0.05,399,397
0.05,400,398
0.05,401,398
0.05,402,396
0.05,403,397
0.05,404,395
0.05,405,395
0.05,406,396
0.05,407,397
0.05,408,397
0.05,409,398
0.05,410,399
0.05,411,399
0.05,412,399
0.05,413,397
0.05,414,398
0.05,415,399
0.05,416,397
0.05,417,396
0.05,418,396
0.05,419,396
0.05,420,396
0.05,421,397
0.05,422,397
0.05,423,397
0.05,424,397
0.05,425,397
0.05,426,397
0.05,427,394
0.05,428,395
0.05,429,396
0.05,430,395
0.05,431,396
0.05,432,396
0.05,433,396
0.05,434,395
0.05,435,395
0.05,436,395
0.05,437,395
0.05,438,395
0.05,439,394
0.05,440,393
0.05,441,394
0.05,442,394
0.05,443,394
0.05,444,394
0.05,445,395
0.05,446,395
0.05,447,394
0.05,448,395
0.05,449,394
0.05,450,395
0.05,451,393
0.05,452,394
0.05,453,393
0.05,454,394
0.05,455,394
0.05,456,393
0.05,457,393
0.05,458,394
0.05,459,394
0.05,460,394
0.05,461,395
0.05,462,395
0.05,463,395
0.05,464,395
0.05,465,397
0.05,466,397
0.05,467,396
0.05,468,396
0.05,469,397
0.05,470,397
0.05,471,398
0.05,472,396
0.05,473,396
0.05,474,395
0.05,475,395
0.05,476,396
0.05,477,397
0.05,478,399
0.05,479,401
0.05,480,402
0.05,481,402
0.05,482,402
0.05,483,402
0.05,484,403
0.05,485,401
0.05,486,403
0.05,487,402
0.05,488,401
0.05,489,402
0.05,490,402
0.05,491,403
0.05,492,403
0.05,493,403
0.05,494,403
0.05,495,403
0.05,496,404
0.05,497,404
0.05,498,404
0.05,499,404
0.10,0,6249
0.10,1,2966
0.10,2,2323
0.10,3,2204
0.10,4,2139
0.10,5,2107
0.10,6,2127
0.10,7,2172
0.10,8,2268
0.10,9,2299
0.10,10,2347
0.10,11,2365
0.10,12,2408
0.10,13,2451
0.10,14,2513
0.10,15,2537
0.10,16,2583
0.10,17,2579
0.10,18,2606
0.10,19,2621
0.10,20,2642
0.10,21,2657
0.10,22,2678
0.10,23,2687
0.10,24,2693
0.10,25,2704
0.10,26,2719
0.10,27,2723
0.10,28,2726
0.10,29,2727
0.10,30,2724
0.10,31,2739
0.10,32,2745
0.10,33,2755
0.10,34,2761
0.10,35,2769
0.10,36,2766
0.10,37,2773
0.10,38,2778
0.10,39,2778
0.10,40,2785
0.10,41,2791
0.10,42,2797
0.10,43,2808
0.10,44,2804
0.10,45,2808
0.10,46,2807
0.10,47,2810
0.10,48,2812
0.10,49,2810
0.10,50,2821
0.10,51,2817
0.10,52,2823
0.10,53,2816
0.10,54,2825
0.10,55,2824
0.10,56,2829
0.10,57,2828
0.10,58,2832
0.10,59,2835
0.10,60,2841
0.10,61,2837
0.10,62,2840
0.10,63,2831
0.10,64,2832
0.10,65,2822
0.10,66,2820
0.10,67,2812
0.10,68,2807
0.10,69,2798
0.10,70,2801
0.10,71,2798
0.10,72,2805
0.10,73,2810
0.10,74,2818
0.10,75,2813
0.10,76,2810
0.10,77,2820
0.10,78,2813
0.10,79,2822
0.10,80,2822
0.10,81,2821
0.10,82,2825
0.10,83,2830
0.10,84,2821
0.10,85,2826
0.10,86,2828
0.10,87,2826
0.10,88,2835
0.10,89,2830
0.10,90,2830
0.10,91,2834
0.10,92,2830
0.10,93,2835
0.10,94,2830
0.10,95,2832
0.10,96,2833
0.10,97,2835
0.10,98,2831
0.10,99,2830
0.10,100,2823
0.10,101,2829
0.10,102,2822
0.10,103,2818
0.10,104,2821
0.10,105,2819
0.10,106,2820
0.10,107,2821
0.10,108,2828
0.10,109,2822
0.10,110,2825
0.10,111,2815
0.10,112,2815
0.10,113,2812
0.10,114,2809
0.10,115,2813
0.10,116,2808
0.10,117,2809
0.10,118,2810
0.10,119,2815
0.10,120,2812
0.10,121,2822
0.10,122,2815
0.10,123,2823
0.10,124,2818
0.10,125,2812
0.10,126,2806
0.10,127,2807
0.10,128,2806
0.10,129,2804
0.10,130,2805
0.10,131,2802
0.10,132,2806
0.10,133,2812
0.10,134,2806
0.10,135,2805
0.10,136,2803
0.10,137,2804
0.10,138,2794
0.10,139,2799
0.10,140,2796
0.10,141,2802
0.10,142,2799
0.10,143,2800
0.10,144,2794
0.10,145,2798
0.10,146,2796
0.10,147,2796
0.10,148,2798
0.10,149,2793
0.10,150,2793
0.10,151,2791
0.10,152,2789
0.10,153,2788
0.10,154,2791
0.10,155,2784
0.10,156,2785
0.10,157,2779
0.10,158,2780
0.10,159,2779
0.10,160,2778
0.10,161,2777
0.10,162,2771
0.10,163,2776
0.10,164,2766
0.10,165,2763
0.10,166,2757
0.10,167,2760
0.10,168,2751
0.10,169,2755
0.10,170,2758
0.10,171,2756
0.10,172,2752
0.10,173,2754
0.10,174,2749
0.10,175,2752
0.10,176,2752
0.10,177,2751
0.10,178,2751
0.10,179,2745
0.10,180,2747
0.10,181,2745
0.10,182,2742
0.10,183,2743
0.10,184,2743
0.10,185,2741
0.10,186,2746
0.10,187,2743
0.10,188,2738
0.10,189,2746
0.10,190,2737
0.10,191,2739
0.10,192,2733
0.10,193,2728
0.10,194,2723
0.10,195,2720
0.10,196,2718
0.10,197,2722
0.10,198,2710
0.10,199,2709
0.10,200,2706
0.10,201,2709
0.10,202,2708
0.10,203,2699
0.10,204,2706
0.10,205,2697
0.10,206,2702
0.10,207,2695
0.10,208,2700
0.10,209,2693
0.10,210,2696
0.10,211,2685
0.10,212,2694
0.10,213,2684
0.10,214,2683
0.10,215,2685
0.10,216,2683
0.10,217,2680
0.10,218,2674
0.10,219,2673
0.10,220,2674
0.10,221,2672
0.10,222,2679
0.10,223,2678
0.10,224,2684
0.10,225,2689
0.10,226,2689
0.10,227,2687
0.10,228,2693
0.10,229,2689
0.10,230,2691
0.10,231,2684
0.10,232,2689
0.10,233,2687
0.10,234,2691
0.10,235,2686
0.10,236,2690
0.10,237,2678
0.10,238,2684
0.10,239,2676
0.10,240,2675
0.10,241,2669
0.10,242,2669
0.10,243,2661
0.10,244,2667
0.10,245,2665
0.10,246,2661
0.10,247,2663
0.10,248,2658
0.10,249,2658
0.10,250,2662
0.10,251,2664
0.10,252,2665
0.10,253,2662
0.10,254,2660
0.10,255,2655
0.10,256,2652
0.10,257,2656
0.10,258,2649
0.10,259,2651
0.10,260,2650
0.10,261,2649
0.10,262,2645
0.10,263,2640
0.10,264,2642
0.10,265,2638
0.10,266,2640
0.10,267,2640
0.10,268,2635
0.10,269,2642
0.10,270,2639
0.10,271,2638
0.10,272,2639
0.10,273,2637
0.10,274,2632
0.10,275,2630
0.10,276,2627
0.10,277,2623
0.10,278,2622
0.10,279,2624
0.10,280,2621
0.10,281,2621
0.10,282,2621
0.10,283,2620
0.10,284,2620
0.10,285,2615
0.10,286,2616
0.10,287,2613
0.10,288,2610
0.10,289,2612
0.10,290,2609
0.10,291,2612
0.10,292,2608
0.10,293,2606
0.10,294,2601
0.10,295,2600
0.10,296,2595
0.10,297,2592
0.10,298,2596
0.10,299,2599
0.10,300,2598
0.10,301,2600
0.10,302,2601
0.10,303,2593
0.10,304,2590
0.10,305,2591
0.10,306,2586
0.10,307,2586
0.10,308,2582
0.10,309,2581
0.10,310,2579
0.10,311,2580
0.10,312,2576
0.10,313,2579
0.10,314,2577
0.10,315,2577
0.10,316,2574
0.10,317,2585
0.10,318,2574
0.10,319,2577
0.10,320,2570
0.10,321,2574
0.10,322,2568
0.10,323,2567
0.10,324,2559
0.10,325,2563
0.10,326,2560
0.10,327,2560
0.10,328,2562
0.10,329,2558
0.10,330,2561
0.10,331,2562
0.10,332,2563
0.10,333,2565
0.10,334,2559
0.10,335,2555
0.10,336,2557
0.10,337,2556
0.10,338,2550
0.10,339,2546
0.10,340,2546
0.10,341,2546
0.10,342,2543
0.10,343,2538
0.10,344,2530
0.10,345,2530
0.10,346,2529
0.10,347,2532
0.10,348,2532
0.10,349,2533
0.10,350,2537
0.10,351,2530
0.10,352,2533
0.10,353,2527
0.10,354,2525
0.10,355,2527
0.10,356,2524
0.10,357,2519
0.10,358,2524
0.10,359,2521
0.10,360,2522
0.10,361,2524
0.10,362,2523
0.10,363,2518
0.10,364,2524
0.10,365,2517
0.10,366,2519
0.10,367,2515
0.10,368,2517
0.10,369,2519
0.10,370,2516
0.10,371,2517
0.10,372,2519
0.10,373,2514
0.10,374,2516
0.10,375,2507
0.10,376,2507
0.10,377,2510
0.10,378,2510
0.10,379,2508
0.10,380,2507
0.10,381,2507
0.10,382,2501
0.10,383,2497
0.10,384,2495
0.10,385,2494
0.10,386,2490
0.10,387,2493
0.10,388,2496
0.10,389,2493
0.10,390,2491
0.10,391,2488
0.10,392,2492
0.10,393,2489
0.10,394,2490
0.10,395,2495
0.10,396,2498
0.10,397,2497
0.10,398,2501
0.10,399,2501
0.10,400,2499
0.10,401,2493
0.10,402,2496
0.10,403,2489
0.10,404,2483
0.10,405,2489
0.10,406,2490
0.10,407,2487
0.10,408,2483
0.10,409,2489
0.10,410,2484
0.10,411,2487
0.10,412,2487
0.10,413,2480
0.10,414,2479
0.10,415,2481
0.10,416,2481
0.10,417,2478
0.10,418,2478
0.10,419,2479
0.10,420,2482
0.10,421,2482
0.10,422,2478
0.10,423,2484
0.10,424,2479
0.10,425,2477
0.10,426,2482
0.10,427,2476
0.10,428,2482
0.10,429,2473
0.10,430,2481
0.10,431,2477
0.10,432,2478
0.10,433,2473
0.10,434,2476
0.10,435,2471
0.10,436,2474
0.10,437,2472
0.10,438,2471
0.10,439,2466
0.10,440,2462
0.10,441,2466
0.10,442,2464
0.10,443,2464
0.10,444,2468
0.10,445,2464
0.10,446,2467
0.10,447,2467
0.10,448,2468
0.10,449,2467
0.10,450,2463
0.10,451,2459
0.10,452,2461
0.10,453,2453
0.10,454,2453
0.10,455,2448
0.10,456,2452
0.10,457,2449
0.10,458,2450
0.10,459,2453
0.10,460,2455
0.10,461,2454
0.10,462,2453
0.10,463,2449
0.10,464,2453
0.10,465,2451
0.10,466,2447
0.10,467,2446
0.10,468,2442
0.10,469,2442
0.10,470,2439
0.10,471,2443
0.10,472,2433
0.10,473,2436
0.10,474,2429
0.10,475,2432
0.10,476,2430
0.10,477,2427
0.10,478,2422
0.10,479,2430
0.10,480,2424
0.10,481,2423
0.10,482,2424
0.10,483,2416
0.10,484,2421
0.10,485,2417
0.10,486,2420
0.10,487,2422
0.10,488,2420
0.10,489,2418
0.10,490,2419
0.10,491,2417
0.10,492,2416
0.10,493,2414
0.10,494,2414
0.10,495,2413
0.10,496,2418
0.10,497,2415
0.10,498,2415
0.10,499,2413
0.15,0,9380
0.15,1,7402
0.15,2,6351
0.15,3,6314
0.15,4,6065
0.15,5,6053
0.15,6,6011
0.15,7,6017
0.15,8,6081
0.15,9,6084
0.15,10,6111
0.15,11,6113
0.15,12,6130
0.15,13,6146
0.15,14,6165
0.15,15,6174
0.15,16,6183
0.15,17,6169
0.15,18,6159
0.15,19,6153
0.15,20,6147
0.15,21,6123
0.15,22,6116
0.15,23,6093
0.15,24,6081
0.15,25,6069
0.15,26,6061
0.15,27,6040
0.15,28,6000
0.15,29,5981
0.15,30,5950
0.15,31,5948
0.15,32,5924
0.15,33,5910
0.15,34,5890
0.15,35,5861
0.15,36,5844
0.15,37,5820
0.15,38,5795
0.15,39,5779
0.15,40,5756
0.15,41,5732
0.15,42,5708
0.15,43,5689
0.15,44,5665
0.15,45,5650
0.15,46,5636
0.15,47,5615
0.15,48,5593
0.15,49,5564
0.15,50,5538
0.15,51,5526
0.15,52,5506
0.15,53,5493
0.15,54,5470
0.15,55,5444
0.15,56,5423
0.15,57,5404
0.15,58,5398
0.15,59,5379
0.15,60,5367
0.15,61,5360
0.15,62,5340
0.15,63,5323
0.15,64,5305
0.15,65,5286
0.15,66,5274
0.15,67,5266
0.15,68,5251
0.15,69,5239
0.15,70,5230
0.15,71,5211
0.15,72,5196
0.15,73,5180
0.15,74,5172
0.15,75,5150
0.15,76,5151
0.15,77,5135
0.15,78,5124
0.15,79,5104
0.15,80,5092
0.15,81,5070
0.15,82,5051
0.15,83,5039
0.15,84,5020
0.15,85,5011
0.15,86,4993
0.15,87,4983
0.15,88,4974
0.15,89,4963
0.15,90,4946
0.15,91,4925
0.15,92,4911
0.15,93,4901
0.15,94,4884
0.15,95,4877
0.15,96,4848
0.15,97,4841
0.15,98,4824
0.15,99,4821
0.15,100,4813
0.15,101,4800
0.15,102,4790
0.15,103,4776
0.15,104,4769
0.15,105,4753
0.15,106,4746
0.15,107,4734
0.15,108,4726
0.15,109,4708
0.15,110,4708
0.15,111,4687
0.15,112,4681
0.15,113,4673
0.15,114,4664
0.15,115,4648
0.15,116,4645
0.15,117,4642
0.15,118,4622
0.15,119,4619
0.15,120,4604
0.15,121,4600
0.15,122,4585
0.15,123,4573
0.15,124,4565
0.15,125,4555
0.15,126,4552
0.15,127,4545
0.15,128,4527
0.15,129,4529
0.15,130,4517
0.15,131,4509
0.15,132,4490
0.15,133,4487
0.15,134,4473
0.15,135,4469
0.15,136,4455
0.15,137,4448
0.15,138,4447
0.15,139,4443
0.15,140,4428
0.15,141,4411
0.15,142,4410
0.15,143,4407
0.15,144,4399
0.15,145,4390
0.15,146,4381
0.15,147,4374
0.15,148,4368
0.15,149,4369
0.15,150,4350
0.15,151,4344
0.15,152,4339
0.15,153,4335
0.15,154,4319
0.15,155,4305
0.15,156,4294
0.15,157,4290
0.15,158,4284
0.15,159,4278
0.15,160,4275
0.15,161,4272
0.15,162,4258
0.15,163,4250
0.15,164,4246
0.15,165,4233
0.15,166,4217
0.15,167,4208
0.15,168,4195
0.15,169,4191
0.15,170,4184
0.15,171,4182
0.15,172,4171
0.15,173,4170
0.15,174,4154
0.15,175,4149
0.15,176,4149
0.15,177,4140
0.15,178,4123
0.15,179,4125
0.15,180,4110
0.15,181,4113
0.15,182,4103
0.15,183,4106
0.15,184,4103
0.15,185,4100
0.15,186,4089
0.15,187,4082
0.15,188,4080
0.15,189,4070
0.15,190,4075
0.15,191,4072
0.15,192,4069
0.15,193,4061
0.15,194,4065
0.15,195,4047
0.15,196,4044
0.15,197,4036
0.15,198,4031
0.15,199,4020
0.15,200,4012
0.15,201,4004
0.15,202,3990
0.15,203,3985
0.15,204,3975
0.15,205,3976
0.15,206,3966
0.15,207,3958
0.15,208,3956
0.15,209,3938
0.15,210,3944
0.15,211,3934
0.15,212,3939
0.15,213,3933
0.15,214,3943
0.15,215,3941
0.15,216,3939
0.15,217,3934
0.15,218,3930
0.15,219,3925
0.15,220,3924
0.15,221,3917
0.15,222,3913
0.15,223,3906
0.15,224,3899
0.15,225,3898
0.15,226,3897
0.15,227,3898
0.15,228,3888
0.15,229,3887
0.15,230,3880
0.15,231,3881
0.15,232,3886
0.15,233,3879
0.15,234,3878
0.15,235,3878
0.15,236,3874
0.15,237,3871
0.15,238,3867
0.15,239,3870
0.15,240,3863
0.15,241,3859
0.15,242,3855
0.15,243,3847
0.15,244,3837
0.15,245,3831
0.15,246,3822
0.15,247,3825
0.15,248,3810
0.15,249,3809
0.15,250,3802
0.15,251,3802
0.15,252,3797
0.15,253,3801
0.15,254,3784
0.15,255,3783
0.15,256,3777
0.15,257,3771
0.15,258,3774
0.15,259,3772
0.15,260,3764
0.15,261,3764
0.15,262,3756
0.15,263,3748
0.15,264,3747
0.15,265,3743
0.15,266,3738
0.15,267,3741
0.15,268,3739
0.15,269,3741
0.15,270,3732
0.15,271,3728
0.15,272,3723
0.15,273,3724
0.15,274,3710
0.15,275,3708
0.15,276,3699
0.15,277,3700
0.15,278,3697
0.15,279,3688
0.15,280,3678
0.15,281,3672
0.15,282,3673
0.15,283,3671
0.15,284,3677
0.15,285,3671
0.15,286,3674
0.15,287,3667
0.15,288,3661
0.15,289,3659
0.15,290,3647
0.15,291,3653
0.15,292,3639
0.15,293,3636
0.15,294,3636
0.15,295,3628
0.15,296,3626
0.15,297,3625
0.15,298,3634
0.15,299,3626
0.15,300,3624
0.15,301,3615
0.15,302,3606
0.15,303,3608
0.15,304,3593
0.15,305,3592
0.15,306,3581
0.15,307,3579
0.15,308,3580
0.15,309,3573
0.15,310,3566
0.15,311,3561
0.15,312,3561
0.15,313,3564
0.15,314,3560
0.15,315,3561
0.15,316,3563
0.15,317,3551
0.15,318,3553
0.15,319,3549
0.15,320,3543
0.15,321,3538
0.15,322,3533
0.15,323,3523
0.15,324,3526
0.15,325,3517
0.15,326,3522
0.15,327,3514
0.15,328,3504
0.15,329,3499
0.15,330,3498
0.15,331,3499
0.15,332,3492
0.15,333,3488
0.15,334,3489
0.15,335,3483
0.15,336,3495
0.15,337,3482
0.15,338,3482
0.15,339,3487
0.15,340,3483
0.15,341,3478
0.15,342,3476
0.15,343,3470
0.15,344,3466
0.15,345,3466
0.15,346,3460
0.15,347,3460
0.15,348,3448
0.15,349,3451
0.15,350,3437
0.15,351,3438
0.15,352,3436
0.15,353,3441
0.15,354,3434
0.15,355,3443
0.15,356,3435
0.15,357,3441
0.15,358,3430
0.15,359,3431
0.15,360,3427
0.15,361,3420
0.15,362,3419
0.15,363,3419
0.15,364,3419
0.15,365,3416
0.15,366,3406
0.15,367,3410
0.15,368,3402
0.15,369,3399
0.15,370,3390
0.15,371,3385
0.15,372,3379
0.15,373,3383
0.15,374,3367
0.15,375,3377
0.15,376,3365
0.15,377,3372
0.15,378,3361
0.15,379,3365
0.15,380,3357
0.15,381,3360
0.15,382,3356
0.15,383,3350
0.15,384,3345
0.15,385,3341
0.15,386,3337
0.15,387,3326
0.15,388,3328
0.15,389,3325
0.15,390,3336
0.15,391,3329
0.15,392,3327
0.15,393,3321
0.15,394,3322
0.15,395,3315
0.15,396,3315
0.15,397,3311
0.15,398,3314
0.15,399,3302
0.15,400,3305
0.15,401,3300
0.15,402,3295
0.15,403,3293
0.15,404,3283
0.15,405,3283
0.15,406,3268
0.15,407,3268
0.15,408,3270
0.15,409,3266
0.15,410,3264
0.15,411,3262
0.15,412,3259
0.15,413,3249
0.15,414,3247
0.15,415,3251
0.15,416,3246
0.15,417,3247
0.15,418,3243
0.15,419,3239
0.15,420,3233
0.15,421,3227
0.15,422,3225
0.15,423,3218
0.15,424,3219
0.15,425,3219
0.15,426,3213
0.15,427,3216
0.15,428,3214
0.15,429,3209
0.15,430,3207
0.15,431,3197
0.15,432,3189
0.15,433,3194
0.15,434,3185
0.15,435,3188
0.15,436,3186
0.15,437,3187
0.15,438,3185
0.15,439,3176
0.15,440,3179
0.15,441,3169
0.15,442,3167
0.15,443,3169
0.15,444,3162
0.15,445,3160
0.15,446,3159
0.15,447,3164
0.15,448,3154
0.15,449,3155
0.15,450,3150
0.15,451,3148
0.15,452,3147
0.15,453,3149
0.15,454,3152
0.15,455,3150
0.15,456,3155
0.15,457,3148
0.15,458,3149
0.15,459,3140
0.15,460,3146
0.15,461,3139
0.15,462,3143
0.15,463,3140
0.15,464,3140
0.15,465,3143
0.15,466,3134
0.15,467,3136
0.15,468,3131
0.15,469,3131
0.15,470,3129
0.15,471,3135
0.15,472,3134
0.15,473,3141
0.15,474,3135
0.15,475,3126
0.15,476,3131
0.15,477,3126
0.15,478,3129
0.15,479,3124
0.15,480,3132
0.15,481,3124
0.15,482,3131
0.15,483,3130
0.15,484,3123
0.15,485,3117
0.15,486,3114
0.15,487,3108
0.15,488,3104
0.15,489,3106
0.15,490,3109
0.15,491,3099
0.15,492,3100
0.15,493,3094
0.15,494,3093
0.15,495,3090
0.15,496,3088
0.15,497,3090
0.15,498,3084
0.15,499,3083
0.20,0,12483
0.20,1,12696
0.20,2,11062
0.20,3,11330
0.20,4,10667
0.20,5,10643
0.20,6,10316
0.20,7,10219
0.20,8,10024
0.20,9,9890
0.20,10,9738
0.20,11,9604
0.20,12,9468
0.20,13,9341
0.20,14,9230
0.20,15,9103
0.20,16,9012
0.20,17,8893
0.20,18,8788
0.20,19,8679
0.20,20,8599
0.20,21,8506
0.20,22,8422
0.20,23,8339
0.20,24,8263
0.20,25,8181
0.20,26,8116
0.20,27,8050
0.20,28,7980
0.20,29,7910
0.20,30,7838
0.20,31,7781
0.20,32,7719
0.20,33,7662
0.20,34,7604
0.20,35,7553
0.20,36,7500
0.20,37,7452
0.20,38,7387
0.20,39,7357
0.20,40,7287
0.20,41,7252
0.20,42,7202
0.20,43,7162
0.20,44,7117
0.20,45,7072
0.20,46,7019
0.20,47,6967
0.20,48,6930
0.20,49,6885
0.20,50,6851
0.20,51,6828
0.20,52,6782
0.20,53,6757
0.20,54,6701
0.20,55,6677
0.20,56,6645
0.20,57,6606
0.20,58,6576
0.20,59,6539
0.20,60,6510
0.20,61,6476
0.20,62,6429
0.20,63,6416
0.20,64,6373
0.20,65,6339
0.20,66,6308
0.20,67,6293
0.20,68,6260
0.20,69,6251
0.20,70,6216
0.20,71,6196
0.20,72,6148
0.20,73,6133
0.20,74,6086
0.20,75,6074
0.20,76,6037
0.20,77,6016
0.20,78,5985
0.20,79,5965
0.20,80,5931
0.20,81,5903
0.20,82,5871
0.20,83,5833
0.20,84,5820
0.20,85,5792
0.20,86,5780
0.20,87,5760
0.20,88,5725
0.20,89,5711
0.20,90,5694
0.20,91,5666
0.20,92,5642
0.20,93,5622
0.20,94,5607
0.20,95,5579
0.20,96,5551
0.20,97,5545
0.20,98,5522
0.20,99,5501
0.20,100,5483
0.20,101,5472
0.20,102,5448
0.20,103,5449
0.20,104,5422
0.20,105,5414
0.20,106,5382
0.20,107,5375
0.20,108,5345
0.20,109,5327
0.20,110,5316
0.20,111,5299
0.20,112,5284
0.20,113,5263
0.20,114,5246
0.20,115,5235
0.20,116,5221
0.20,117,5204
0.20,118,5197
0.20,119,5164
0.20,120,5160
0.20,121,5145
0.20,122,5130
0.20,123,5112
0.20,124,5099
0.20,125,5090
0.20,126,5082
0.20,127,5074
0.20,128,5047
0.20,129,5040
0.20,130,5019
0.20,131,5017
0.20,132,4998
0.20,133,4983
0.20,134,4964
0.20,135,4959
0.20,136,4937
0.20,137,4924
0.20,138,4915
0.20,139,4904
0.20,140,4890
0.20,141,4879
0.20,142,4863
0.20,143,4859
0.20,144,4847
0.20,145,4842
0.20,146,4827
0.20,147,4811
0.20,148,4796
0.20,149,4776
0.20,150,4770
0.20,151,4767
0.20,152,4737
0.20,153,4723
0.20,154,4724
0.20,155,4716
0.20,156,4704
0.20,157,4693
0.20,158,4686
0.20,159,4670
0.20,160,4657
0.20,161,4649
0.20,162,4640
0.20,163,4633
0.20,164,4626
0.20,165,4622
0.20,166,4612
0.20,167,4608
0.20,168,4586
0.20,169,4581
0.20,170,4571
0.20,171,4548
0.20,172,4548
0.20,173,4529
0.20,174,4530
0.20,175,4515
0.20,176,4494
0.20,177,4489
0.20,178,4484
0.20,179,4477
0.20,180,4458
0.20,181,4455
0.20,182,4440
0.20,183,4443
0.20,184,4429
0.20,185,4421
0.20,186,4416
0.20,187,4416
0.20,188,4406
0.20,189,4398
0.20,190,4385
0.20,191,4380
0.20,192,4373
0.20,193,4365
0.20,194,4366
0.20,195,4353
0.20,196,4347
0.20,197,4341
0.20,198,4334
0.20,199,4323
0.20,200,4320
0.20,201,4307
0.20,202,4314
0.20,203,4304
0.20,204,4288
0.20,205,4285
0.20,206,4273
0.20,207,4260
0.20,208,4256
0.20,209,4242
0.20,210,4231
0.20,211,4227
0.20,212,4218
0.20,213,4212
0.20,214,4207
0.20,215,4200
0.20,216,4190
0.20,217,4187
0.20,218,4188
0.20,219,4178
0.20,220,4175
0.20,221,4163
0.20,222,4161
0.20,223,4154
0.20,224,4147
0.20,225,4149
0.20,226,4146
0.20,227,4133
0.20,228,4127
0.20,229,4117
0.20,230,4107
0.20,231,4105
0.20,232,4099
0.20,233,4095
0.20,234,4090
0.20,235,4080
0.20,236,4080
0.20,237,4066
0.20,238,4058
0.20,239,4050
0.20,240,4046
0.20,241,4035
0.20,242,4033
0.20,243,4026
0.20,244,4025
0.20,245,4010
0.20,246,4009
0.20,247,4001
0.20,248,4001
0.20,249,3982
0.20,250,3979
0.20,251,3971
0.20,252,3971
0.20,253,3966
0.20,254,3964
0.20,255,3960
0.20,256,3959
0.20,257,3954
0.20,258,3946
0.20,259,3942
0.20,260,3939
0.20,261,3931
0.20,262,3918
0.20,263,3910
0.20,264,3910
0.20,265,3903
0.20,266,3908
0.20,267,3897
0.20,268,3896
0.20,269,3895
0.20,270,3890
0.20,271,3878
0.20,272,3875
0.20,273,3864
0.20,274,3870
0.20,275,3865
0.20,276,3863
0.20,277,3861
0.20,278,3849
0.20,279,3845
0.20,280,3841
0.20,281,3837
0.20,282,3829
0.20,283,3818
0.20,284,3810
0.20,285,3798
0.20,286,3789
0.20,287,3782
0.20,288,3775
0.20,289,3773
0.20,290,3768
0.20,291,3768
0.20,292,3756
0.20,293,3755
0.20,294,3748
0.20,295,3746
0.20,296,3742
0.20,297,3731
0.20,298,3729
0.20,299,3722
0.20,300,3724
0.20,301,3716
0.20,302,3712
0.20,303,3713
0.20,304,3711
0.20,305,3709
0.20,306,3707
0.20,307,3705
0.20,308,3692
0.20,309,3692
0.20,310,3681
0.20,311,3685
0.20,312,3675
0.20,313,3673
0.20,314,3667
0.20,315,3670
0.20,316,3663
0.20,317,3664
0.20,318,3652
0.20,319,3651
0.20,320,3643
0.20,321,3642
0.20,322,3637
0.20,323,3632
0.20,324,3630
0.20,325,3621
0.20,326,3622
0.20,327,3605
0.20,328,3612
0.20,329,3605
0.20,330,3600
0.20,331,3597
0.20,332,3595
0.20,333,3585
0.20,334,3592
0.20,335,3590
0.20,336,3582
0.20,337,3586
0.20,338,3582
0.20,339,3580
0.20,340,3568
0.20,341,3565
0.20,342,3561
0.20,343,3558
0.20,344,3552
0.20,345,3545
0.20,346,3545
0.20,347,3537
0.20,348,3526
0.20,349,3528
0.20,350,3525
0.20,351,3524
0.20,352,3522
0.20,353,3513
0.20,354,3507
0.20,355,3502
0.20,356,3498
0.20,357,3498
0.20,358,3493
0.20,359,3502
0.20,360,3498
0.20,361,3504
0.20,362,3498
0.20,363,3508
0.20,364,3505
0.20,365,3499
0.20,366,3503
0.20,367,3491
0.20,368,3494
0.20,369,3487
0.20,370,3488
0.20,371,3484
0.20,372,3481
0.20,373,3481
0.20,374,3475
0.20,375,3468
0.20,376,3470
0.20,377,3461
0.20,378,3463
0.20,379,3453
0.20,380,3450
0.20,381,3449
0.20,382,3443
0.20,383,3437
0.20,384,3432
0.20,385,3432
0.20,386,3433
0.20,387,3432
0.20,388,3423
0.20,389,3417
0.20,390,3411
0.20,391,3406
0.20,392,3404
0.20,393,3400
0.20,394,3400
0.20,395,3393
0.20,396,3391
0.20,397,3389
0.20,398,3382
0.20,399,3387
0.20,400,3374
0.20,401,3376
0.20,402,3371
0.20,403,3373
0.20,404,3359
0.20,405,3361
0.20,406,3355
0.20,407,3352
0.20,408,3360
0.20,409,3364
0.20,410,3365
0.20,411,3359
0.20,412,3356
0.20,413,3344
0.20,414,3350
0.20,415,3341
0.20,416,3340
0.20,417,3336
0.20,418,3331
0.20,419,3327
0.20,420,3326
0.20,421,3320
0.20,422,3321
0.20,423,3311
0.20,424,3303
0.20,425,3304
0.20,426,3295
0.20,427,3296
0.20,428,3303
0.20,429,3302
0.20,430,3300
0.20,431,3289
0.20,432,3291
0.20,433,3293
0.20,434,3292
0.20,435,3287
0.20,436,3286
0.20,437,3291
0.20,438,3286
0.20,439,3284
0.20,440,3283
0.20,441,3276
0.20,442,3271
0.20,443,3272
0.20,444,3275
0.20,445,3275
0.20,446,3263
0.20,447,3270
0.20,448,3257
0.20,449,3263
0.20,450,3258
0.20,451,3253
0.20,452,3245
0.20,453,3244
0.20,454,3241
0.20,455,3232
0.20,456,3231
0.20,457,3217
0.20,458,3217
0.20,459,3214
0.20,460,3214
0.20,461,3208
0.20,462,3200
0.20,463,3195
0.20,464,3197
0.20,465,3192
0.20,466,3185
0.20,467,3181
0.20,468,3182
0.20,469,3186
0.20,470,3185
0.20,471,3187
0.20,472,3184
0.20,473,3184
0.20,474,3186
0.20,475,3188
0.20,476,3176
0.20,477,3176
0.20,478,3174
0.20,479,3172
0.20,480,3166
0.20,481,3167
0.20,482,3167
0.20,483,3165
0.20,484,3156
0.20,485,3161
0.20,486,3154
0.20,487,3154
0.20,488,3138
0.20,489,3131
0.20,490,3132
0.20,491,3130
0.20,492,3124
0.20,493,3124
0.20,494,3123
0.20,495,3125
0.20,496,3128
0.20,497,3117
0.20,498,3126
0.20,499,3118
0.25,0,15623
0.25,1,17713
0.25,2,15175
0.25,3,15435
0.25,4,14367
0.25,5,14164
0.25,6,13547
0.25,7,13223
0.25,8,12811
0.25,9,12484
0.25,10,12144
0.25,11,11865
0.25,12,11597
0.25,13,11372
0.25,14,11136
0.25,15,10945
0.25,16,10729
0.25,17,10540
0.25,18,10344
0.25,19,10175
0.25,20,10005
0.25,21,9856
0.25,22,9701
0.25,23,9579
0.25,24,9441
0.25,25,9325
0.25,26,9202
0.25,27,9098
0.25,28,8978
0.25,29,8872
0.25,30,8772
0.25,31,8684
0.25,32,8586
0.25,33,8513
0.25,34,8413
0.25,35,8319
0.25,36,8244
0.25,37,8175
0.25,38,8089
0.25,39,8017
0.25,40,7961
0.25,41,7878
0.25,42,7819
0.25,43,7755
0.25,44,7683
0.25,45,7636
0.25,46,7565
0.25,47,7501
0.25,48,7450
0.25,49,7400
0.25,50,7351
0.25,51,7293
0.25,52,7248
0.25,53,7188
0.25,54,7142
0.25,55,7096
0.25,56,7050
0.25,57,7007
0.25,58,6967
0.25,59,6924
0.25,60,6882
0.25,61,6859
0.25,62,6804
0.25,63,6772
0.25,64,6725
0.25,65,6694
0.25,66,6638
0.25,67,6616
0.25,68,6574
0.25,69,6545
0.25,70,6505
0.25,71,6471
0.25,72,6432
0.25,73,6399
0.25,74,6362
0.25,75,6351
0.25,76,6312
0.25,77,6278
0.25,78,6249
0.25,79,6220
0.25,80,6190
0.25,81,6165
0.25,82,6134
0.25,83,6089
0.25,84,6083
0.25,85,6033
0.25,86,6025
0.25,87,6006
0.25,88,5983
0.25,89,5960
0.25,90,5928
0.25,91,5918
0.25,92,5891
0.25,93,5883
0.25,94,5840
0.25,95,5828
0.25,96,5798
0.25,97,5791
0.25,98,5780
0.25,99,5746
0.25,100,5722
0.25,101,5698
0.25,102,5681
0.25,103,5662
0.25,104,5641
0.25,105,5609
0.25,106,5598
0.25,107,5584
0.25,108,5556
0.25,109,5542
0.25,110,5522
0.25,111,5500
0.25,112,5490
0.25,113,5467
0.25,114,5452
0.25,115,5419
0.25,116,5399
0.25,117,5380
0.25,118,5364
0.25,119,5359
0.25,120,5346
0.25,121,5331
0.25,122,5326
0.25,123,5306
0.25,124,5300
0.25,125,5287
0.25,126,5278
0.25,127,5251
0.25,128,5238
0.25,129,5221
0.25,130,5211
0.25,131,5201
0.25,132,5187
0.25,133,5167
0.25,134,5153
0.25,135,5140
0.25,136,5126
0.25,137,5116
0.25,138,5108
0.25,139,5097
0.25,140,5088
0.25,141,5063
0.25,142,5050
0.25,143,5032
0.25,144,5022
0.25,145,5012
0.25,146,5000
0.25,147,4976
0.25,148,4975
0.25,149,4946
0.25,150,4938
0.25,151,4923
0.25,152,4914
0.25,153,4914
0.25,154,4904
0.25,155,4894
0.25,156,4886
0.25,157,4859
0.25,158,4852
0.25,159,4841
0.25,160,4827
0.25,161,4813
0.25,162,4807
0.25,163,4790
0.25,164,4795
0.25,165,4774
0.25,166,4768
0.25,167,4755
0.25,168,4743
0.25,169,4726
0.25,170,4715
0.25,171,4690
0.25,172,4697
0.25,173,4682
0.25,174,4670
0.25,175,4659
0.25,176,4654
0.25,177,4634
0.25,178,4642
0.25,179,4619
0.25,180,4623
0.25,181,4605
0.25,182,4598
0.25,183,4587
0.25,184,4573
0.25,185,4569
0.25,186,4552
0.25,187,4539
0.25,188,4529
0.25,189,4509
0.25,190,4499
0.25,191,4489
0.25,192,4481
0.25,193,4474
0.25,194,4446
0.25,195,4449
0.25,196,4436
0.25,197,4436
0.25,198,4425
0.25,199,4426
0.25,200,4414
0.25,201,4407
0.25,202,4397
0.25,203,4388
0.25,204,4383
0.25,205,4364
0.25,206,4359
0.25,207,4360
0.25,208,4353
0.25,209,4342
0.25,210,4333
0.25,211,4325
0.25,212,4319
0.25,213,4312
0.25,214,4309
0.25,215,4301
0.25,216,4299
0.25,217,4296
0.25,218,4282
0.25,219,4271
0.25,220,4267
0.25,221,4267
0.25,222,4252
0.25,223,4253
0.25,224,4236
0.25,225,4228
0.25,226,4213
0.25,227,4206
0.25,228,4187
0.25,229,4188
0.25,230,4177
0.25,231,4171
0.25,232,4160
0.25,233,4152
0.25,234,4155
0.25,235,4141
0.25,236,4141
0.25,237,4133
0.25,238,4129
0.25,239,4122
0.25,240,4111
0.25,241,4108
0.25,242,4102
0.25,243,4096
0.25,244,4093
0.25,245,4098
0.25,246,4082
0.25,247,4081
0.25,248,4073
0.25,249,4071
0.25,250,4062
0.25,251,4063
0.25,252,4055
0.25,253,4052
0.25,254,4046
0.25,255,4037
0.25,256,4029
0.25,257,4032
0.25,258,4022
0.25,259,4027
0.25,260,4022
0.25,261,4011
0.25,262,4014
0.25,263,3998
0.25,264,3988
0.25,265,3979
0.25,266,3970
0.25,267,3960
0.25,268,3946
0.25,269,3938
0.25,270,3932
0.25,271,3931
0.25,272,3933
0.25,273,3923
0.25,274,3918
0.25,275,3922
0.25,276,3913
0.25,277,3906
0.25,278,3905
0.25,279,3893
0.25,280,3895
0.25,281,3891
0.25,282,3881
0.25,283,3888
0.25,284,3880
0.25,285,3879
0.25,286,3873
0.25,287,3862
0.25,288,3856
0.25,289,3851
0.25,290,3853
0.25,291,3836
0.25,292,3827
0.25,293,3811
0.25,294,3808
0.25,295,3804
0.25,296,3806
0.25,297,3793
0.25,298,3784
0.25,299,3779
0.25,300,3781
0.25,301,3773
0.25,302,3766
0.25,303,3763
0.25,304,3757
0.25,305,3757
0.25,306,3753
0.25,307,3755
0.25,308,3746
0.25,309,3745
0.25,310,3752
0.25,311,3745
0.25,312,3742
0.25,313,3738
0.25,314,3728
0.25,315,3727
0.25,316,3728
0.25,317,3716
0.25,318,3715
0.25,319,3710
0.25,320,3705
0.25,321,3703
0.25,322,3694
0.25,323,3692
0.25,324,3697
0.25,325,3689
0.25,326,3691
0.25,327,3688
0.25,328,3681
0.25,329,3680
0.25,330,3679
0.25,331,3672
0.25,332,3673
0.25,333,3661
0.25,334,3666
0.25,335,3659
0.25,336,3661
0.25,337,3655
0.25,338,3646
0.25,339,3645
0.25,340,3636
0.25,341,3641
0.25,342,3637
0.25,343,3624
0.25,344,3629
0.25,345,3618
0.25,346,3622
0.25,347,3620
0.25,348,3614
0.25,349,3606
0.25,350,3606
0.25,351,3600
0.25,352,3589
0.25,353,3600
0.25,354,3591
0.25,355,3598
0.25,356,3589
0.25,357,3589
0.25,358,3581
0.25,359,3588
0.25,360,3578
0.25,361,3577
0.25,362,3568
0.25,363,3565
0.25,364,3562
0.25,365,3561
0.25,366,3557
0.25,367,3556
0.25,368,3553
0.25,369,3551
0.25,370,3541
0.25,371,3536
0.25,372,3524
0.25,373,3531
0.25,374,3525
0.25,375,3518
0.25,376,3520
0.25,377,3512
0.25,378,3505
0.25,379,3507
0.25,380,3500
0.25,381,3494
0.25,382,3490
0.25,383,3480
0.25,384,3475
0.25,385,3470
0.25,386,3470
0.25,387,3466
0.25,388,3465
0.25,389,3467
0.25,390,3461
0.25,391,3463
0.25,392,3458
0.25,393,3461
0.25,394,3452
0.25,395,3451
0.25,396,3448
0.25,397,3446
0.25,398,3439
0.25,399,3440
0.25,400,3436
0.25,401,3436
0.25,402,3430
0.25,403,3430
0.25,404,3424
0.25,405,3423
0.25,406,3416
0.25,407,3419
0.25,408,3410
0.25,409,3408
0.25,410,3406
0.25,411,3404
0.25,412,3393
0.25,413,3397
0.25,414,3398
0.25,415,3400
0.25,416,3395
0.25,417,3396
0.25,418,3383
0.25,419,3387
0.25,420,3376
0.25,421,3372
0.25,422,3365
0.25,423,3354
0.25,424,3351
0.25,425,3350
0.25,426,3349
0.25,427,3343
0.25,428,3343
0.25,429,3337
0.25,430,3336
0.25,431,3331
0.25,432,3326
0.25,433,3331
0.25,434,3337
0.25,435,3327
0.25,436,3331
0.25,437,3321
0.25,438,3331
0.25,439,3327
0.25,440,3328
0.25,441,3325
0.25,442,3325
0.25,443,3318
0.25,444,3315
0.25,445,3313
0.25,446,3309
0.25,447,3305
0.25,448,3304
0.25,449,3296
0.25,450,3288
0.25,451,3287
0.25,452,3285
0.25,453,3278
0.25,454,3274
0.25,455,3269
0.25,456,3260
0.25,457,3264
0.25,458,3256
0.25,459,3249
0.25,460,3252
0.25,461,3250
0.25,462,3252
0.25,463,3249
0.25,464,3249
0.25,465,3243
0.25,466,3239
0.25,467,3244
0.25,468,3235
0.25,469,3228
0.25,470,3228
0.25,471,3227
0.25,472,3227
0.25,473,3225
0.25,474,3222
0.25,475,3221
0.25,476,3220
0.25,477,3221
0.25,478,3217
0.25,479,3210
0.25,480,3205
0.25,481,3193
0.25,482,3192
0.25,483,3188
0.25,484,3185
0.25,485,3188
0.25,486,3181
0.25,487,3171
0.25,488,3170
0.25,489,3177
0.25,490,3172
0.25,491,3174
0.25,492,3175
0.25,493,3167
0.25,494,3169
0.25,495,3166
0.25,496,3167
0.25,497,3162
0.25,498,3159
0.25,499,3154
0.30,0,18745
0.30,1,21326
0.30,2,18020
0.30,3,17777
0.30,4,16625
0.30,5,16101
0.30,6,15404
0.30,7,14871
0.30,8,14362
0.30,9,13912
0.30,10,13481
0.30,11,13102
0.30,12,12745
0.30,13,12413
0.30,14,12098
0.30,15,11811
0.30,16,11527
0.30,17,11284
0.30,18,11047
0.30,19,10852
0.30,20,10642
0.30,21,10464
0.30,22,10281
0.30,23,10106
0.30,24,9948
0.30,25,9789
0.30,26,9638
0.30,27,9484
0.30,28,9369
0.30,29,9246
0.30,30,9155
0.30,31,9028
0.30,32,8923
0.30,33,8805
0.30,34,8701
0.30,35,8611
0.30,36,8532
0.30,37,8439
0.30,38,8339
0.30,39,8257
0.30,40,8178
0.30,41,8100
0.30,42,8033
0.30,43,7968
0.30,44,7919
0.30,45,7833
0.30,46,7780
0.30,47,7720
0.30,48,7661
0.30,49,7604
0.30,50,7565
0.30,51,7481
0.30,52,7446
0.30,53,7374
0.30,54,7345
0.30,55,7286
0.30,56,7224
0.30,57,7177
0.30,58,7139
0.30,59,7093
0.30,60,7043
0.30,61,7004
0.30,62,6972
0.30,63,6926
0.30,64,6884
0.30,65,6843
0.30,66,6805
0.30,67,6779
0.30,68,6727
0.30,69,6697
0.30,70,6654
0.30,71,6640
0.30,72,6592
0.30,73,6577
0.30,74,6534
0.30,75,6519
0.30,76,6482
0.30,77,6444
0.30,78,6421
0.30,79,6383
0.30,80,6359
0.30,81,6331
0.30,82,6305
0.30,83,6281
0.30,84,6245
0.30,85,6230
0.30,86,6192
0.30,87,6159
0.30,88,6130
0.30,89,6093
0.30,90,6068
0.30,91,6039
0.30,92,6009
0.30,93,5981
0.30,94,5951
0.30,95,5938
0.30,96,5908
0.30,97,5888
0.30,98,5868
0.30,99,5856
0.30,100,5831
0.30,101,5815
0.30,102,5797
0.30,103,5779
0.30,104,5761
0.30,105,5739
0.30,106,5716
0.30,107,5683
0.30,108,5674
0.30,109,5650
0.30,110,5636
0.30,111,5605
0.30,112,5585
0.30,113,5566
0.30,114,5538
0.30,115,5520
0.30,116,5499
0.30,117,5477
0.30,118,5459
0.30,119,5452
0.30,120,5426
0.30,121,5417
0.30,122,5399
0.30,123,5372
0.30,124,5357
0.30,125,5337
0.30,126,5318
0.30,127,5293
0.30,128,5284
0.30,129,5259
0.30,130,5252
0.30,131,5254
0.30,132,5228
0.30,133,5215
0.30,134,5208
0.30,135,5193
0.30,136,5170
0.30,137,5148
0.30,138,5134
0.30,139,5125
0.30,140,5117
0.30,141,5097
0.30,142,5083
0.30,143,5062
0.30,144,5058
0.30,145,5045
0.30,146,5037
0.30,147,5024
0.30,148,5016
0.30,149,5000
0.30,150,4991
0.30,151,4969
0.30,152,4959
0.30,153,4945
0.30,154,4935
0.30,155,4934
0.30,156,4914
0.30,157,4914
0.30,158,4897
0.30,159,4881
0.30,160,4871
0.30,161,4862
0.30,162,4847
0.30,163,4843
0.30,164,4844
0.30,165,4827
0.30,166,4817
0.30,167,4793
0.30,168,4795
0.30,169,4775
0.30,170,4763
0.30,171,4750
0.30,172,4740
0.30,173,4738
0.30,174,4725
0.30,175,4713
0.30,176,4708
0.30,177,4694
0.30,178,4693
0.30,179,4674
0.30,180,4669
0.30,181,4650
0.30,182,4647
0.30,183,4632
0.30,184,4626
0.30,185,4619
0.30,186,4603
0.30,187,4594
0.30,188,4590
0.30,189,4581
0.30,190,4573
0.30,191,4567
0.30,192,4553
0.30,193,4553
0.30,194,4543
0.30,195,4543
0.30,196,4528
0.30,197,4522
0.30,198,4507
0.30,199,4500
0.30,200,4487
0.30,201,4487
0.30,202,4474
0.30,203,4468
0.30,204,4463
0.30,205,4453
0.30,206,4450
0.30,207,4443
0.30,208,4428
0.30,209,4424
0.30,210,4403
0.30,211,4398
0.30,212,4391
0.30,213,4389
0.30,214,4374
0.30,215,4374
0.30,216,4357
0.30,217,4365
0.30,218,4341
0.30,219,4344
0.30,220,4335
0.30,221,4331
0.30,222,4325
0.30,223,4320
0.30,224,4300
0.30,225,4293
0.30,226,4282
0.30,227,4274
0.30,228,4270
0.30,229,4265
0.30,230,4245
0.30,231,4237
0.30,232,4223
0.30,233,4217
0.30,234,4212
0.30,235,4202
0.30,236,4197
0.30,237,4183
0.30,238,4183
0.30,239,4169
0.30,240,4162
0.30,241,4155
0.30,242,4150
0.30,243,4149
0.30,244,4150
0.30,245,4138
0.30,246,4133
0.30,247,4121
0.30,248,4110
0.30,249,4110
0.30,250,4100
0.30,251,4097
0.30,252,4078
0.30,253,4075
0.30,254,4068
0.30,255,4066
0.30,256,4059
0.30,257,4052
0.30,258,4045
0.30,259,4043
0.30,260,4040
0.30,261,4032
0.30,262,4038
0.30,263,4017
0.30,264,4028
0.30,265,4013
0.30,266,4011
0.30,267,4004
0.30,268,4002
0.30,269,3997
0.30,270,3995
0.30,271,3990
0.30,272,3989
0.30,273,3979
0.30,274,3980
0.30,275,3977
0.30,276,3972
0.30,277,3964
0.30,278,3956
0.30,279,3957
0.30,280,3951
0.30,281,3938
0.30,282,3929
0.30,283,3923
0.30,284,3919
0.30,285,3909
0.30,286,3906
0.30,287,3894
0.30,288,3889
0.30,289,3894
0.30,290,3893
0.30,291,3888
0.30,292,3886
0.30,293,3873
0.30,294,3859
0.30,295,3851
0.30,296,3853
0.30,297,3840
0.30,298,3838
0.30,299,3831
0.30,300,3822
0.30,301,3814
0.30,302,3805
0.30,303,3800
0.30,304,3796
0.30,305,3782
0.30,306,3785
0.30,307,3779
0.30,308,3776
0.30,309,3766
0.30,310,3767
0.30,311,3755
0.30,312,3766
0.30,313,3754
0.30,314,3759
0.30,315,3749
0.30,316,3754
0.30,317,3751
0.30,318,3756
0.30,319,3751
0.30,320,3754
0.30,321,3746
0.30,322,3747
0.30,323,3737
0.30,324,3742
0.30,325,3737
0.30,326,3740
0.30,327,3722
0.30,328,3722
0.30,329,3716
0.30,330,3714
0.30,331,3709
0.30,332,3700
0.30,333,3697
0.30,334,3699
0.30,335,3691
0.30,336,3687
0.30,337,3696
0.30,338,3700
0.30,339,3686
0.30,340,3683
0.30,341,3671
0.30,342,3676
0.30,343,3661
0.30,344,3665
0.30,345,3655
0.30,346,3643
0.30,347,3645
0.30,348,3648
0.30,349,3648
0.30,350,3645
0.30,351,3641
0.30,352,3636
0.30,353,3626
0.30,354,3620
0.30,355,3608
0.30,356,3603
0.30,357,3599
0.30,358,3594
0.30,359,3585
0.30,360,3578
0.30,361,3574
0.30,362,3572
0.30,363,3567
0.30,364,3554
0.30,365,3557
0.30,366,3554
0.30,367,3553
0.30,368,3541
0.30,369,3538
0.30,370,3539
0.30,371,3527
0.30,372,3518
0.30,373,3526
0.30,374,3522
0.30,375,3514
0.30,376,3518
0.30,377,3509
0.30,378,3508
0.30,379,3500
0.30,380,3501
0.30,381,3498
0.30,382,3495
0.30,383,3498
0.30,384,3495
0.30,385,3495
0.30,386,3485
0.30,387,3487
0.30,388,3482
0.30,389,3485
0.30,390,3480
0.30,391,3476
0.30,392,3476
0.30,393,3474
0.30,394,3471
0.30,395,3460
0.30,396,3455
0.30,397,3454
0.30,398,3447
0.30,399,3439
0.30,400,3434
0.30,401,3432
0.30,402,3424
0.30,403,3424
0.30,404,3418
0.30,405,3414
0.30,406,3408
0.30,407,3409
0.30,408,3405
0.30,409,3401
0.30,410,3400
0.30,411,3397
0.30,412,3395
0.30,413,3387
0.30,414,3396
0.30,415,3395
0.30,416,3394
0.30,417,3386
0.30,418,3390
0.30,419,3379
0.30,420,3381
0.30,421,3378
0.30,422,3381
0.30,423,3379
0.30,424,3376
0.30,425,3380
0.30,426,3377
0.30,427,3382
0.30,428,3369
0.30,429,3375
0.30,430,3373
0.30,431,3367
0.30,432,3366
0.30,433,3361
0.30,434,3357
0.30,435,3358
0.30,436,3362
0.30,437,3355
0.30,438,3362
0.30,439,3352
0.30,440,3351
0.30,441,3345
0.30,442,3341
0.30,443,3338
0.30,444,3334
0.30,445,3339
0.30,446,3332
0.30,447,3330
0.30,448,3327
0.30,449,3320
0.30,450,3322
0.30,451,3319
0.30,452,3313
0.30,453,3305
0.30,454,3300
0.30,455,3303
0.30,456,3301
0.30,457,3297
0.30,458,3293
0.30,459,3289
0.30,460,3291
0.30,461,3289
0.30,462,3286
0.30,463,3285
0.30,464,3273
0.30,465,3272
0.30,466,3265
0.30,467,3270
0.30,468,3261
0.30,469,3256
0.30,470,3256
0.30,471,3257
0.30,472,3259
0.30,473,3253
0.30,474,3261
0.30,475,3253
0.30,476,3256
0.30,477,3254
0.30,478,3256
0.30,479,3249
0.30,480,3250
0.30,481,3249
0.30,482,3245
0.30,483,3249
0.30,484,3248
0.30,485,3240
0.30,486,3241
0.30,487,3236
0.30,488,3236
0.30,489,3234
0.30,490,3237
0.30,491,3239
0.30,492,3236
0.30,493,3230
0.30,494,3223
0.30,495,3219
0.30,496,3224
0.30,497,3224
0.30,498,3223
0.30,499,3226
0.35,0,21889
0.35,1,22993
0.35,2,19529
0.35,3,18718
0.35,4,17629
0.35,5,16922
0.35,6,16165
0.35,7,15570
0.35,8,15008
0.35,9,14479
0.35,10,14032
0.35,11,13566
0.35,12,13191
0.35,13,12833
0.35,14,12501
0.35,15,12191
0.35,16,11913
0.35,17,11638
0.35,18,11376
0.35,19,11147
0.35,20,10912
0.35,21,10693
0.35,22,10497
0.35,23,10321
0.35,24,10151
0.35,25,9988
0.35,26,9847
0.35,27,9696
0.35,28,9562
0.35,29,9424
0.35,30,9289
0.35,31,9176
0.35,32,9083
0.35,33,8955
0.35,34,8873
0.35,35,8758
0.35,36,8643
0.35,37,8555
0.35,38,8487
0.35,39,8390
0.35,40,8314
0.35,41,8223
0.35,42,8153
0.35,43,8066
0.35,44,7994
0.35,45,7927
0.35,46,7845
0.35,47,7778
0.35,48,7721
0.35,49,7639
0.35,50,7598
0.35,51,7538
0.35,52,7486
0.35,53,7429
0.35,54,7363
0.35,55,7323
0.35,56,7268
0.35,57,7217
0.35,58,7172
0.35,59,7124
0.35,60,7072
0.35,61,7028
0.35,62,6981
0.35,63,6925
0.35,64,6884
0.35,65,6841
0.35,66,6804
0.35,67,6771
0.35,68,6720
0.35,69,6673
0.35,70,6649
0.35,71,6625
0.35,72,6592
0.35,73,6561
0.35,74,6518
0.35,75,6491
0.35,76,6444
0.35,77,6409
0.35,78,6369
0.35,79,6335
0.35,80,6309
0.35,81,6276
0.35,82,6246
0.35,83,6229
0.35,84,6189
0.35,85,6164
0.35,86,6141
0.35,87,6108
0.35,88,6089
0.35,89,6061
0.35,90,6041
0.35,91,6002
0.35,92,5979
0.35,93,5959
0.35,94,5929
0.35,95,5904
0.35,96,5890
0.35,97,5853
0.35,98,5827
0.35,99,5795
0.35,100,5775
0.35,101,5750
0.35,102,5728
0.35,103,5703
0.35,104,5686
0.35,105,5671
0.35,106,5659
0.35,107,5633
0.35,108,5619
0.35,109,5602
0.35,110,5575
0.35,111,5552
0.35,112,5534
0.35,113,5513
0.35,114,5492
0.35,115,5489
0.35,116,5469
0.35,117,5448
0.35,118,5425
0.35,119,5417
0.35,120,5388
0.35,121,5388
0.35,122,5361
0.35,123,5351
0.35,124,5323
0.35,125,5317
0.35,126,5302
0.35,127,5283
0.35,128,5258
0.35,129,5253
0.35,130,5234
0.35,131,5228
0.35,132,5208
0.35,133,5195
0.35,134,5182
0.35,135,5169
0.35,136,5149
0.35,137,5130
0.35,138,5119
0.35,139,5100
0.35,140,5083
0.35,141,5067
0.35,142,5061
0.35,143,5054
0.35,144,5049
0.35,145,5035
0.35,146,5029
0.35,147,5012
0.35,148,5008
0.35,149,4983
0.35,150,4968
0.35,151,4953
0.35,152,4943
0.35,153,4931
0.35,154,4919
0.35,155,4911
0.35,156,4902
0.35,157,4898
0.35,158,4889
0.35,159,4865
0.35,160,4856
0.35,161,4846
0.35,162,4837
0.35,163,4832
0.35,164,4811
0.35,165,4801
0.35,166,4781
0.35,167,4770
0.35,168,4746
0.35,169,4746
0.35,170,4729
0.35,171,4720
0.35,172,4714
0.35,173,4702
0.35,174,4700
0.35,175,4688
0.35,176,4675
0.35,177,4671
0.35,178,4656
0.35,179,4657
0.35,180,4641
0.35,181,4624
0.35,182,4610
0.35,183,4595
0.35,184,4587
0.35,185,4569
0.35,186,4563
0.35,187,4544
0.35,188,4529
0.35,189,4526
0.35,190,4513
0.35,191,4512
0.35,192,4496
0.35,193,4481
0.35,194,4471
0.35,195,4462
0.35,196,4457
0.35,197,4448
0.35,198,4446
0.35,199,4432
0.35,200,4437
0.35,201,4424
0.35,202,4423
0.35,203,4403
0.35,204,4403
0.35,205,4404
0.35,206,4398
0.35,207,4402
0.35,208,4395
0.35,209,4386
0.35,210,4368
0.35,211,4362
0.35,212,4350
0.35,213,4343
0.35,214,4335
0.35,215,4327
0.35,216,4331
0.35,217,4327
0.35,218,4312
0.35,219,4302
0.35,220,4292
0.35,221,4285
0.35,222,4271
0.35,223,4267
0.35,224,4260
0.35,225,4251
0.35,226,4245
0.35,227,4241
0.35,228,4227
0.35,229,4223
0.35,230,4222
0.35,231,4203
0.35,232,4198
0.35,233,4183
0.35,234,4180
0.35,235,4170
0.35,236,4168
0.35,237,4164
0.35,238,4166
0.35,239,4159
0.35,240,4157
0.35,241,4146
0.35,242,4146
0.35,243,4141
0.35,244,4138
0.35,245,4133
0.35,246,4128
0.35,247,4116
0.35,248,4100
0.35,249,4090
0.35,250,4085
0.35,251,4073
0.35,252,4065
0.35,253,4060
0.35,254,4058
0.35,255,4052
0.35,256,4041
0.35,257,4031
0.35,258,4032
0.35,259,4024
0.35,260,4021
0.35,261,4022
0.35,262,4012
0.35,263,4008
0.35,264,3996
0.35,265,3997
0.35,266,3989
0.35,267,3974
0.35,268,3975
0.35,269,3973
0.35,270,3976
0.35,271,3969
0.35,272,3969
0.35,273,3955
0.35,274,3949
0.35,275,3951
0.35,276,3947
0.35,277,3935
0.35,278,3934
0.35,279,3922
0.35,280,3924
0.35,281,3917
0.35,282,3909
0.35,283,3905
0.35,284,3898
0.35,285,3892
0.35,286,3893
0.35,287,3884
0.35,288,3886
0.35,289,3875
0.35,290,3872
0.35,291,3866
0.35,292,3867
0.35,293,3860
0.35,294,3857
0.35,295,3851
0.35,296,3848
0.35,297,3844
0.35,298,3838
0.35,299,3833
0.35,300,3838
0.35,301,3842
0.35,302,3838
0.35,303,3829
0.35,304,3827
0.35,305,3813
0.35,306,3815
0.35,307,3804
0.35,308,3804
0.35,309,3800
0.35,310,3800
0.35,311,3808
0.35,312,3792
0.35,313,3795
0.35,314,3791
0.35,315,3785
0.35,316,3777
0.35,317,3773
0.35,318,3763
0.35,319,3763
0.35,320,3762
0.35,321,3756
0.35,322,3746
0.35,323,3741
0.35,324,3738
0.35,325,3743
0.35,326,3731
0.35,327,3724
0.35,328,3709
0.35,329,3708
0.35,330,3702
0.35,331,3693
0.35,332,3696
0.35,333,3681
0.35,334,3683
0.35,335,3688
0.35,336,3676
0.35,337,3683
0.35,338,3663
0.35,339,3660
0.35,340,3647
0.35,341,3648
0.35,342,3637
0.35,343,3636
0.35,344,3636
0.35,345,3632
0.35,346,3631
0.35,347,3631
0.35,348,3613
0.35,349,3611
0.35,350,3598
0.35,351,3611
0.35,352,3608
0.35,353,3615
0.35,354,3605
0.35,355,3606
0.35,356,3602
0.35,357,3597
0.35,358,3601
0.35,359,3587
0.35,360,3583
0.35,361,3575
0.35,362,3578
0.35,363,3564
0.35,364,3562
0.35,365,3556
0.35,366,3554
0.35,367,3551
0.35,368,3550
0.35,369,3546
0.35,370,3542
0.35,371,3546
0.35,372,3550
0.35,373,3538
0.35,374,3544
0.35,375,3538
0.35,376,3542
0.35,377,3546
0.35,378,3548
0.35,379,3549
0.35,380,3552
0.35,381,3551
0.35,382,3553
0.35,383,3552
0.35,384,3546
0.35,385,3538
0.35,386,3540
0.35,387,3531
0.35,388,3527
0.35,389,3525
0.35,390,3521
0.35,391,3513
0.35,392,3515
0.35,393,3512
0.35,394,3512
0.35,395,3505
0.35,396,3503
0.35,397,3499
0.35,398,3498
0.35,399,3492
0.35,400,3490
0.35,401,3486
0.35,402,3491
0.35,403,3479
0.35,404,3482
0.35,405,3483
0.35,406,3482
0.35,407,3480
0.35,408,3476
0.35,409,3472
0.35,410,3474
0.35,411,3463
0.35,412,3459
0.35,413,3459
0.35,414,3459
0.35,415,3452
0.35,416,3446
0.35,417,3454
0.35,418,3444
0.35,419,3439
0.35,420,3437
0.35,421,3434
0.35,422,3428
0.35,423,3423
0.35,424,3425
0.35,425,3422
0.35,426,3412
0.35,427,3411
0.35,428,3406
0.35,429,3405
0.35,430,3398
0.35,431,3400
0.35,432,3389
0.35,433,3401
0.35,434,3395
0.35,435,3401
0.35,436,3390
0.35,437,3400
0.35,438,3398
0.35,439,3406
0.35,440,3399
0.35,441,3397
0.35,442,3392
0.35,443,3386
0.35,444,3392
0.35,445,3381
0.35,446,3383
0.35,447,3379
0.35,448,3372
0.35,449,3372
0.35,450,3366
0.35,451,3360
0.35,452,3363
0.35,453,3361
0.35,454,3364
0.35,455,3360
0.35,456,3365
0.35,457,3356
0.35,458,3358
0.35,459,3348
0.35,460,3353
0.35,461,3352
0.35,462,3347
0.35,463,3344
0.35,464,3343
0.35,465,3343
0.35,466,3346
0.35,467,3341
0.35,468,3338
0.35,469,3339
0.35,470,3334
0.35,471,3334
0.35,472,3327
0.35,473,3328
0.35,474,3324
0.35,475,3326
0.35,476,3321
0.35,477,3314
0.35,478,3302
0.35,479,3310
0.35,480,3307
0.35,481,3305
0.35,482,3311
0.35,483,3307
0.35,484,3308
0.35,485,3302
0.35,486,3297
0.35,487,3287
0.35,488,3282
0.35,489,3275
0.35,490,3269
0.35,491,3275
0.35,492,3259
0.35,493,3256
0.35,494,3248
0.35,495,3245
0.35,496,3241
0.35,497,3242
0.35,498,3244
0.35,499,3241
0.40,0,25011
0.40,1,22657
0.40,2,19702
0.40,3,18788
0.40,4,17742
0.40,5,16971
0.40,6,16232
0.40,7,15618
0.40,8,15043
0.40,9,14553
0.40,10,14063
0.40,11,13636
0.40,12,13227
0.40,13,12849
0.40,14,12520
0.40,15,12210
0.40,16,11919
0.40,17,11639
0.40,18,11379
0.40,19,11133
0.40,20,10930
0.40,21,10724
0.40,22,10533
0.40,23,10337
0.40,24,10173
0.40,25,10005
0.40,26,9843
0.40,27,9695
0.40,28,9554
0.40,29,9440
0.40,30,9312
0.40,31,9196
0.40,32,9085
0.40,33,8985
0.40,34,8879
0.40,35,8780
0.40,36,8683
0.40,37,8595
0.40,38,8489
0.40,39,8425
0.40,40,8340
0.40,41,8256
0.40,42,8174
0.40,43,8098
0.40,44,8032
0.40,45,7941
0.40,46,7885
0.40,47,7800
0.40,48,7748
0.40,49,7682
0.40,50,7624
0.40,51,7558
0.40,52,7510
0.40,53,7461
0.40,54,7394
0.40,55,7338
0.40,56,7288
0.40,57,7228
0.40,58,7165
0.40,59,7109
0.40,60,7064
0.40,61,7025
0.40,62,6978
0.40,63,6922
0.40,64,6883
0.40,65,6843
0.40,66,6808
0.40,67,6766
0.40,68,6735
0.40,69,6706
0.40,70,6661
0.40,71,6635
0.40,72,6602
0.40,73,6574
0.40,74,6540
0.40,75,6512
0.40,76,6465
0.40,77,6441
0.40,78,6414
0.40,79,6389
0.40,80,6356
0.40,81,6327
0.40,82,6300
0.40,83,6269
0.40,84,6225
0.40,85,6197
0.40,86,6173
0.40,87,6149
0.40,88,6116
0.40,89,6104
0.40,90,6074
0.40,91,6062
0.40,92,6033
0.40,93,6005
0.40,94,5978
0.40,95,5946
0.40,96,5925
0.40,97,5901
0.40,98,5890
0.40,99,5880
0.40,100,5838
0.40,101,5834
0.40,102,5793
0.40,103,5777
0.40,104,5750
0.40,105,5742
0.40,106,5717
0.40,107,5705
0.40,108,5689
0.40,109,5682
0.40,110,5649
0.40,111,5627
0.40,112,5617
0.40,113,5604
0.40,114,5568
0.40,115,5560
0.40,116,5536
0.40,117,5501
0.40,118,5486
0.40,119,5470
0.40,120,5462
0.40,121,5433
0.40,122,5412
0.40,123,5395
0.40,124,5379
0.40,125,5368
0.40,126,5350
0.40,127,5336
0.40,128,5318
0.40,129,5308
0.40,130,5297
0.40,131,5273
0.40,132,5256
0.40,133,5243
0.40,134,5234
0.40,135,5215
0.40,136,5208
0.40,137,5193
0.40,138,5179
0.40,139,5150
0.40,140,5138
0.40,141,5120
0.40,142,5110
0.40,143,5096
0.40,144,5082
0.40,145,5070
0.40,146,5068
0.40,147,5050
0.40,148,5038
0.40,149,5020
0.40,150,5006
0.40,151,5003
0.40,152,4977
0.40,153,4973
0.40,154,4958
0.40,155,4949
0.40,156,4936
0.40,157,4925
0.40,158,4918
0.40,159,4895
0.40,160,4891
0.40,161,4866
0.40,162,4861
0.40,163,4845
0.40,164,4836
0.40,165,4820
0.40,166,4818
0.40,167,4801
0.40,168,4793
0.40,169,4780
0.40,170,4773
0.40,171,4753
0.40,172,4745
0.40,173,4734
0.40,174,4733
0.40,175,4727
0.40,176,4708
0.40,177,4701
0.40,178,4702
0.40,179,4685
0.40,180,4682
0.40,181,4663
0.40,182,4653
0.40,183,4646
0.40,184,4633
0.40,185,4624
0.40,186,4616
0.40,187,4602
0.40,188,4591
0.40,189,4569
0.40,190,4567
0.40,191,4564
0.40,192,4558
0.40,193,4544
0.40,194,4540
0.40,195,4527
0.40,196,4517
0.40,197,4510
0.40,198,4502
0.40,199,4492
0.40,200,4488
0.40,201,4484
0.40,202,4474
0.40,203,4470
0.40,204,4461
0.40,205,4454
0.40,206,4443
0.40,207,4421
0.40,208,4415
0.40,209,4407
0.40,210,4400
0.40,211,4391
0.40,212,4387
0.40,213,4376
0.40,214,4358
0.40,215,4360
0.40,216,4345
0.40,217,4337
0.40,218,4321
0.40,219,4317
0.40,220,4302
0.40,221,4301
0.40,222,4294
0.40,223,4287
0.40,224,4275
0.40,225,4267
0.40,226,4254
0.40,227,4241
0.40,228,4246
0.40,229,4228
0.40,230,4223
0.40,231,4210
0.40,232,4208
0.40,233,4191
0.40,234,4186
0.40,235,4185
0.40,236,4173
0.40,237,4168
0.40,238,4156
0.40,239,4155
0.40,240,4145
0.40,241,4138
0.40,242,4132
0.40,243,4124
0.40,244,4116
0.40,245,4120
0.40,246,4105
0.40,247,4100
0.40,248,4089
0.40,249,4087
0.40,250,4085
0.40,251,4076
0.40,252,4074
0.40,253,4073
0.40,254,4061
0.40,255,4053
0.40,256,4043
0.40,257,4034
0.40,258,4038
0.40,259,4030
0.40,260,4028
0.40,261,4022
0.40,262,4013
0.40,263,4016
0.40,264,4006
0.40,265,4007
0.40,266,4002
0.40,267,3996
0.40,268,3985
0.40,269,3992
0.40,270,3990
0.40,271,3989
0.40,272,3986
0.40,273,3980
0.40,274,3985
0.40,275,3978
0.40,276,3972
0.40,277,3966
0.40,278,3959
0.40,279,3953
0.40,280,3949
0.40,281,3943
0.40,282,3933
0.40,283,3934
0.40,284,3918
0.40,285,3918
0.40,286,3908
0.40,287,3906
0.40,288,3896
0.40,289,3897
0.40,290,3886
0.40,291,3886
0.40,292,3882
0.40,293,3878
0.40,294,3869
0.40,295,3862
0.40,296,3857
0.40,297,3854
0.40,298,3848
0.40,299,3846
0.40,300,3833
0.40,301,3824
0.40,302,3818
0.40,303,3814
0.40,304,3815
0.40,305,3820
0.40,306,3816
0.40,307,3808
0.40,308,3808
0.40,309,3793
0.40,310,3794
0.40,311,3790
0.40,312,3785
0.40,313,3781
0.40,314,3769
0.40,315,3777
0.40,316,3762
0.40,317,3762
0.40,318,3763
0.40,319,3746
0.40,320,3745
0.40,321,3737
0.40,322,3741
0.40,323,3725
0.40,324,3724
0.40,325,3720
0.40,326,3706
0.40,327,3700
0.40,328,3694
0.40,329,3689
0.40,330,3692
0.40,331,3688
0.40,332,3684
0.40,333,3678
0.40,334,3680
0.40,335,3685
0.40,336,3680
0.40,337,3675
0.40,338,3675
0.40,339,3676
0.40,340,3664
0.40,341,3669
0.40,342,3661
0.40,343,3658
0.40,344,3656
0.40,345,3656
0.40,346,3648
0.40,347,3645
0.40,348,3639
0.40,349,3633
0.40,350,3631
0.40,351,3628
0.40,352,3634
0.40,353,3625
0.40,354,3618
0.40,355,3617
0.40,356,3614
0.40,357,3608
0.40,358,3599
0.40,359,3599
0.40,360,3596
0.40,361,3588
0.40,362,3584
0.40,363,3583
0.40,364,3569
0.40,365,3568
0.40,366,3566
0.40,367,3555
0.40,368,3560
0.40,369,3558
0.40,370,3553
0.40,371,3542
0.40,372,3543
0.40,373,3527
0.40,374,3526
0.40,375,3518
0.40,376,3529
0.40,377,3516
0.40,378,3512
0.40,379,3505
0.40,380,3502
0.40,381,3498
0.40,382,3494
0.40,383,3483
0.40,384,3491
0.40,385,3486
0.40,386,3486
0.40,387,3488
0.40,388,3476
0.40,389,3484
0.40,390,3473
0.40,391,3469
0.40,392,3469
0.40,393,3457
0.40,394,3455
0.40,395,3448
0.40,396,3445
0.40,397,3445
0.40,398,3451
0.40,399,3442
0.40,400,3451
0.40,401,3438
0.40,402,3438
0.40,403,3435
0.40,404,3441
0.40,405,3440
0.40,406,3438
0.40,407,3434
0.40,408,3433
0.40,409,3427
0.40,410,3422
0.40,411,3422
0.40,412,3421
0.40,413,3412
0.40,414,3417
0.40,415,3402
0.40,416,3411
0.40,417,3403
0.40,418,3394
0.40,419,3393
0.40,420,3383
0.40,421,3381
0.40,422,3376
0.40,423,3370
0.40,424,3373
0.40,425,3368
0.40,426,3363
0.40,427,3366
0.40,428,3358
0.40,429,3359
0.40,430,3358
0.40,431,3357
0.40,432,3349
0.40,433,3343
0.40,434,3336
0.40,435,3332
0.40,436,3328
0.40,437,3330
0.40,438,3329
0.40,439,3331
0.40,440,3328
0.40,441,3326
0.40,442,3319
0.40,443,3319
0.40,444,3314
0.40,445,3324
0.40,446,3312
0.40,447,3311
0.40,448,3319
0.40,449,3317
0.40,450,3317
0.40,451,3311
0.40,452,3311
0.40,453,3303
0.40,454,3303
0.40,455,3301
0.40,456,3302
0.40,457,3298
0.40,458,3288
0.40,459,3295
0.40,460,3287
0.40,461,3285
0.40,462,3279
0.40,463,3279
0.40,464,3279
0.40,465,3274
0.40,466,3276
0.40,467,3268
0.40,468,3281
0.40,469,3280
0.40,470,3277
0.40,471,3273
0.40,472,3273
0.40,473,3264
0.40,474,3262
0.40,475,3261
0.40,476,3256
0.40,477,3254
0.40,478,3248
0.40,479,3247
0.40,480,3246
0.40,481,3247
0.40,482,3249
0.40,483,3246
0.40,484,3235
0.40,485,3228
0.40,486,3225
0.40,487,3227
0.40,488,3226
0.40,489,3219
0.40,490,3219
0.40,491,3212
0.40,492,3212
0.40,493,3205
0.40,494,3200
0.40,495,3198
0.40,496,3187
0.40,497,3185
0.40,498,3178
0.40,499,3180
0.45,0,28114
0.45,1,20565
0.45,2,18535
0.45,3,17932
0.45,4,16954
0.45,5,16328
0.45,6,15620
0.45,7,15088
0.45,8,14554
0.45,9,14084
0.45,10,13630
0.45,11,13237
0.45,12,12859
0.45,13,12525
0.45,14,12188
0.45,15,11914
0.45,16,11645
0.45,17,11392
0.45,18,11155
0.45,19,10909
0.45,20,10705
0.45,21,10516
0.45,22,10314
0.45,23,10156
0.45,24,9983
0.45,25,9847
0.45,26,9689
0.45,27,9556
0.45,28,9411
0.45,29,9288
0.45,30,9160
0.45,31,9051
0.45,32,8933
0.45,33,8831
0.45,34,8725
0.45,35,8631
0.45,36,8539
0.45,37,8452
0.45,38,8363
0.45,39,8295
0.45,40,8198
0.45,41,8128
0.45,42,8043
0.45,43,7978
0.45,44,7921
0.45,45,7854
0.45,46,7796
0.45,47,7728
0.45,48,7670
0.45,49,7601
0.45,50,7542
0.45,51,7474
0.45,52,7424
0.45,53,7380
0.45,54,7331
0.45,55,7283
0.45,56,7238
0.45,57,7178
0.45,58,7131
0.45,59,7078
0.45,60,7025
0.45,61,6991
0.45,62,6938
0.45,63,6897
0.45,64,6849
0.45,65,6800
0.45,66,6774
0.45,67,6729
0.45,68,6695
0.45,69,6663
0.45,70,6620
0.45,71,6598
0.45,72,6566
0.45,73,6532
0.45,74,6507
0.45,75,6468
0.45,76,6440
0.45,77,6391
0.45,78,6367
0.45,79,6333
0.45,80,6298
0.45,81,6283
0.45,82,6256
0.45,83,6233
0.45,84,6203
0.45,85,6169
0.45,86,6147
0.45,87,6120
0.45,88,6095
0.45,89,6069
0.45,90,6036
0.45,91,6021
0.45,92,5982
0.45,93,5963
0.45,94,5935
0.45,95,5900
0.45,96,5872
0.45,97,5856
0.45,98,5840
0.45,99,5818
0.45,100,5804
0.45,101,5795
0.45,102,5777
0.45,103,5756
0.45,104,5745
0.45,105,5723
0.45,106,5701
0.45,107,5670
0.45,108,5647
0.45,109,5628
0.45,110,5608
0.45,111,5589
0.45,112,5566
0.45,113,5542
0.45,114,5526
0.45,115,5522
0.45,116,5500
0.45,117,5488
0.45,118,5476
0.45,119,5458
0.45,120,5446
0.45,121,5422
0.45,122,5413
0.45,123,5394
0.45,124,5378
0.45,125,5366
0.45,126,5350
0.45,127,5335
0.45,128,5315
0.45,129,5295
0.45,130,5282
0.45,131,5250
0.45,132,5233
0.45,133,5206
0.45,134,5201
0.45,135,5177
0.45,136,5170
0.45,137,5139
0.45,138,5129
0.45,139,5109
0.45,140,5109
0.45,141,5087
0.45,142,5082
0.45,143,5060
0.45,144,5050
0.45,145,5040
0.45,146,5037
0.45,147,5037
0.45,148,5020
0.45,149,5007
0.45,150,4996
0.45,151,4970
0.45,152,4970
0.45,153,4940
0.45,154,4927
0.45,155,4927
0.45,156,4905
0.45,157,4898
0.45,158,4873
0.45,159,4852
0.45,160,4833
0.45,161,4826
0.45,162,4800
0.45,163,4798
0.45,164,4787
0.45,165,4778
0.45,166,4767
0.45,167,4749
0.45,168,4735
0.45,169,4729
0.45,170,4714
0.45,171,4705
0.45,172,4693
0.45,173,4679
0.45,174,4673
0.45,175,4658
0.45,176,4649
0.45,177,4639
0.45,178,4634
0.45,179,4618
0.45,180,4609
0.45,181,4591
0.45,182,4576
0.45,183,4578
0.45,184,4571
0.45,185,4562
0.45,186,4556
0.45,187,4550
0.45,188,4535
0.45,189,4541
0.45,190,4524
0.45,191,4517
0.45,192,4494
0.45,193,4482
0.45,194,4477
0.45,195,4462
0.45,196,4462
0.45,197,4446
0.45,198,4447
0.45,199,4424
0.45,200,4428
0.45,201,4408
0.45,202,4409
0.45,203,4394
0.45,204,4394
0.45,205,4380
0.45,206,4380
0.45,207,4368
0.45,208,4360
0.45,209,4345
0.45,210,4332
0.45,211,4324
0.45,212,4310
0.45,213,4312
0.45,214,4295
0.45,215,4289
0.45,216,4289
0.45,217,4286
0.45,218,4282
0.45,219,4277
0.45,220,4271
0.45,221,4264
0.45,222,4260
0.45,223,4249
0.45,224,4245
0.45,225,4246
0.45,226,4239
0.45,227,4233
0.45,228,4235
0.45,229,4225
0.45,230,4222
0.45,231,4217
0.45,232,4208
0.45,233,4208
0.45,234,4200
0.45,235,4200
0.45,236,4186
0.45,237,4183
0.45,238,4169
0.45,239,4178
0.45,240,4169
0.45,241,4163
0.45,242,4152
0.45,243,4143
0.45,244,4138
0.45,245,4132
0.45,246,4128
0.45,247,4126
0.45,248,4113
0.45,249,4107
0.45,250,4104
0.45,251,4092
0.45,252,4094
0.45,253,4081
0.45,254,4082
0.45,255,4074
0.45,256,4070
0.45,257,4068
0.45,258,4069
0.45,259,4060
0.45,260,4058
0.45,261,4053
0.45,262,4046
0.45,263,4037
0.45,264,4030
0.45,265,4024
0.45,266,4019
0.45,267,4003
0.45,268,3993
0.45,269,3993
0.45,270,3988
0.45,271,3983
0.45,272,3978
0.45,273,3966
0.45,274,3955
0.45,275,3948
0.45,276,3945
0.45,277,3935
0.45,278,3931
0.45,279,3922
0.45,280,3926
0.45,281,3928
0.45,282,3925
0.45,283,3919
0.45,284,3917
0.45,285,3918
0.45,286,3910
0.45,287,3898
0.45,288,3889
0.45,289,3887
0.45,290,3880
0.45,291,3877
0.45,292,3869
0.45,293,3865
0.45,294,3856
0.45,295,3860
0.45,296,3844
0.45,297,3848
0.45,298,3829
0.45,299,3829
0.45,300,3829
0.45,301,3821
0.45,302,3825
0.45,303,3818
0.45,304,3818
0.45,305,3808
0.45,306,3813
0.45,307,3805
0.45,308,3802
0.45,309,3791
0.45,310,3792
0.45,311,3778
0.45,312,3785
0.45,313,3780
0.45,314,3782
0.45,315,3780
0.45,316,3781
0.45,317,3782
0.45,318,3769
0.45,319,3761
0.45,320,3760
0.45,321,3753
0.45,322,3746
0.45,323,3740
0.45,324,3739
0.45,325,3731
0.45,326,3726
0.45,327,3723
0.45,328,3719
0.45,329,3722
0.45,330,3711
0.45,331,3713
0.45,332,3711
0.45,333,3715
0.45,334,3707
0.45,335,3707
0.45,336,3695
0.45,337,3696
0.45,338,3689
0.45,339,3682
0.45,340,3675
0.45,341,3673
0.45,342,3668
0.45,343,3666
0.45,344,3659
0.45,345,3651
0.45,346,3646
0.45,347,3642
0.45,348,3643
0.45,349,3640
0.45,350,3636
0.45,351,3630
0.45,352,3619
0.45,353,3617
0.45,354,3618
0.45,355,3614
0.45,356,3611
0.45,357,3601
0.45,358,3594
0.45,359,3589
0.45,360,3587
0.45,361,3583
0.45,362,3587
0.45,363,3584
0.45,364,3585
0.45,365,3569
0.45,366,3575
0.45,367,3571
0.45,368,3565
0.45,369,3563
0.45,370,3565
0.45,371,3559
0.45,372,3555
0.45,373,3553
0.45,374,3549
0.45,375,3553
0.45,376,3542
0.45,377,3537
0.45,378,3542
0.45,379,3538
0.45,380,3537
0.45,381,3535
0.45,382,3532
0.45,383,3522
0.45,384,3522
0.45,385,3512
0.45,386,3509
0.45,387,3504
0.45,388,3506
0.45,389,3498
0.45,390,3496
0.45,391,3495
0.45,392,3492
0.45,393,3485
0.45,394,3486
0.45,395,3482
0.45,396,3482
0.45,397,3473
0.45,398,3471
0.45,399,3467
0.45,400,3461
0.45,401,3461
0.45,402,3460
0.45,403,3457
0.45,404,3446
0.45,405,3447
0.45,406,3441
0.45,407,3438
0.45,408,3435
0.45,409,3430
0.45,410,3424
0.45,411,3421
0.45,412,3415
0.45,413,3413
0.45,414,3412
0.45,415,3413
0.45,416,3399
0.45,417,3397
0.45,418,3398
0.45,419,3399
0.45,420,3402
0.45,421,3395
0.45,422,3391
0.45,423,3391
0.45,424,3390
0.45,425,3383
0.45,426,3381
0.45,427,3375
0.45,428,3371
0.45,429,3361
0.45,430,3353
0.45,431,3344
0.45,432,3340
0.45,433,3335
0.45,434,3333
0.45,435,3332
0.45,436,3326
0.45,437,3326
0.45,438,3329
0.45,439,3321
0.45,440,3322
0.45,441,3310
0.45,442,3314
0.45,443,3305
0.45,444,3307
0.45,445,3294
0.45,446,3298
0.45,447,3291
0.45,448,3292
0.45,449,3288
0.45,450,3292
0.45,451,3287
0.45,452,3289
0.45,453,3285
0.45,454,3282
0.45,455,3277
0.45,456,3276
0.45,457,3275
0.45,458,3274
0.45,459,3270
0.45,460,3264
0.45,461,3267
0.45,462,3265
0.45,463,3259
0.45,464,3256
0.45,465,3261
0.45,466,3247
0.45,467,3246
0.45,468,3245
0.45,469,3242
0.45,470,3245
0.45,471,3247
0.45,472,3245
0.45,473,3236
0.45,474,3243
0.45,475,3229
0.45,476,3235
0.45,477,3223
0.45,478,3227
0.45,479,3221
0.45,480,3218
0.45,481,3211
0.45,482,3205
0.45,483,3201
0.45,484,3197
0.45,485,3194
0.45,486,3191
0.45,487,3185
0.45,488,3188
0.45,489,3179
0.45,490,3187
0.45,491,3181
0.45,492,3184
0.45,493,3176
0.45,494,3178
0.45,495,3175
0.45,496,3180
0.45,497,3172
0.45,498,3170
0.45,499,3170
0.50,0,31241
0.50,1,17289
0.50,2,15993
0.50,3,15703
0.50,4,14927
0.50,5,14462
0.50,6,13916
0.50,7,13509
0.50,8,13085
0.50,9,12733
0.50,10,12400
0.50,11,12082
0.50,12,11800
0.50,13,11537
0.50,14,11279
0.50,15,11063
0.50,16,10842
0.50,17,10628
0.50,18,10431
0.50,19,10252
0.50,20,10067
0.50,21,9910
0.50,22,9761
0.50,23,9620
0.50,24,9486
0.50,25,9356
0.50,26,9227
0.50,27,9108
0.50,28,8988
0.50,29,8881
0.50,30,8787
0.50,31,8681
0.50,32,8592
0.50,33,8495
0.50,34,8417
0.50,35,8338
0.50,36,8255
0.50,37,8176
0.50,38,8102
0.50,39,8033
0.50,40,7968
0.50,41,7869
0.50,42,7814
0.50,43,7727
0.50,44,7690
0.50,45,7614
0.50,46,7560
0.50,47,7501
0.50,48,7446
0.50,49,7407
0.50,50,7346
0.50,51,7305
0.50,52,7258
0.50,53,7205
0.50,54,7153
0.50,55,7116
0.50,56,7071
0.50,57,7033
0.50,58,6987
0.50,59,6949
0.50,60,6898
0.50,61,6868
0.50,62,6817
0.50,63,6778
0.50,64,6732
0.50,65,6696
0.50,66,6651
0.50,67,6624
0.50,68,6579
0.50,69,6533
0.50,70,6501
0.50,71,6461
0.50,72,6427
0.50,73,6400
0.50,74,6377
0.50,75,6343
0.50,76,6308
0.50,77,6288
0.50,78,6265
0.50,79,6233
0.50,80,6216
0.50,81,6181
0.50,82,6155
0.50,83,6135
0.50,84,6110
0.50,85,6092
0.50,86,6056
0.50,87,6025
0.50,88,5997
0.50,89,5974
0.50,90,5956
0.50,91,5924
0.50,92,5908
0.50,93,5884
0.50,94,5868
0.50,95,5846
0.50,96,5829
0.50,97,5806
0.50,98,5786
0.50,99,5752
0.50,100,5731
0.50,101,5706
0.50,102,5689
0.50,103,5662
0.50,104,5638
0.50,105,5618
0.50,106,5603
0.50,107,5576
0.50,108,5554
0.50,109,5532
0.50,110,5515
0.50,111,5495
0.50,112,5479
0.50,113,5458
0.50,114,5443
0.50,115,5424
0.50,116,5407
0.50,117,5393
0.50,118,5365
0.50,119,5352
0.50,120,5329
0.50,121,5311
0.50,122,5295
0.50,123,5276
0.50,124,5266
0.50,125,5253
0.50,126,5236
0.50,127,5221
0.50,128,5194
0.50,129,5191
0.50,130,5167
0.50,131,5162
0.50,132,5149
0.50,133,5131
0.50,134,5118
0.50,135,5108
0.50,136,5081
0.50,137,5075
0.50,138,5064
0.50,139,5051
0.50,140,5037
0.50,141,5019
0.50,142,5009
0.50,143,4997
0.50,144,4977
0.50,145,4971
0.50,146,4956
0.50,147,4951
0.50,148,4935
0.50,149,4917
0.50,150,4908
0.50,151,4903
0.50,152,4895
0.50,153,4888
0.50,154,4873
0.50,155,4858
0.50,156,4844
0.50,157,4842
0.50,158,4813
0.50,159,4814
0.50,160,4794
0.50,161,4788
0.50,162,4770
0.50,163,4762
0.50,164,4746
0.50,165,4735
0.50,166,4732
0.50,167,4711
0.50,168,4702
0.50,169,4689
0.50,170,4677
0.50,171,4660
0.50,172,4651
0.50,173,4647
0.50,174,4634
0.50,175,4621
0.50,176,4618
0.50,177,4603
0.50,178,4593
0.50,179,4584
0.50,180,4577
0.50,181,4561
0.50,182,4550
0.50,183,4545
0.50,184,4533
0.50,185,4517
0.50,186,4503
0.50,187,4495
0.50,188,4488
0.50,189,4481
0.50,190,4469
0.50,191,4462
0.50,192,4453
0.50,193,4443
0.50,194,4422
0.50,195,4408
0.50,196,4396
0.50,197,4387
0.50,198,4382
0.50,199,4369
0.50,200,4364
0.50,201,4355
0.50,202,4344
0.50,203,4340
0.50,204,4338
0.50,205,4333
0.50,206,4330
0.50,207,4320
0.50,208,4313
0.50,209,4304
0.50,210,4284
0.50,211,4282
0.50,212,4271
0.50,213,4269
0.50,214,4255
0.50,215,4248
0.50,216,4240
0.50,217,4233
0.50,218,4224
0.50,219,4220
0.50,220,4208
0.50,221,4211
0.50,222,4206
0.50,223,4197
0.50,224,4194
0.50,225,4187
0.50,226,4182
0.50,227,4173
0.50,228,4174
0.50,229,4165
0.50,230,4161
0.50,231,4148
0.50,232,4150
0.50,233,4146
0.50,234,4144
0.50,235,4139
0.50,236,4136
0.50,237,4123
0.50,238,4118
0.50,239,4110
0.50,240,4108
0.50,241,4098
0.50,242,4096
0.50,243,4097
0.50,244,4094
0.50,245,4089
0.50,246,4073
0.50,247,4064
0.50,248,4054
0.50,249,4051
0.50,250,4044
0.50,251,4047
0.50,252,4036
0.50,253,4045
0.50,254,4038
0.50,255,4038
0.50,256,4021
0.50,257,4019
0.50,258,4012
0.50,259,4008
0.50,260,4003
0.50,261,3998
0.50,262,3987
0.50,263,3982
0.50,264,3971
0.50,265,3968
0.50,266,3960
0.50,267,3949
0.50,268,3948
0.50,269,3933
0.50,270,3937
0.50,271,3924
0.50,272,3923
0.50,273,3907
0.50,274,3915
0.50,275,3902
0.50,276,3911
0.50,277,3908
0.50,278,3896
0.50,279,3895
0.50,280,3893
0.50,281,3884
0.50,282,3885
0.50,283,3879
0.50,284,3884
0.50,285,3881
0.50,286,3872
0.50,287,3870
0.50,288,3857
0.50,289,3855
0.50,290,3852
0.50,291,3848
0.50,292,3836
0.50,293,3831
0.50,294,3830
0.50,295,3810
0.50,296,3810
0.50,297,3812
0.50,298,3809
0.50,299,3802
0.50,300,3793
0.50,301,3790
0.50,302,3782
0.50,303,3777
0.50,304,3768
0.50,305,3763
0.50,306,3760
0.50,307,3762
0.50,308,3753
0.50,309,3741
0.50,310,3730
0.50,311,3722
0.50,312,3713
0.50,313,3706
0.50,314,3705
0.50,315,3705
0.50,316,3699
0.50,317,3698
0.50,318,3684
0.50,319,3677
0.50,320,3668
0.50,321,3670
0.50,322,3665
0.50,323,3660
0.50,324,3660
0.50,325,3652
0.50,326,3640
0.50,327,3637
0.50,328,3639
0.50,329,3632
0.50,330,3635
0.50,331,3633
0.50,332,3634
0.50,333,3637
0.50,334,3634
0.50,335,3635
0.50,336,3639
0.50,337,3632
0.50,338,3635
0.50,339,3623
0.50,340,3623
0.50,341,3617
0.50,342,3617
0.50,343,3611
0.50,344,3604
0.50,345,3603
0.50,346,3607
0.50,347,3600
0.50,348,3594
0.50,349,3591
0.50,350,3582
0.50,351,3585
0.50,352,3578
0.50,353,3573
0.50,354,3567
0.50,355,3575
0.50,356,3573
0.50,357,3572
0.50,358,3568
0.50,359,3570
0.50,360,3557
0.50,361,3555
0.50,362,3541
0.50,363,3534
0.50,364,3528
0.50,365,3527
0.50,366,3522
0.50,367,3526
0.50,368,3519
0.50,369,3510
0.50,370,3510
0.50,371,3505
0.50,372,3499
0.50,373,3495
0.50,374,3487
0.50,375,3485
0.50,376,3481
0.50,377,3484
0.50,378,3476
0.50,379,3479
0.50,380,3482
0.50,381,3477
0.50,382,3477
0.50,383,3471
0.50,384,3465
0.50,385,3462
0.50,386,3461
0.50,387,3450
0.50,388,3457
0.50,389,3446
0.50,390,3448
0.50,391,3434
0.50,392,3436
0.50,393,3422
0.50,394,3422
0.50,395,3420
0.50,396,3417
0.50,397,3416
0.50,398,3418
0.50,399,3415
0.50,400,3411
0.50,401,3413
0.50,402,3402
0.50,403,3398
0.50,404,3397
0.50,405,3396
0.50,406,3399
0.50,407,3383
0.50,408,3380
0.50,409,3389
0.50,410,3388
0.50,411,3386
0.50,412,3385
0.50,413,3378
0.50,414,3373
0.50,415,3369
0.50,416,3369
0.50,417,3364
0.50,418,3363
0.50,419,3363
0.50,420,3366
0.50,421,3365
0.50,422,3361
0.50,423,3356
0.50,424,3356
0.50,425,3352
0.50,426,3343
0.50,427,3349
0.50,428,3344
0.50,429,3346
0.50,430,3349
0.50,431,3347
0.50,432,3336
0.50,433,3340
0.50,434,3340
0.50,435,3336
0.50,436,3331
0.50,437,3333
0.50,438,3322
0.50,439,3324
0.50,440,3318
0.50,441,3325
0.50,442,3319
0.50,443,3319
0.50,444,3316
0.50,445,3312
0.50,446,3308
0.50,447,3309
0.50,448,3301
0.50,449,3297
0.50,450,3295
0.50,451,3292
0.50,452,3295
0.50,453,3290
0.50,454,3293
0.50,455,3295
0.50,456,3289
0.50,457,3289
0.50,458,3284
0.50,459,3277
0.50,460,3277
0.50,461,3281
0.50,462,3277
0.50,463,3274
0.50,464,3269
0.50,465,3267
0.50,466,3270
0.50,467,3265
0.50,468,3265
0.50,469,3262
0.50,470,3261
0.50,471,3252
0.50,472,3253
0.50,473,3249
0.50,474,3247
0.50,475,3250
0.50,476,3250
0.50,477,3245
0.50,478,3242
0.50,479,3239
0.50,480,3223
0.50,481,3222
0.50,482,3213
0.50,483,3211
0.50,484,3211
0.50,485,3217
0.50,486,3219
0.50,487,3211
0.50,488,3208
0.50,489,3210
0.50,490,3209
0.50,491,3205
0.50,492,3201
0.50,493,3199
0.50,494,3192
0.50,495,3194
0.50,496,3192
0.50,497,3189
0.50,498,3184
0.50,499,3182
0.55,0,34382
0.55,1,13430
0.55,2,12412
0.55,3,12176
0.55,4,11675
0.55,5,11432
0.55,6,11092
0.55,7,10866
0.55,8,10627
0.55,9,10462
0.55,10,10269
0.55,11,10093
0.55,12,9925
0.55,13,9776
0.55,14,9634
0.55,15,9494
0.55,16,9360
0.55,17,9234
0.55,18,9121
0.55,19,9013
0.55,20,8910
0.55,21,8803
0.55,22,8715
0.55,23,8625
0.55,24,8526
0.55,25,8458
0.55,26,8369
0.55,27,8288
0.55,28,8207
0.55,29,8131
0.55,30,8068
0.55,31,7988
0.55,32,7929
0.55,33,7849
0.55,34,7804
0.55,35,7726
0.55,36,7672
0.55,37,7612
0.55,38,7553
0.55,39,7498
0.55,40,7428
0.55,41,7388
0.55,42,7335
0.55,43,7290
0.55,44,7244
0.55,45,7186
0.55,46,7152
0.55,47,7091
0.55,48,7055
0.55,49,7016
0.55,50,6967
0.55,51,6924
0.55,52,6878
0.55,53,6843
0.55,54,6812
0.55,55,6785
0.55,56,6759
0.55,57,6714
0.55,58,6681
0.55,59,6640
0.55,60,6610
0.55,61,6563
0.55,62,6539
0.55,63,6491
0.55,64,6473
0.55,65,6434
0.55,66,6413
0.55,67,6374
0.55,68,6335
0.55,69,6309
0.55,70,6290
0.55,71,6236
0.55,72,6228
0.55,73,6189
0.55,74,6167
0.55,75,6139
0.55,76,6111
0.55,77,6080
0.55,78,6058
0.55,79,6033
0.55,80,6011
0.55,81,5987
0.55,82,5979
0.55,83,5948
0.55,84,5919
0.55,85,5901
0.55,86,5879
0.55,87,5852
0.55,88,5832
0.55,89,5819
0.55,90,5803
0.55,91,5770
0.55,92,5767
0.55,93,5734
0.55,94,5716
0.55,95,5691
0.55,96,5668
0.55,97,5639
0.55,98,5616
0.55,99,5587
0.55,100,5564
0.55,101,5537
0.55,102,5519
0.55,103,5500
0.55,104,5482
0.55,105,5467
0.55,106,5453
0.55,107,5441
0.55,108,5420
0.55,109,5396
0.55,110,5385
0.55,111,5352
0.55,112,5347
0.55,113,5318
0.55,114,5305
0.55,115,5297
0.55,116,5268
0.55,117,5252
0.55,118,5237
0.55,119,5229
0.55,120,5208
0.55,121,5202
0.55,122,5177
0.55,123,5161
0.55,124,5148
0.55,125,5142
0.55,126,5116
0.55,127,5107
0.55,128,5092
0.55,129,5078
0.55,130,5071
0.55,131,5059
0.55,132,5070
0.55,133,5050
0.55,134,5047
0.55,135,5026
0.55,136,5007
0.55,137,4998
0.55,138,5002
0.55,139,4982
0.55,140,4972
0.55,141,4948
0.55,142,4931
0.55,143,4924
0.55,144,4917
0.55,145,4914
0.55,146,4898
0.55,147,4903
0.55,148,4889
0.55,149,4890
0.55,150,4878
0.55,151,4875
0.55,152,4863
0.55,153,4853
0.55,154,4842
0.55,155,4830
0.55,156,4808
0.55,157,4798
0.55,158,4788
0.55,159,4779
0.55,160,4770
0.55,161,4749
0.55,162,4728
0.55,163,4713
0.55,164,4710
0.55,165,4701
0.55,166,4685
0.55,167,4683
0.55,168,4665
0.55,169,4661
0.55,170,4649
0.55,171,4642
0.55,172,4633
0.55,173,4615
0.55,174,4603
0.55,175,4587
0.55,176,4583
0.55,177,4569
0.55,178,4555
0.55,179,4540
0.55,180,4526
0.55,181,4513
0.55,182,4512
0.55,183,4498
0.55,184,4489
0.55,185,4479
0.55,186,4482
0.55,187,4475
0.55,188,4466
0.55,189,4454
0.55,190,4470
0.55,191,4455
0.55,192,4456
0.55,193,4447
0.55,194,4436
0.55,195,4427
0.55,196,4416
0.55,197,4410
0.55,198,4399
0.55,199,4382
0.55,200,4376
0.55,201,4373
0.55,202,4361
0.55,203,4353
0.55,204,4346
0.55,205,4336
0.55,206,4323
0.55,207,4315
0.55,208,4314
0.55,209,4309
0.55,210,4300
0.55,211,4296
0.55,212,4284
0.55,213,4281
0.55,214,4273
0.55,215,4272
0.55,216,4253
0.55,217,4252
0.55,218,4235
0.55,219,4242
0.55,220,4236
0.55,221,4228
0.55,222,4230
0.55,223,4217
0.55,224,4217
0.55,225,4204
0.55,226,4202
0.55,227,4189
0.55,228,4184
0.55,229,4182
0.55,230,4174
0.55,231,4170
0.55,232,4164
0.55,233,4159
0.55,234,4156
0.55,235,4153
0.55,236,4144
0.55,237,4144
0.55,238,4133
0.55,239,4135
0.55,240,4125
0.55,241,4130
0.55,242,4113
0.55,243,4118
0.55,244,4106
0.55,245,4101
0.55,246,4089
0.55,247,4086
0.55,248,4082
0.55,249,4065
0.55,250,4057
0.55,251,4055
0.55,252,4055
0.55,253,4052
0.55,254,4050
0.55,255,4042
0.55,256,4040
0.55,257,4037
0.55,258,4025
0.55,259,4022
0.55,260,4017
0.55,261,4006
0.55,262,4001
0.55,263,3994
0.55,264,3980
0.55,265,3979
0.55,266,3973
0.55,267,3973
0.55,268,3971
0.55,269,3959
0.55,270,3950
0.55,271,3943
0.55,272,3947
0.55,273,3936
0.55,274,3935
0.55,275,3927
0.55,276,3914
0.55,277,3914
0.55,278,3908
0.55,279,3902
0.55,280,3903
0.55,281,3899
0.55,282,3891
0.55,283,3880
0.55,284,3877
0.55,285,3867
0.55,286,3864
0.55,287,3857
0.55,288,3848
0.55,289,3834
0.55,290,3826
0.55,291,3822
0.55,292,3818
0.55,293,3800
0.55,294,3805
0.55,295,3790
0.55,296,3797
0.55,297,3784
0.55,298,3772
0.55,299,3764
0.55,300,3769
0.55,301,3770
0.55,302,3768
0.55,303,3775
0.55,304,3763
0.55,305,3762
0.55,306,3756
0.55,307,3763
0.55,308,3756
0.55,309,3762
0.55,310,3757
0.55,311,3759
0.55,312,3751
0.55,313,3746
0.55,314,3740
0.55,315,3742
0.55,316,3733
0.55,317,3731
0.55,318,3726
0.55,319,3730
0.55,320,3725
0.55,321,3728
0.55,322,3720
0.55,323,3720
0.55,324,3718
0.55,325,3717
0.55,326,3707
0.55,327,3708
0.55,328,3703
0.55,329,3696
0.55,330,3690
0.55,331,3692
0.55,332,3686
0.55,333,3679
0.55,334,3677
0.55,335,3672
0.55,336,3670
0.55,337,3674
0.55,338,3675
0.55,339,3669
0.55,340,3668
0.55,341,3668
0.55,342,3661
0.55,343,3651
0.55,344,3648
0.55,345,3649
0.55,346,3640
0.55,347,3637
0.55,348,3624
0.55,349,3632
0.55,350,3621
0.55,351,3625
0.55,352,3620
0.55,353,3620
0.55,354,3616
0.55,355,3613
0.55,356,3608
0.55,357,3608
0.55,358,3594
0.55,359,3598
0.55,360,3595
0.55,361,3586
0.55,362,3572
0.55,363,3580
0.55,364,3573
0.55,365,3574
0.55,366,3563
0.55,367,3555
0.55,368,3549
0.55,369,3552
0.55,370,3553
0.55,371,3561
0.55,372,3558
0.55,373,3557
0.55,374,3553
0.55,375,3542
0.55,376,3537
0.55,377,3531
0.55,378,3520
0.55,379,3514
0.55,380,3514
0.55,381,3508
0.55,382,3515
0.55,383,3510
0.55,384,3507
0.55,385,3497
0.55,386,3501
0.55,387,3492
0.55,388,3493
0.55,389,3497
0.55,390,3494
0.55,391,3488
0.55,392,3486
0.55,393,3481
0.55,394,3478
0.55,395,3473
0.55,396,3471
0.55,397,3460
0.55,398,3453
0.55,399,3448
0.55,400,3448
0.55,401,3433
0.55,402,3438
0.55,403,3427
0.55,404,3425
0.55,405,3424
0.55,406,3424
0.55,407,3416
0.55,408,3413
0.55,409,3410
0.55,410,3407
0.55,411,3411
0.55,412,3403
0.55,413,3398
0.55,414,3388
0.55,415,3391
0.55,416,3390
0.55,417,3384
0.55,418,3389
0.55,419,3383
0.55,420,3379
0.55,421,3377
0.55,422,3382
0.55,423,3364
0.55,424,3363
0.55,425,3347
0.55,426,3353
0.55,427,3349
0.55,428,3351
0.55,429,3351
0.55,430,3341
0.55,431,3341
0.55,432,3338
0.55,433,3343
0.55,434,3333
0.55,435,3336
0.55,436,3326
0.55,437,3324
0.55,438,3325
0.55,439,3324
0.55,440,3319
0.55,441,3314
0.55,442,3304
0.55,443,3305
0.55,444,3299
0.55,445,3297
0.55,446,3292
0.55,447,3294
0.55,448,3291
0.55,449,3284
0.55,450,3290
0.55,451,3288
0.55,452,3281
0.55,453,3276
0.55,454,3269
0.55,455,3267
0.55,456,3260
0.55,457,3260
0.55,458,3249
0.55,459,3249
0.55,460,3241
0.55,461,3247
0.55,462,3241
0.55,463,3238
0.55,464,3237
0.55,465,3226
0.55,466,3227
0.55,467,3225
0.55,468,3219
0.55,469,3218
0.55,470,3222
0.55,471,3220
0.55,472,3218
0.55,473,3222
0.55,474,3216
0.55,475,3219
0.55,476,3216
0.55,477,3212
0.55,478,3209
0.55,479,3209
0.55,480,3208
0.55,481,3203
0.55,482,3201
0.55,483,3195
0.55,484,3187
0.55,485,3190
0.55,486,3188
0.55,487,3178
0.55,488,3182
0.55,489,3181
0.55,490,3176
0.55,491,3173
0.55,492,3164
0.55,493,3162
0.55,494,3158
0.55,495,3157
0.55,496,3160
0.55,497,3153
0.55,498,3157
0.55,499,3158
0.60,0,37504
0.60,1,9622
0.60,2,8489
0.60,3,8123
0.60,4,7843
0.60,5,7686
0.60,6,7554
0.60,7,7489
0.60,8,7415
0.60,9,7394
0.60,10,7370
0.60,11,7344
0.60,12,7303
0.60,13,7266
0.60,14,7229
0.60,15,7221
0.60,16,7194
0.60,17,7166
0.60,18,7133
0.60,19,7104
0.60,20,7070
0.60,21,7044
0.60,22,7010
0.60,23,6961
0.60,24,6914
0.60,25,6873
0.60,26,6844
0.60,27,6796
0.60,28,6767
0.60,29,6720
0.60,30,6680
0.60,31,6637
0.60,32,6612
0.60,33,6573
0.60,34,6533
0.60,35,6504
0.60,36,6460
0.60,37,6432
0.60,38,6395
0.60,39,6373
0.60,40,6333
0.60,41,6312
0.60,42,6269
0.60,43,6251
0.60,44,6225
0.60,45,6199
0.60,46,6165
0.60,47,6139
0.60,48,6125
0.60,49,6099
0.60,50,6074
0.60,51,6051
0.60,52,6026
0.60,53,6002
0.60,54,5983
0.60,55,5952
0.60,56,5925
0.60,57,5904
0.60,58,5877
0.60,59,5869
0.60,60,5843
0.60,61,5830
0.60,62,5798
0.60,63,5770
0.60,64,5754
0.60,65,5726
0.60,66,5710
0.60,67,5683
0.60,68,5666
0.60,69,5637
0.60,70,5625
0.60,71,5609
0.60,72,5590
0.60,73,5578
0.60,74,5564
0.60,75,5539
0.60,76,5525
0.60,77,5505
0.60,78,5482
0.60,79,5473
0.60,80,5456
0.60,81,5437
0.60,82,5423
0.60,83,5394
0.60,84,5376
0.60,85,5367
0.60,86,5347
0.60,87,5336
0.60,88,5318
0.60,89,5301
0.60,90,5296
0.60,91,5262
0.60,92,5261
0.60,93,5244
0.60,94,5229
0.60,95,5213
0.60,96,5201
0.60,97,5191
0.60,98,5170
0.60,99,5160
0.60,100,5132
0.60,101,5128
0.60,102,5111
0.60,103,5091
0.60,104,5089
0.60,105,5083
0.60,106,5069
0.60,107,5060
0.60,108,5032
0.60,109,5025
0.60,110,5000
0.60,111,4983
0.60,112,4971
0.60,113,4958
0.60,114,4938
0.60,115,4923
0.60,116,4916
0.60,117,4901
0.60,118,4888
0.60,119,4872
0.60,120,4855
0.60,121,4838
0.60,122,4816
0.60,123,4810
0.60,124,4791
0.60,125,4786
0.60,126,4768
0.60,127,4761
0.60,128,4748
0.60,129,4750
0.60,130,4748
0.60,131,4739
0.60,132,4723
0.60,133,4718
0.60,134,4695
0.60,135,4684
0.60,136,4665
0.60,137,4659
0.60,138,4652
0.60,139,4640
0.60,140,4636
0.60,141,4630
0.60,142,4618
0.60,143,4605
0.60,144,4590
0.60,145,4576
0.60,146,4568
0.60,147,4553
0.60,148,4553
0.60,149,4536
0.60,150,4527
0.60,151,4524
0.60,152,4519
0.60,153,4512
0.60,154,4493
0.60,155,4487
0.60,156,4481
0.60,157,4472
0.60,158,4467
0.60,159,4450
0.60,160,4451
0.60,161,4443
0.60,162,4437
0.60,163,4424
0.60,164,4425
0.60,165,4407
0.60,166,4414
0.60,167,4394
0.60,168,4401
0.60,169,4389
0.60,170,4388
0.60,171,4380
0.60,172,4374
0.60,173,4358
0.60,174,4359
0.60,175,4348
0.60,176,4352
0.60,177,4347
0.60,178,4341
0.60,179,4332
0.60,180,4324
0.60,181,4324
0.60,182,4316
0.60,183,4305
0.60,184,4298
0.60,185,4287
0.60,186,4279
0.60,187,4261
0.60,188,4259
0.60,189,4241
0.60,190,4247
0.60,191,4234
0.60,192,4230
0.60,193,4213
0.60,194,4212
0.60,195,4199
0.60,196,4197
0.60,197,4188
0.60,198,4180
0.60,199,4172
0.60,200,4170
0.60,201,4158
0.60,202,4157
0.60,203,4142
0.60,204,4142
0.60,205,4131
0.60,206,4137
0.60,207,4120
0.60,208,4123
0.60,209,4111
0.60,210,4108
0.60,211,4097
0.60,212,4094
0.60,213,4071
0.60,214,4067
0.60,215,4057
0.60,216,4052
0.60,217,4045
0.60,218,4040
0.60,219,4021
0.60,220,4018
0.60,221,4018
0.60,222,4015
0.60,223,4004
0.60,224,3993
0.60,225,3984
0.60,226,3977
0.60,227,3975
0.60,228,3968
0.60,229,3973
0.60,230,3957
0.60,231,3964
0.60,232,3965
0.60,233,3963
0.60,234,3958
0.60,235,3946
0.60,236,3939
0.60,237,3941
0.60,238,3935
0.60,239,3931
0.60,240,3917
0.60,241,3907
0.60,242,3904
0.60,243,3891
0.60,244,3891
0.60,245,3878
0.60,246,3876
0.60,247,3865
0.60,248,3866
0.60,249,3859
0.60,250,3855
0.60,251,3853
0.60,252,3855
0.60,253,3845
0.60,254,3843
0.60,255,3826
0.60,256,3829
0.60,257,3821
0.60,258,3825
0.60,259,3817
0.60,260,3818
0.60,261,3808
0.60,262,3806
0.60,263,3807
0.60,264,3799
0.60,265,3792
0.60,266,3787
0.60,267,3778
0.60,268,3781
0.60,269,3775
0.60,270,3780
0.60,271,3768
0.60,272,3770
0.60,273,3765
0.60,274,3768
0.60,275,3754
0.60,276,3754
0.60,277,3752
0.60,278,3742
0.60,279,3735
0.60,280,3724
0.60,281,3725
0.60,282,3706
0.60,283,3704
0.60,284,3683
0.60,285,3686
0.60,286,3678
0.60,287,3677
0.60,288,3669
0.60,289,3673
0.60,290,3664
0.60,291,3668
0.60,292,3661
0.60,293,3666
0.60,294,3661
0.60,295,3660
0.60,296,3659
0.60,297,3658
0.60,298,3650
0.60,299,3651
0.60,300,3652
0.60,301,3645
0.60,302,3643
0.60,303,3635
0.60,304,3625
0.60,305,3624
0.60,306,3620
0.60,307,3619
0.60,308,3616
0.60,309,3608
0.60,310,3604
0.60,311,3597
0.60,312,3602
0.60,313,3594
0.60,314,3593
0.60,315,3586
0.60,316,3590
0.60,317,3588
0.60,318,3584
0.60,319,3586
0.60,320,3581
0.60,321,3578
0.60,322,3577
0.60,323,3577
0.60,324,3571
0.60,325,3569
0.60,326,3567
0.60,327,3573
0.60,328,3573
0.60,329,3574
0.60,330,3566
0.60,331,3567
0.60,332,3563
0.60,333,3559
0.60,334,3553
0.60,335,3545
0.60,336,3543
0.60,337,3535
0.60,338,3534
0.60,339,3519
0.60,340,3519
0.60,341,3518
0.60,342,3510
0.60,343,3508
0.60,344,3496
0.60,345,3495
0.60,346,3496
0.60,347,3498
0.60,348,3502
0.60,349,3501
0.60,350,3493
0.60,351,3499
0.60,352,3488
0.60,353,3485
0.60,354,3478
0.60,355,3477
0.60,356,3468
0.60,357,3462
0.60,358,3467
0.60,359,3461
0.60,360,3455
0.60,361,3452
0.60,362,3449
0.60,363,3454
0.60,364,3445
0.60,365,3440
0.60,366,3445
0.60,367,3437
0.60,368,3438
0.60,369,3431
0.60,370,3432
0.60,371,3434
0.60,372,3436
0.60,373,3433
0.60,374,3429
0.60,375,3426
0.60,376,3421
0.60,377,3420
0.60,378,3407
0.60,379,3415
0.60,380,3400
0.60,381,3406
0.60,382,3401
0.60,383,3401
0.60,384,3397
0.60,385,3392
0.60,386,3395
0.60,387,3389
0.60,388,3388
0.60,389,3377
0.60,390,3375
0.60,391,3363
0.60,392,3360
0.60,393,3352
0.60,394,3343
0.60,395,3343
0.60,396,3339
0.60,397,3333
0.60,398,3332
0.60,399,3326
0.60,400,3331
0.60,401,3316
0.60,402,3317
0.60,403,3311
0.60,404,3309
0.60,405,3310
0.60,406,3309
0.60,407,3304
0.60,408,3304
0.60,409,3295
0.60,410,3300
0.60,411,3296
0.60,412,3294
0.60,413,3292
0.60,414,3293
0.60,415,3293
0.60,416,3284
0.60,417,3281
0.60,418,3277
0.60,419,3282
0.60,420,3274
0.60,421,3273
0.60,422,3273
0.60,423,3267
0.60,424,3264
0.60,425,3259
0.60,426,3261
0.60,427,3253
0.60,428,3255
0.60,429,3251
0.60,430,3259
0.60,431,3250
0.60,432,3250
0.60,433,3249
0.60,434,3239
0.60,435,3237
0.60,436,3226
0.60,437,3232
0.60,438,3228
0.60,439,3231
0.60,440,3217
0.60,441,3221
0.60,442,3218
0.60,443,3223
0.60,444,3212
0.60,445,3218
0.60,446,3217
0.60,447,3217
0.60,448,3214
0.60,449,3211
0.60,450,3209
0.60,451,3204
0.60,452,3202
0.60,453,3194
0.60,454,3184
0.60,455,3189
0.60,456,3185
0.60,457,3187
0.60,458,3180
0.60,459,3178
0.60,460,3178
0.60,461,3174
0.60,462,3167
0.60,463,3168
0.60,464,3162
0.60,465,3160
0.60,466,3159
0.60,467,3157
0.60,468,3153
0.60,469,3150
0.60,470,3154
0.60,471,3142
0.60,472,3146
0.60,473,3144
0.60,474,3141
0.60,475,3145
0.60,476,3136
0.60,477,3134
0.60,478,3141
0.60,479,3136
0.60,480,3133
0.60,481,3136
0.60,482,3135
0.60,483,3132
0.60,484,3131
0.60,485,3138
0.60,486,3125
0.60,487,3134
0.60,488,3126
0.60,489,3116
0.60,490,3112
0.60,491,3111
0.60,492,3102
0.60,493,3105
0.60,494,3101
0.60,495,3092
0.60,496,3099
0.60,497,3094
0.60,498,3089
0.60,499,3087
0.65,0,40617
0.65,1,6302
0.65,2,4993
0.65,3,4560
0.65,4,4390
0.65,5,4306
0.65,6,4260
0.65,7,4274
0.65,8,4298
0.65,9,4382
0.65,10,4416
0.65,11,4486
0.65,12,4480
0.65,13,4531
0.65,14,4569
0.65,15,4630
0.65,16,4669
0.65,17,4694
0.65,18,4708
0.65,19,4720
0.65,20,4746
0.65,21,4749
0.65,22,4756
0.65,23,4765
0.65,24,4773
0.65,25,4780
0.65,26,4782
0.65,27,4786
0.65,28,4777
0.65,29,4784
0.65,30,4776
0.65,31,4769
0.65,32,4767
0.65,33,4759
0.65,34,4754
0.65,35,4738
0.65,36,4735
0.65,37,4726
0.65,38,4709
0.65,39,4712
0.65,40,4698
0.65,41,4691
0.65,42,4687
0.65,43,4677
0.65,44,4669
0.65,45,4669
0.65,46,4662
0.65,47,4651
0.65,48,4644
0.65,49,4638
0.65,50,4633
0.65,51,4631
0.65,52,4623
0.65,53,4616
0.65,54,4604
0.65,55,4594
0.65,56,4588
0.65,57,4586
0.65,58,4578
0.65,59,4565
0.65,60,4544
0.65,61,4532
0.65,62,4516
0.65,63,4509
0.65,64,4504
0.65,65,4479
0.65,66,4478
0.65,67,4468
0.65,68,4457
0.65,69,4442
0.65,70,4438
0.65,71,4424
0.65,72,4416
0.65,73,4416
0.65,74,4400
0.65,75,4395
0.65,76,4395
0.65,77,4382
0.65,78,4384
0.65,79,4375
0.65,80,4379
0.65,81,4366
0.65,82,4351
0.65,83,4344
0.65,84,4340
0.65,85,4333
0.65,86,4315
0.65,87,4307
0.65,88,4307
0.65,89,4299
0.65,90,4296
0.65,91,4291
0.65,92,4298
0.65,93,4278
0.65,94,4276
0.65,95,4266
0.65,96,4259
0.65,97,4248
0.65,98,4244
0.65,99,4240
0.65,100,4237
0.65,101,4227
0.65,102,4216
0.65,103,4215
0.65,104,4200
0.65,105,4199
0.65,106,4187
0.65,107,4181
0.65,108,4171
0.65,109,4175
0.65,110,4173
0.65,111,4163
0.65,112,4159
0.65,113,4141
0.65,114,4146
0.65,115,4138
0.65,116,4138
0.65,117,4132
0.65,118,4122
0.65,119,4115
0.65,120,4103
0.65,121,4099
0.65,122,4093
0.65,123,4087
0.65,124,4067
0.65,125,4078
0.65,126,4066
0.65,127,4064
0.65,128,4059
0.65,129,4052
0.65,130,4049
0.65,131,4034
0.65,132,4032
0.65,133,4022
0.65,134,4016
0.65,135,4011
0.65,136,4010
0.65,137,4003
0.65,138,4000
0.65,139,3990
0.65,140,3994
0.65,141,3987
0.65,142,3988
0.65,143,3981
0.65,144,3975
0.65,145,3966
0.65,146,3976
0.65,147,3960
0.65,148,3963
0.65,149,3949
0.65,150,3947
0.65,151,3941
0.65,152,3943
0.65,153,3938
0.65,154,3931
0.65,155,3925
0.65,156,3927
0.65,157,3921
0.65,158,3908
0.65,159,3901
0.65,160,3892
0.65,161,3890
0.65,162,3885
0.65,163,3875
0.65,164,3878
0.65,165,3864
0.65,166,3848
0.65,167,3848
0.65,168,3835
0.65,169,3835
0.65,170,3827
0.65,171,3828
0.65,172,3819
0.65,173,3825
0.65,174,3817
0.65,175,3815
0.65,176,3810
0.65,177,3807
0.65,178,3804
0.65,179,3798
0.65,180,3796
0.65,181,3795
0.65,182,3790
0.65,183,3789
0.65,184,3785
0.65,185,3783
0.65,186,3774
0.65,187,3769
0.65,188,3767
0.65,189,3765
0.65,190,3766
0.65,191,3757
0.65,192,3762
0.65,193,3747
0.65,194,3746
0.65,195,3741
0.65,196,3732
0.65,197,3731
0.65,198,3729
0.65,199,3722
0.65,200,3721
0.65,201,3718
0.65,202,3706
0.65,203,3706
0.65,204,3708
0.65,205,3700
0.65,206,3697
0.65,207,3691
0.65,208,3684
0.65,209,3684
0.65,210,3680
0.65,211,3681
0.65,212,3683
0.65,213,3671
0.65,214,3671
0.65,215,3665
0.65,216,3663
0.65,217,3665
0.65,218,3654
0.65,219,3657
0.65,220,3653
0.65,221,3655
0.65,222,3642
0.65,223,3643
0.65,224,3637
0.65,225,3632
0.65,226,3626
0.65,227,3623
0.65,228,3622
0.65,229,3614
0.65,230,3619
0.65,231,3608
0.65,232,3608
0.65,233,3599
0.65,234,3599
0.65,235,3590
0.65,236,3590
0.65,237,3577
0.65,238,3576
0.65,239,3567
0.65,240,3567
0.65,241,3552
0.65,242,3554
0.65,243,3547
0.65,244,3545
0.65,245,3538
0.65,246,3540
0.65,247,3533
0.65,248,3527
0.65,249,3522
0.65,250,3521
0.65,251,3518
0.65,252,3510
0.65,253,3508
0.65,254,3504
0.65,255,3502
0.65,256,3494
0.65,257,3494
0.65,258,3487
0.65,259,3484
0.65,260,3476
0.65,261,3469
0.65,262,3469
0.65,263,3469
0.65,264,3466
0.65,265,3466
0.65,266,3462
0.65,267,3464
0.65,268,3451
0.65,269,3456
0.65,270,3446
0.65,271,3439
0.65,272,3429
0.65,273,3426
0.65,274,3424
0.65,275,3418
0.65,276,3416
0.65,277,3414
0.65,278,3413
0.65,279,3414
0.65,280,3409
0.65,281,3407
0.65,282,3398
0.65,283,3395
0.65,284,3393
0.65,285,3392
0.65,286,3383
0.65,287,3382
0.65,288,3383
0.65,289,3378
0.65,290,3380
0.65,291,3369
0.65,292,3377
0.65,293,3364
0.65,294,3360
0.65,295,3360
0.65,296,3363
0.65,297,3356
0.65,298,3356
0.65,299,3344
0.65,300,3347
0.65,301,3335
0.65,302,3336
0.65,303,3333
0.65,304,3328
0.65,305,3323
0.65,306,3320
0.65,307,3323
0.65,308,3320
0.65,309,3320
0.65,310,3321
0.65,311,3319
0.65,312,3312
0.65,313,3303
0.65,314,3298
0.65,315,3301
0.65,316,3297
0.65,317,3301
0.65,318,3296
0.65,319,3290
0.65,320,3286
0.65,321,3280
0.65,322,3279
0.65,323,3275
0.65,324,3271
0.65,325,3276
0.65,326,3272
0.65,327,3270
0.65,328,3270
0.65,329,3266
0.65,330,3263
0.65,331,3264
0.65,332,3258
0.65,333,3261
0.65,334,3256
0.65,335,3252
0.65,336,3255
0.65,337,3250
0.65,338,3247
0.65,339,3241
0.65,340,3237
0.65,341,3239
0.65,342,3232
0.65,343,3231
0.65,344,3226
0.65,345,3220
0.65,346,3223
0.65,347,3220
0.65,348,3221
0.65,349,3213
0.65,350,3217
0.65,351,3214
0.65,352,3212
0.65,353,3210
0.65,354,3205
0.65,355,3204
0.65,356,3205
0.65,357,3193
0.65,358,3195
0.65,359,3191
0.65,360,3196
0.65,361,3190
0.65,362,3183
0.65,363,3173
0.65,364,3173
0.65,365,3166
0.65,366,3166
0.65,367,3165
0.65,368,3165
0.65,369,3164
0.65,370,3158
0.65,371,3163
0.65,372,3153
0.65,373,3155
0.65,374,3143
0.65,375,3146
0.65,376,3145
0.65,377,3145
0.65,378,3144
0.65,379,3141
0.65,380,3136
0.65,381,3135
0.65,382,3130
0.65,383,3131
0.65,384,3129
0.65,385,3126
0.65,386,3128
0.65,387,3120
0.65,388,3126
0.65,389,3120
0.65,390,3122
0.65,391,3116
0.65,392,3117
0.65,393,3117
0.65,394,3121
0.65,395,3110
0.65,396,3106
0.65,397,3106
0.65,398,3104
0.65,399,3101
0.65,400,3106
0.65,401,3103
0.65,402,3102
0.65,403,3095
0.65,404,3096
0.65,405,3088
0.65,406,3085
0.65,407,3087
0.65,408,3088
0.65,409,3088
0.65,410,3089
0.65,411,3079
0.65,412,3078
0.65,413,3078
0.65,414,3083
0.65,415,3079
0.65,416,3074
0.65,417,3071
0.65,418,3069
0.65,419,3066
0.65,420,3068
0.65,421,3064
0.65,422,3060
0.65,423,3058
0.65,424,3062
0.65,425,3053
0.65,426,3052
0.65,427,3049
0.65,428,3049
0.65,429,3046
0.65,430,3044
0.65,431,3043
0.65,432,3037
0.65,433,3040
0.65,434,3031
0.65,435,3033
0.65,436,3026
0.65,437,3025
0.65,438,3018
0.65,439,3020
0.65,440,3017
0.65,441,3023
0.65,442,3014
0.65,443,3015
0.65,444,3012
0.65,445,3009
0.65,446,3009
0.65,447,3010
0.65,448,3007
0.65,449,3007
0.65,450,3005
0.65,451,3002
0.65,452,3000
0.65,453,2999
0.65,454,2997
0.65,455,2997
0.65,456,2995
0.65,457,2989
0.65,458,2986
0.65,459,2984
0.65,460,2983
0.65,461,2986
0.65,462,2983
0.65,463,2985
0.65,464,2989
0.65,465,2985
0.65,466,2987
0.65,467,2991
0.65,468,2988
0.65,469,2990
0.65,470,2987
0.65,471,2990
0.65,472,2981
0.65,473,2979
0.65,474,2978
0.65,475,2969
0.65,476,2965
0.65,477,2966
0.65,478,2966
0.65,479,2960
0.65,480,2963
0.65,481,2958
0.65,482,2956
0.65,483,2956
0.65,484,2952
0.65,485,2950
0.65,486,2950
0.65,487,2943
0.65,488,2945
0.65,489,2935
0.65,490,2937
0.65,491,2927
0.65,492,2930
0.65,493,2924
0.65,494,2921
0.65,495,2921
0.65,496,2910
0.65,497,2913
0.65,498,2908
0.65,499,2906
0.70,0,43765
0.70,1,3694
0.70,2,2433
0.70,3,2080
0.70,4,1978
0.70,5,1926
0.70,6,1912
0.70,7,1944
0.70,8,1988
0.70,9,2073
0.70,10,2111
0.70,11,2186
0.70,12,2172
0.70,13,2221
0.70,14,2265
0.70,15,2321
0.70,16,2352
0.70,17,2379
0.70,18,2392
0.70,19,2403
0.70,20,2428
0.70,21,2451
0.70,22,2467
0.70,23,2493
0.70,24,2511
0.70,25,2520
0.70,26,2528
0.70,27,2549
0.70,28,2554
0.70,29,2558
0.70,30,2553
0.70,31,2553
0.70,32,2569
0.70,33,2577
0.70,34,2590
0.70,35,2590
0.70,36,2600
0.70,37,2594
0.70,38,2605
0.70,39,2600
0.70,40,2607
0.70,41,2611
0.70,42,2612
0.70,43,2612
0.70,44,2623
0.70,45,2620
0.70,46,2623
0.70,47,2615
0.70,48,2623
0.70,49,2621
0.70,50,2629
0.70,51,2631
0.70,52,2630
0.70,53,2644
0.70,54,2635
0.70,55,2646
0.70,56,2645
0.70,57,2648
0.70,58,2646
0.70,59,2647
0.70,60,2646
0.70,61,2648
0.70,62,2653
0.70,63,2655
0.70,64,2647
0.70,65,2648
0.70,66,2648
0.70,67,2644
0.70,68,2651
0.70,69,2643
0.70,70,2645
0.70,71,2640
0.70,72,2634
0.70,73,2628
0.70,74,2634
0.70,75,2632
0.70,76,2635
0.70,77,2631
0.70,78,2624
0.70,79,2622
0.70,80,2620
0.70,81,2621
0.70,82,2615
0.70,83,2619
0.70,84,2615
0.70,85,2620
0.70,86,2616
0.70,87,2624
0.70,88,2626
0.70,89,2630
0.70,90,2638
0.70,91,2632
0.70,92,2636
0.70,93,2633
0.70,94,2637
0.70,95,2640
0.70,96,2637
0.70,97,2634
0.70,98,2637
0.70,99,2638
0.70,100,2646
0.70,101,2644
0.70,102,2646
0.70,103,2644
0.70,104,2643
0.70,105,2644
0.70,106,2649
0.70,107,2649
0.70,108,2657
0.70,109,2651
0.70,110,2654
0.70,111,2650
0.70,112,2643
0.70,113,2648
0.70,114,2637
0.70,115,2641
0.70,116,2637
0.70,117,2644
0.70,118,2636
0.70,119,2630
0.70,120,2629
0.70,121,2622
0.70,122,2628
0.70,123,2622
0.70,124,2620
0.70,125,2617
0.70,126,2616
0.70,127,2616
0.70,128,2614
0.70,129,2616
0.70,130,2615
0.70,131,2615
0.70,132,2619
0.70,133,2622
0.70,134,2625
0.70,135,2624
0.70,136,2624
0.70,137,2625
0.70,138,2626
0.70,139,2626
0.70,140,2622
0.70,141,2626
0.70,142,2626
0.70,143,2630
0.70,144,2626
0.70,145,2629
0.70,146,2622
0.70,147,2626
0.70,148,2620
0.70,149,2617
0.70,150,2617
0.70,151,2622
0.70,152,2627
0.70,153,2623
0.70,154,2623
0.70,155,2623
0.70,156,2623
0.70,157,2625
0.70,158,2616
0.70,159,2615
0.70,160,2611
0.70,161,2610
0.70,162,2611
0.70,163,2606
0.70,164,2609
0.70,165,2609
0.70,166,2605
0.70,167,2604
0.70,168,2601
0.70,169,2602
0.70,170,2600
0.70,171,2599
0.70,172,2590
0.70,173,2589
0.70,174,2595
0.70,175,2594
0.70,176,2591
0.70,177,2586
0.70,178,2587
0.70,179,2585
0.70,180,2582
0.70,181,2581
0.70,182,2573
0.70,183,2572
0.70,184,2577
0.70,185,2577
0.70,186,2581
0.70,187,2570
0.70,188,2579
0.70,189,2571
0.70,190,2569
0.70,191,2564
0.70,192,2568
0.70,193,2564
0.70,194,2568
0.70,195,2568
0.70,196,2564
0.70,197,2566
0.70,198,2569
0.70,199,2564
0.70,200,2561
0.70,201,2555
0.70,202,2562
0.70,203,2563
0.70,204,2567
0.70,205,2566
0.70,206,2572
0.70,207,2578
0.70,208,2578
0.70,209,2574
0.70,210,2573
0.70,211,2569
0.70,212,2567
0.70,213,2565
0.70,214,2563
0.70,215,2558
0.70,216,2556
0.70,217,2558
0.70,218,2560
0.70,219,2557
0.70,220,2555
0.70,221,2555
0.70,222,2553
0.70,223,2544
0.70,224,2545
0.70,225,2541
0.70,226,2539
0.70,227,2548
0.70,228,2542
0.70,229,2541
0.70,230,2544
0.70,231,2540
0.70,232,2541
0.70,233,2538
0.70,234,2540
0.70,235,2537
0.70,236,2543
0.70,237,2540
0.70,238,2538
0.70,239,2542
0.70,240,2542
0.70,241,2542
0.70,242,2537
0.70,243,2542
0.70,244,2541
0.70,245,2539
0.70,246,2540
0.70,247,2535
0.70,248,2538
0.70,249,2535
0.70,250,2537
0.70,251,2538
0.70,252,2533
0.70,253,2531
0.70,254,2528
0.70,255,2531
0.70,256,2527
0.70,257,2531
0.70,258,2527
0.70,259,2528
0.70,260,2520
0.70,261,2522
0.70,262,2516
0.70,263,2519
0.70,264,2517
0.70,265,2514
0.70,266,2518
0.70,267,2511
0.70,268,2510
0.70,269,2513
0.70,270,2508
0.70,271,2511
0.70,272,2504
0.70,273,2511
0.70,274,2505
0.70,275,2506
0.70,276,2508
0.70,277,2506
0.70,278,2509
0.70,279,2513
0.70,280,2508
0.70,281,2510
0.70,282,2509
0.70,283,2508
0.70,284,2505
0.70,285,2509
0.70,286,2508
0.70,287,2504
0.70,288,2507
0.70,289,2500
0.70,290,2501
0.70,291,2498
0.70,292,2497
0.70,293,2494
0.70,294,2498
0.70,295,2489
0.70,296,2493
0.70,297,2491
0.70,298,2490
0.70,299,2490
0.70,300,2484
0.70,301,2479
0.70,302,2483
0.70,303,2478
0.70,304,2476
0.70,305,2474
0.70,306,2477
0.70,307,2475
0.70,308,2476
0.70,309,2472
0.70,310,2479
0.70,311,2469
0.70,312,2477
0.70,313,2472
0.70,314,2467
0.70,315,2472
0.70,316,2466
0.70,317,2461
0.70,318,2461
0.70,319,2464
0.70,320,2462
0.70,321,2466
0.70,322,2454
0.70,323,2454
0.70,324,2450
0.70,325,2455
0.70,326,2445
0.70,327,2452
0.70,328,2448
0.70,329,2446
0.70,330,2448
0.70,331,2448
0.70,332,2448
0.70,333,2447
0.70,334,2445
0.70,335,2438
0.70,336,2438
0.70,337,2440
0.70,338,2441
0.70,339,2440
0.70,340,2436
0.70,341,2441
0.70,342,2437
0.70,343,2435
0.70,344,2434
0.70,345,2437
0.70,346,2440
0.70,347,2440
0.70,348,2439
0.70,349,2437
0.70,350,2433
0.70,351,2434
0.70,352,2431
0.70,353,2429
0.70,354,2431
0.70,355,2427
0.70,356,2434
0.70,357,2432
0.70,358,2434
0.70,359,2435
0.70,360,2433
0.70,361,2433
0.70,362,2437
0.70,363,2432
0.70,364,2428
0.70,365,2420
0.70,366,2427
0.70,367,2424
0.70,368,2424
0.70,369,2426
0.70,370,2422
0.70,371,2419
0.70,372,2420
0.70,373,2425
0.70,374,2423
0.70,375,2427
0.70,376,2420
0.70,377,2423
0.70,378,2423
0.70,379,2418
0.70,380,2420
0.70,381,2422
0.70,382,2423
0.70,383,2425
0.70,384,2423
0.70,385,2425
0.70,386,2422
0.70,387,2428
0.70,388,2422
0.70,389,2412
0.70,390,2415
0.70,391,2410
0.70,392,2413
0.70,393,2410
0.70,394,2404
0.70,395,2400
0.70,396,2399
0.70,397,2395
0.70,398,2395
0.70,399,2390
0.70,400,2388
0.70,401,2386
0.70,402,2385
0.70,403,2391
0.70,404,2388
0.70,405,2391
0.70,406,2390
0.70,407,2391
0.70,408,2389
0.70,409,2385
0.70,410,2387
0.70,411,2391
0.70,412,2387
0.70,413,2388
0.70,414,2385
0.70,415,2383
0.70,416,2384
0.70,417,2387
0.70,418,2388
0.70,419,2387
0.70,420,2386
0.70,421,2384
0.70,422,2385
0.70,423,2381
0.70,424,2380
0.70,425,2381
0.70,426,2381
0.70,427,2381
0.70,428,2378
0.70,429,2378
0.70,430,2376
0.70,431,2379
0.70,432,2370
0.70,433,2378
0.70,434,2373
0.70,435,2373
0.70,436,2365
0.70,437,2358
0.70,438,2358
0.70,439,2351
0.70,440,2355
0.70,441,2351
0.70,442,2358
0.70,443,2357
0.70,444,2356
0.70,445,2354
0.70,446,2356
0.70,447,2358
0.70,448,2354
0.70,449,2353
0.70,450,2359
0.70,451,2353
0.70,452,2357
0.70,453,2353
0.70,454,2351
0.70,455,2350
0.70,456,2345
0.70,457,2342
0.70,458,2342
0.70,459,2344
0.70,460,2341
0.70,461,2342
0.70,462,2341
0.70,463,2343
0.70,464,2344
0.70,465,2343
0.70,466,2339
0.70,467,2337
0.70,468,2334
0.70,469,2330
0.70,470,2332
0.70,471,2331
0.70,472,2330
0.70,473,2328
0.70,474,2331
0.70,475,2324
0.70,476,2323
0.70,477,2318
0.70,478,2320
0.70,479,2322
0.70,480,2321
0.70,481,2327
0.70,482,2329
0.70,483,2322
0.70,484,2323
0.70,485,2321
0.70,486,2324
0.70,487,2316
0.70,488,2314
0.70,489,2314
0.70,490,2314
0.70,491,2316
0.70,492,2319
0.70,493,2319
0.70,494,2317
0.70,495,2317
0.70,496,2315
0.70,497,2308
0.70,498,2308
0.70,499,2309
0.75,0,46885
0.75,1,1915
0.75,2,962
0.75,3,760
0.75,4,704
0.75,5,675
0.75,6,666
0.75,7,681
0.75,8,702
0.75,9,740
0.75,10,748
0.75,11,781
0.75,12,763
0.75,13,782
0.75,14,794
0.75,15,819
0.75,16,828
0.75,17,839
0.75,18,838
0.75,19,848
0.75,20,857
0.75,21,871
0.75,22,872
0.75,23,887
0.75,24,895
0.75,25,903
0.75,26,908
0.75,27,919
0.75,28,915
0.75,29,922
0.75,30,920
0.75,31,924
0.75,32,931
0.75,33,938
0.75,34,943
0.75,35,945
0.75,36,950
0.75,37,950
0.75,38,955
0.75,39,958
0.75,40,967
0.75,41,972
0.75,42,974
0.75,43,979
0.75,44,986
0.75,45,986
0.75,46,993
0.75,47,991
0.75,48,1003
0.75,49,1000
0.75,50,1006
0.75,51,1012
0.75,52,1014
0.75,53,1016
0.75,54,1012
0.75,55,1022
0.75,56,1022
0.75,57,1030
0.75,58,1034
0.75,59,1038
0.75,60,1042
0.75,61,1042
0.75,62,1046
0.75,63,1041
0.75,64,1039
0.75,65,1036
0.75,66,1033
0.75,67,1032
0.75,68,1031
0.75,69,1027
0.75,70,1026
0.75,71,1023
0.75,72,1023
0.75,73,1023
0.75,74,1030
0.75,75,1029
0.75,76,1034
0.75,77,1029
0.75,78,1035
0.75,79,1032
0.75,80,1037
0.75,81,1041
0.75,82,1048
0.75,83,1053
0.75,84,1060
0.75,85,1064
0.75,86,1061
0.75,87,1070
0.75,88,1065
0.75,89,1071
0.75,90,1073
0.75,91,1073
0.75,92,1076
0.75,93,1077
0.75,94,1075
0.75,95,1076
0.75,96,1074
0.75,97,1078
0.75,98,1085
0.75,99,1089
0.75,100,1094
0.75,101,1093
0.75,102,1098
0.75,103,1100
0.75,104,1102
0.75,105,1107
0.75,106,1111
0.75,107,1119
0.75,108,1129
0.75,109,1129
0.75,110,1131
0.75,111,1131
0.75,112,1129
0.75,113,1132
0.75,114,1134
0.75,115,1138
0.75,116,1140
0.75,117,1140
0.75,118,1137
0.75,119,1136
0.75,120,1135
0.75,121,1139
0.75,122,1134
0.75,123,1137
0.75,124,1141
0.75,125,1147
0.75,126,1151
0.75,127,1151
0.75,128,1151
0.75,129,1152
0.75,130,1152
0.75,131,1154
0.75,132,1157
0.75,133,1157
0.75,134,1157
0.75,135,1157
0.75,136,1161
0.75,137,1157
0.75,138,1164
0.75,139,1165
0.75,140,1168
0.75,141,1171
0.75,142,1172
0.75,143,1169
0.75,144,1170
0.75,145,1170
0.75,146,1173
0.75,147,1175
0.75,148,1174
0.75,149,1174
0.75,150,1183
0.75,151,1187
0.75,152,1186
0.75,153,1181
0.75,154,1183
0.75,155,1181
0.75,156,1182
0.75,157,1181
0.75,158,1183
0.75,159,1185
0.75,160,1191
0.75,161,1189
0.75,162,1190
0.75,163,1193
0.75,164,1186
0.75,165,1184
0.75,166,1186
0.75,167,1185
0.75,168,1191
0.75,169,1193
0.75,170,1191
0.75,171,1182
0.75,172,1182
0.75,173,1173
0.75,174,1171
0.75,175,1168
0.75,176,1164
0.75,177,1161
0.75,178,1162
0.75,179,1165
0.75,180,1161
0.75,181,1161
0.75,182,1149
0.75,183,1149
0.75,184,1150
0.75,185,1149
0.75,186,1154
0.75,187,1154
0.75,188,1154
0.75,189,1157
0.75,190,1163
0.75,191,1161
0.75,192,1166
0.75,193,1165
0.75,194,1164
0.75,195,1164
0.75,196,1163
0.75,197,1162
0.75,198,1159
0.75,199,1156
0.75,200,1160
0.75,201,1157
0.75,202,1159
0.75,203,1155
0.75,204,1156
0.75,205,1157
0.75,206,1156
0.75,207,1158
0.75,208,1158
0.75,209,1158
0.75,210,1158
0.75,211,1156
0.75,212,1156
0.75,213,1156
0.75,214,1153
0.75,215,1153
0.75,216,1152
0.75,217,1155
0.75,218,1151
0.75,219,1157
0.75,220,1153
0.75,221,1156
0.75,222,1157
0.75,223,1159
0.75,224,1155
0.75,225,1165
0.75,226,1164
0.75,227,1163
0.75,228,1163
0.75,229,1164
0.75,230,1162
0.75,231,1164
0.75,232,1165
0.75,233,1164
0.75,234,1168
0.75,235,1169
0.75,236,1172
0.75,237,1168
0.75,238,1169
0.75,239,1169
0.75,240,1166
0.75,241,1163
0.75,242,1161
0.75,243,1160
0.75,244,1161
0.75,245,1159
0.75,246,1158
0.75,247,1162
0.75,248,1159
0.75,249,1162
0.75,250,1160
0.75,251,1160
0.75,252,1163
0.75,253,1163
0.75,254,1159
0.75,255,1160
0.75,256,1157
0.75,257,1156
0.75,258,1157
0.75,259,1154
0.75,260,1158
0.75,261,1159
0.75,262,1163
0.75,263,1161
0.75,264,1162
0.75,265,1164
0.75,266,1166
0.75,267,1167
0.75,268,1166
0.75,269,1167
0.75,270,1167
0.75,271,1171
0.75,272,1172
0.75,273,1175
0.75,274,1177
0.75,275,1175
0.75,276,1174
0.75,277,1172
0.75,278,1173
0.75,279,1172
0.75,280,1170
0.75,281,1172
0.75,282,1170
0.75,283,1171
0.75,284,1166
0.75,285,1166
0.75,286,1169
0.75,287,1166
0.75,288,1168
0.75,289,1165
0.75,290,1166
0.75,291,1165
0.75,292,1166
0.75,293,1168
0.75,294,1170
0.75,295,1170
0.75,296,1172
0.75,297,1173
0.75,298,1175
0.75,299,1175
0.75,300,1174
0.75,301,1174
0.75,302,1174
0.75,303,1175
0.75,304,1175
0.75,305,1172
0.75,306,1174
0.75,307,1175
0.75,308,1177
0.75,309,1175
0.75,310,1177
0.75,311,1177
0.75,312,1177
0.75,313,1176
0.75,314,1178
0.75,315,1176
0.75,316,1177
0.75,317,1178
0.75,318,1177
0.75,319,1178
0.75,320,1176
0.75,321,1178
0.75,322,1184
0.75,323,1181
0.75,324,1184
0.75,325,1182
0.75,326,1184
0.75,327,1186
0.75,328,1187
0.75,329,1188
0.75,330,1189
0.75,331,1190
0.75,332,1189
0.75,333,1190
0.75,334,1192
0.75,335,1189
0.75,336,1193
0.75,337,1195
0.75,338,1194
0.75,339,1195
0.75,340,1198
0.75,341,1198
0.75,342,1199
0.75,343,1198
0.75,344,1194
0.75,345,1194
0.75,346,1190
0.75,347,1188
0.75,348,1187
0.75,349,1186
0.75,350,1183
0.75,351,1179
0.75,352,1177
0.75,353,1177
0.75,354,1178
0.75,355,1181
0.75,356,1180
0.75,357,1183
0.75,358,1182
0.75,359,1185
0.75,360,1183
0.75,361,1183
0.75,362,1180
0.75,363,1179
0.75,364,1182
0.75,365,1181
0.75,366,1184
0.75,367,1183
0.75,368,1180
0.75,369,1182
0.75,370,1178
0.75,371,1177
0.75,372,1181
0.75,373,1182
0.75,374,1179
0.75,375,1175
0.75,376,1176
0.75,377,1175
0.75,378,1176
0.75,379,1178
0.75,380,1179
0.75,381,1179
0.75,382,1178
0.75,383,1176
0.75,384,1176
0.75,385,1173
0.75,386,1171
0.75,387,1171
0.75,388,1174
0.75,389,1174
0.75,390,1172
0.75,391,1175
0.75,392,1171
0.75,393,1170
0.75,394,1171
0.75,395,1169
0.75,396,1169
0.75,397,1170
0.75,398,1171
0.75,399,1170
0.75,400,1175
0.75,401,1170
0.75,402,1174
0.75,403,1172
0.75,404,1175
0.75,405,1172
0.75,406,1175
0.75,407,1175
0.75,408,1175
0.75,409,1178
0.75,410,1175
0.75,411,1177
0.75,412,1177
0.75,413,1177
0.75,414,1174
0.75,415,1176
0.75,416,1175
0.75,417,1175
0.75,418,1180
0.75,419,1180
0.75,420,1181
0.75,421,1181
0.75,422,1181
0.75,423,1177
0.75,424,1181
0.75,425,1179
0.75,426,1179
0.75,427,1180
0.75,428,1180
0.75,429,1176
0.75,430,1180
0.75,431,1177
0.75,432,1179
0.75,433,1180
0.75,434,1176
0.75,435,1178
0.75,436,1179
0.75,437,1179
0.75,438,1181
0.75,439,1179
0.75,440,1180
0.75,441,1181
0.75,442,1182
0.75,443,1180
0.75,444,1176
0.75,445,1180
0.75,446,1175
0.75,447,1181
0.75,448,1179
0.75,449,1179
0.75,450,1179
0.75,451,1177
0.75,452,1178
0.75,453,1179
0.75,454,1178
0.75,455,1180
0.75,456,1180
0.75,457,1182
0.75,458,1178
0.75,459,1180
0.75,460,1179
0.75,461,1176
0.75,462,1176
0.75,463,1178
0.75,464,1180
0.75,465,1184
0.75,466,1179
0.75,467,1184
0.75,468,1180
0.75,469,1184
0.75,470,1182
0.75,471,1183
0.75,472,1185
0.75,473,1182
0.75,474,1183
0.75,475,1185
0.75,476,1181
0.75,477,1184
0.75,478,1185
0.75,479,1185
0.75,480,1185
0.75,481,1185
0.75,482,1184
0.75,483,1187
0.75,484,1189
0.75,485,1184
0.75,486,1185
0.75,487,1183
0.75,488,1183
0.75,489,1178
0.75,490,1182
0.75,491,1178
0.75,492,1180
0.75,493,1179
0.75,494,1184
0.75,495,1181
0.75,496,1186
0.75,497,1182
0.75,498,1185
0.75,499,1185
0.80,0,50012
0.80,1,863
0.80,2,306
0.80,3,220
0.80,4,202
0.80,5,191
0.80,6,184
0.80,7,189
0.80,8,194
0.80,9,205
0.80,10,206
0.80,11,216
0.80,12,208
0.80,13,213
0.80,14,217
0.80,15,224
0.80,16,223
0.80,17,225
0.80,18,227
0.80,19,228
0.80,20,229
0.80,21,233
0.80,22,234
0.80,23,236
0.80,24,237
0.80,25,241
0.80,26,240
0.80,27,244
0.80,28,243
0.80,29,245
0.80,30,243
0.80,31,243
0.80,32,246
0.80,33,247
0.80,34,249
0.80,35,249
0.80,36,250
0.80,37,249
0.80,38,249
0.80,39,249
0.80,40,251
0.80,41,253
0.80,42,254
0.80,43,257
0.80,44,259
0.80,45,260
0.80,46,261
0.80,47,260
0.80,48,262
0.80,49,261
0.80,50,263
0.80,51,265
0.80,52,265
0.80,53,267
0.80,54,266
0.80,55,272
0.80,56,272
0.80,57,273
0.80,58,273
0.80,59,276
0.80,60,277
0.80,61,277
0.80,62,276
0.80,63,277
0.80,64,277
0.80,65,276
0.80,66,275
0.80,67,275
0.80,68,276
0.80,69,274
0.80,70,272
0.80,71,272
0.80,72,271
0.80,73,271
0.80,74,273
0.80,75,273
0.80,76,275
0.80,77,273
0.80,78,273
0.80,79,272
0.80,80,274
0.80,81,279
0.80,82,281
0.80,83,283
0.80,84,286
0.80,85,287
0.80,86,286
0.80,87,289
0.80,88,285
0.80,89,288
0.80,90,288
0.80,91,290
0.80,92,290
0.80,93,290
0.80,94,288
0.80,95,289
0.80,96,290
0.80,97,290
0.80,98,293
0.80,99,294
0.80,100,295
0.80,101,296
0.80,102,298
0.80,103,300
0.80,104,301
0.80,105,303
0.80,106,304
0.80,107,306
0.80,108,310
0.80,109,312
0.80,110,314
0.80,111,314
0.80,112,312
0.80,113,316
0.80,114,317
0.80,115,322
0.80,116,324
0.80,117,326
0.80,118,322
0.80,119,319
0.80,120,317
0.80,121,315
0.80,122,317
0.80,123,317
0.80,124,319
0.80,125,322
0.80,126,325
0.80,127,324
0.80,128,322
0.80,129,321
0.80,130,322
0.80,131,324
0.80,132,326
0.80,133,328
0.80,134,327
0.80,135,328
0.80,136,330
0.80,137,331
0.80,138,333
0.80,139,333
0.80,140,333
0.80,141,332
0.80,142,331
0.80,143,329
0.80,144,323
0.80,145,323
0.80,146,327
0.80,147,328
0.80,148,329
0.80,149,333
0.80,150,337
0.80,151,342
0.80,152,336
0.80,153,334
0.80,154,331
0.80,155,330
0.80,156,330
0.80,157,327
0.80,158,327
0.80,159,326
0.80,160,328
0.80,161,325
0.80,162,326
0.80,163,325
0.80,164,324
0.80,165,321
0.80,166,321
0.80,167,322
0.80,168,322
0.80,169,324
0.80,170,326
0.80,171,322
0.80,172,319
0.80,173,314
0.80,174,311
0.80,175,307
0.80,176,307
0.80,177,304
0.80,178,305
0.80,179,305
0.80,180,304
0.80,181,305
0.80,182,299
0.80,183,301
0.80,184,298
0.80,185,299
0.80,186,298
0.80,187,300
0.80,188,302
0.80,189,304
0.80,190,301
0.80,191,303
0.80,192,302
0.80,193,303
0.80,194,303
0.80,195,302
0.80,196,301
0.80,197,299
0.80,198,300
0.80,199,299
0.80,200,301
0.80,201,299
0.80,202,301
0.80,203,299
0.80,204,298
0.80,205,297
0.80,206,296
0.80,207,297
0.80,208,299
0.80,209,297
0.80,210,299
0.80,211,296
0.80,212,297
0.80,213,295
0.80,214,297
0.80,215,294
0.80,216,295
0.80,217,293
0.80,218,294
0.80,219,295
0.80,220,294
0.80,221,295
0.80,222,294
0.80,223,293
0.80,224,292
0.80,225,293
0.80,226,294
0.80,227,294
0.80,228,296
0.80,229,294
0.80,230,295
0.80,231,295
0.80,232,297
0.80,233,296
0.80,234,297
0.80,235,295
0.80,236,297
0.80,237,299
0.80,238,300
0.80,239,301
0.80,240,297
0.80,241,298
0.80,242,295
0.80,243,296
0.80,244,297
0.80,245,296
0.80,246,299
0.80,247,299
0.80,248,299
0.80,249,299
0.80,250,300
0.80,251,299
0.80,252,299
0.80,253,299
0.80,254,300
0.80,255,299
0.80,256,298
0.80,257,298
0.80,258,295
0.80,259,297
0.80,260,295
0.80,261,296
0.80,262,298
0.80,263,300
0.80,264,300
0.80,265,300
0.80,266,301
0.80,267,303
0.80,268,304
0.80,269,305
0.80,270,305
0.80,271,305
0.80,272,305
0.80,273,305
0.80,274,305
0.80,275,305
0.80,276,305
0.80,277,306
0.80,278,308
0.80,279,308
0.80,280,308
0.80,281,311
0.80,282,311
0.80,283,313
0.80,284,310
0.80,285,309
0.80,286,306
0.80,287,304
0.80,288,306
0.80,289,305
0.80,290,306
0.80,291,305
0.80,292,306
0.80,293,306
0.80,294,307
0.80,295,308
0.80,296,309
0.80,297,310
0.80,298,310
0.80,299,308
0.80,300,309
0.80,301,308
0.80,302,307
0.80,303,308
0.80,304,307
0.80,305,306
0.80,306,308
0.80,307,308
0.80,308,311
0.80,309,310
0.80,310,312
0.80,311,311
0.80,312,313
0.80,313,313
0.80,314,313
0.80,315,311
0.80,316,312
0.80,317,310
0.80,318,310
0.80,319,310
0.80,320,308
0.80,321,308
0.80,322,308
0.80,323,308
0.80,324,307
0.80,325,308
0.80,326,309
0.80,327,309
0.80,328,309
0.80,329,312
0.80,330,312
0.80,331,312
0.80,332,312
0.80,333,312
0.80,334,311
0.80,335,310
0.80,336,311
0.80,337,310
0.80,338,312
0.80,339,312
0.80,340,310
0.80,341,310
0.80,342,311
0.80,343,310
0.80,344,308
0.80,345,308
0.80,346,308
0.80,347,307
0.80,348,309
0.80,349,307
0.80,350,309
0.80,351,310
0.80,352,311
0.80,353,311
0.80,354,309
0.80,355,309
0.80,356,310
0.80,357,310
0.80,358,310
0.80,359,310
0.80,360,312
0.80,361,311
0.80,362,312
0.80,363,311
0.80,364,312
0.80,365,313
0.80,366,314
0.80,367,313
0.80,368,315
0.80,369,316
0.80,370,318
0.80,371,317
0.80,372,317
0.80,373,318
0.80,374,317
0.80,375,317
0.80,376,316
0.80,377,318
0.80,378,317
0.80,379,317
0.80,380,315
0.80,381,316
0.80,382,318
0.80,383,317
0.80,384,317
0.80,385,317
0.80,386,318
0.80,387,317
0.80,388,318
0.80,389,319
0.80,390,319
0.80,391,318
0.80,392,315
0.80,393,315
0.80,394,316
0.80,395,315
0.80,396,316
0.80,397,316
0.80,398,316
0.80,399,315
0.80,400,316
0.80,401,318
0.80,402,316
0.80,403,317
0.80,404,315
0.80,405,316
0.80,406,315
0.80,407,314
0.80,408,315
0.80,409,316
0.80,410,317
0.80,411,319
0.80,412,321
0.80,413,321
0.80,414,319
0.80,415,319
0.80,416,316
0.80,417,317
0.80,418,318
0.80,419,318
0.80,420,320
0.80,421,321
0.80,422,319
0.80,423,319
0.80,424,318
0.80,425,319
0.80,426,318
0.80,427,318
0.80,428,317
0.80,429,316
0.80,430,317
0.80,431,316
0.80,432,316
0.80,433,315
0.80,434,316
0.80,435,315
0.80,436,317
0.80,437,315
0.80,438,316
0.80,439,315
0.80,440,314
0.80,441,314
0.80,442,313
0.80,443,313
0.80,444,313
0.80,445,315
0.80,446,312
0.80,447,311
0.80,448,311
0.80,449,309
0.80,450,308
0.80,451,309
0.80,452,308
0.80,453,309
0.80,454,309
0.80,455,309
0.80,456,307
0.80,457,309
0.80,458,310
0.80,459,310
0.80,460,311
0.80,461,311
0.80,462,311
0.80,463,313
0.80,464,313
0.80,465,314
0.80,466,316
0.80,467,314
0.80,468,315
0.80,469,315
0.80,470,315
0.80,471,316
0.80,472,316
0.80,473,314
0.80,474,314
0.80,475,313
0.80,476,315
0.80,477,315
0.80,478,316
0.80,479,317
0.80,480,318
0.80,481,319
0.80,482,319
0.80,483,318
0.80,484,318
0.80,485,318
0.80,486,319
0.80,487,317
0.80,488,316
0.80,489,315
0.80,490,314
0.80,491,314
0.80,492,313
0.80,493,313
0.80,494,313
0.80,495,311
0.80,496,312
0.80,497,311
0.80,498,311
0.80,499,312
0.85,0,53116
0.85,1,333
0.85,2,80
0.85,3,49
0.85,4,44
0.85,5,41
0.85,6,39
0.85,7,39
0.85,8,40
0.85,9,41
0.85,10,42
0.85,11,44
0.85,12,42
0.85,13,43
0.85,14,44
0.85,15,45
0.85,16,45
0.85,17,45
0.85,18,46
0.85,19,46
0.85,20,46
0.85,21,46
0.85,22,46
0.85,23,47
0.85,24,47
0.85,25,47
0.85,26,47
0.85,27,48
0.85,28,47
0.85,29,48
0.85,30,48
0.85,31,48
0.85,32,49
0.85,33,49
0.85,34,49
0.85,35,49
0.85,36,48
0.85,37,49
0.85,38,49
0.85,39,49
0.85,40,49
0.85,41,49
0.85,42,49
0.85,43,50
0.85,44,50
0.85,45,49
0.85,46,49
0.85,47,50
0.85,48,49
0.85,49,50
0.85,50,50
0.85,51,50
0.85,52,49
0.85,53,50
0.85,54,49
0.85,55,51
0.85,56,50
0.85,57,50
0.85,58,50
0.85,59,51
0.85,60,50
0.85,61,50
0.85,62,50
0.85,63,50
0.85,64,50
0.85,65,50
0.85,66,50
0.85,67,50
0.85,68,51
0.85,69,50
0.85,70,50
0.85,71,50
0.85,72,49
0.85,73,50
0.85,74,50
0.85,75,50
0.85,76,50
0.85,77,50
0.85,78,49
0.85,79,50
0.85,80,51
0.85,81,51
0.85,82,52
0.85,83,53
0.85,84,52
0.85,85,52
0.85,86,52
0.85,87,51
0.85,88,52
0.85,89,52
0.85,90,52
0.85,91,52
0.85,92,52
0.85,93,52
0.85,94,51
0.85,95,52
0.85,96,51
0.85,97,52
0.85,98,53
0.85,99,52
0.85,100,52
0.85,101,52
0.85,102,53
0.85,103,53
0.85,104,53
0.85,105,53
0.85,106,53
0.85,107,54
0.85,108,54
0.85,109,54
0.85,110,55
0.85,111,54
0.85,112,55
0.85,113,56
0.85,114,57
0.85,115,57
0.85,116,58
0.85,117,56
0.85,118,57
0.85,119,56
0.85,120,54
0.85,121,55
0.85,122,55
0.85,123,54
0.85,124,55
0.85,125,55
0.85,126,55
0.85,127,55
0.85,128,55
0.85,129,54
0.85,130,55
0.85,131,56
0.85,132,55
0.85,133,56
0.85,134,56
0.85,135,55
0.85,136,57
0.85,137,57
0.85,138,58
0.85,139,58
0.85,140,57
0.85,141,57
0.85,142,56
0.85,143,56
0.85,144,55
0.85,145,56
0.85,146,57
0.85,147,56
0.85,148,56
0.85,149,58
0.85,150,59
0.85,151,58
0.85,152,57
0.85,153,56
0.85,154,57
0.85,155,57
0.85,156,56
0.85,157,56
0.85,158,56
0.85,159,56
0.85,160,56
0.85,161,56
0.85,162,57
0.85,163,55
0.85,164,55
0.85,165,54
0.85,166,54
0.85,167,55
0.85,168,55
0.85,169,55
0.85,170,55
0.85,171,53
0.85,172,53
0.85,173,52
0.85,174,52
0.85,175,51
0.85,176,52
0.85,177,51
0.85,178,52
0.85,179,52
0.85,180,51
0.85,181,52
0.85,182,52
0.85,183,51
0.85,184,51
0.85,185,51
0.85,186,51
0.85,187,52
0.85,188,52
0.85,189,51
0.85,190,51
0.85,191,52
0.85,192,52
0.85,193,51
0.85,194,52
0.85,195,50
0.85,196,50
0.85,197,50
0.85,198,50
0.85,199,50
0.85,200,51
0.85,201,50
0.85,202,50
0.85,203,51
0.85,204,50
0.85,205,50
0.85,206,50
0.85,207,50
0.85,208,50
0.85,209,50
0.85,210,50
0.85,211,50
0.85,212,50
0.85,213,49
0.85,214,49
0.85,215,49
0.85,216,49
0.85,217,49
0.85,218,49
0.85,219,49
0.85,220,49
0.85,221,49
0.85,222,49
0.85,223,49
0.85,224,50
0.85,225,49
0.85,226,50
0.85,227,50
0.85,228,49
0.85,229,50
0.85,230,50
0.85,231,50
0.85,232,50
0.85,233,50
0.85,234,50
0.85,235,50
0.85,236,51
0.85,237,51
0.85,238,51
0.85,239,51
0.85,240,50
0.85,241,50
0.85,242,50
0.85,243,50
0.85,244,50
0.85,245,51
0.85,246,50
0.85,247,50
0.85,248,51
0.85,249,50
0.85,250,51
0.85,251,51
0.85,252,51
0.85,253,51
0.85,254,52
0.85,255,51
0.85,256,51
0.85,257,51
0.85,258,50
0.85,259,50
0.85,260,51
0.85,261,51
0.85,262,51
0.85,263,51
0.85,264,51
0.85,265,51
0.85,266,52
0.85,267,51
0.85,268,51
0.85,269,52
0.85,270,51
0.85,271,51
0.85,272,52
0.85,273,51
0.85,274,51
0.85,275,52
0.85,276,51
0.85,277,51
0.85,278,51
0.85,279,51
0.85,280,52
0.85,281,52
0.85,282,52
0.85,283,52
0.85,284,51
0.85,285,50
0.85,286,50
0.85,287,51
0.85,288,51
0.85,289,51
0.85,290,51
0.85,291,51
0.85,292,51
0.85,293,52
0.85,294,51
0.85,295,51
0.85,296,52
0.85,297,51
0.85,298,52
0.85,299,52
0.85,300,51
0.85,301,52
0.85,302,52
0.85,303,51
0.85,304,51
0.85,305,52
0.85,306,52
0.85,307,52
0.85,308,53
0.85,309,52
0.85,310,52
0.85,311,52
0.85,312,52
0.85,313,52
0.85,314,52
0.85,315,51
0.85,316,51
0.85,317,52
0.85,318,51
0.85,319,51
0.85,320,52
0.85,321,51
0.85,322,51
0.85,323,51
0.85,324,51
0.85,325,51
0.85,326,51
0.85,327,51
0.85,328,51
0.85,329,52
0.85,330,51
0.85,331,52
0.85,332,52
0.85,333,52
0.85,334,52
0.85,335,52
0.85,336,52
0.85,337,52
0.85,338,52
0.85,339,52
0.85,340,52
0.85,341,52
0.85,342,51
0.85,343,51
0.85,344,51
0.85,345,50
0.85,346,50
0.85,347,51
0.85,348,50
0.85,349,50
0.85,350,51
0.85,351,51
0.85,352,51
0.85,353,51
0.85,354,51
0.85,355,51
0.85,356,51
0.85,357,51
0.85,358,51
0.85,359,51
0.85,360,51
0.85,361,51
0.85,362,51
0.85,363,51
0.85,364,51
0.85,365,51
0.85,366,51
0.85,367,51
0.85,368,52
0.85,369,51
0.85,370,51
0.85,371,52
0.85,372,51
0.85,373,52
0.85,374,52
0.85,375,51
0.85,376,51
0.85,377,51
0.85,378,51
0.85,379,51
0.85,380,52
0.85,381,52
0.85,382,52
0.85,383,52
0.85,384,52
0.85,385,52
0.85,386,52
0.85,387,52
0.85,388,52
0.85,389,52
0.85,390,51
0.85,391,51
0.85,392,51
0.85,393,51
0.85,394,51
0.85,395,52
0.85,396,52
0.85,397,52
0.85,398,52
0.85,399,52
0.85,400,52
0.85,401,53
0.85,402,52
0.85,403,52
0.85,404,52
0.85,405,51
0.85,406,51
0.85,407,52
0.85,408,51
0.85,409,52
0.85,410,53
0.85,411,53
0.85,412,53
0.85,413,53
0.85,414,52
0.85,415,52
0.85,416,52
0.85,417,51
0.85,418,52
0.85,419,52
0.85,420,52
0.85,421,52
0.85,422,52
0.85,423,51
0.85,424,52
0.85,425,52
0.85,426,51
0.85,427,51
0.85,428,51
0.85,429,51
0.85,430,51
0.85,431,51
0.85,432,51
0.85,433,51
0.85,434,51
0.85,435,51
0.85,436,51
0.85,437,51
0.85,438,51
0.85,439,51
0.85,440,51
0.85,441,50
0.85,442,51
0.85,443,51
0.85,444,50
0.85,445,51
0.85,446,51
0.85,447,50
0.85,448,50
0.85,449,50
0.85,450,50
0.85,451,50
0.85,452,50
0.85,453,50
0.85,454,50
0.85,455,51
0.85,456,50
0.85,457,51
0.85,458,51
0.85,459,50
0.85,460,51
0.85,461,51
0.85,462,51
0.85,463,51
0.85,464,51
0.85,465,51
0.85,466,51
0.85,467,52
0.85,468,51
0.85,469,52
0.85,470,52
0.85,471,51
0.85,472,51
0.85,473,51
0.85,474,51
0.85,475,51
0.85,476,52
0.85,477,51
0.85,478,51
0.85,479,52
0.85,480,52
0.85,481,52
0.85,482,52
0.85,483,52
0.85,484,52
0.85,485,52
0.85,486,52
0.85,487,52
0.85,488,52
0.85,489,51
0.85,490,51
0.85,491,51
0.85,492,51
0.85,493,51
0.85,494,51
0.85,495,51
0.85,496,51
0.85,497,51
0.85,498,51
0.85,499,51
0.90,0,56249
0.90,1,110
0.90,2,18
0.90,3,8
0.90,4,7
0.90,5,7
0.90,6,6
0.90,7,6
0.90,8,6
0.90,9,6
0.90,10,6
0.90,11,6
0.90,12,6
0.90,13,6
0.90,14,6
0.90,15,7
0.90,16,7
0.90,17,7
0.90,18,7
0.90,19,6
0.90,20,7
0.90,21,7
0.90,22,7
0.90,23,7
0.90,24,7
0.90,25,7
0.90,26,7
0.90,27,7
0.90,28,7
0.90,29,7
0.90,30,6
0.90,31,6
0.90,32,6
0.90,33,6
0.90,34,6
0.90,35,7
0.90,36,6
0.90,37,6
0.90,38,6
0.90,39,6
0.90,40,6
0.90,41,6
0.90,42,6
0.90,43,6
0.90,44,6
0.90,45,6
0.90,46,6
0.90,47,6
0.90,48,6
0.90,49,6
0.90,50,6
0.90,51,6
0.90,52,6
0.90,53,6
0.90,54,6
0.90,55,6
0.90,56,6
0.90,57,6
0.90,58,6
0.90,59,6
0.90,60,6
0.90,61,6
0.90,62,6
0.90,63,6
0.90,64,6
0.90,65,6
0.90,66,6
0.90,67,6
0.90,68,6
0.90,69,6
0.90,70,6
0.90,71,6
0.90,72,6
0.90,73,6
0.90,74,6
0.90,75,6
0.90,76,6
0.90,77,6
0.90,78,6
0.90,79,6
0.90,80,6
0.90,81,6
0.90,82,6
0.90,83,6
0.90,84,6
0.90,85,6
0.90,86,6
0.90,87,6
0.90,88,6
0.90,89,6
0.90,90,6
0.90,91,6
0.90,92,6
0.90,93,6
0.90,94,6
0.90,95,6
0.90,96,6
0.90,97,6
0.90,98,6
0.90,99,6
0.90,100,6
0.90,101,6
0.90,102,6
0.90,103,6
0.90,104,6
0.90,105,6
0.90,106,6
0.90,107,6
0.90,108,6
0.90,109,6
0.90,110,6
0.90,111,6
0.90,112,6
0.90,113,6
0.90,114,6
0.90,115,6
0.90,116,6
0.90,117,6
0.90,118,6
0.90,119,6
0.90,120,6
0.90,121,6
0.90,122,6
0.90,123,6
0.90,124,6
0.90,125,6
0.90,126,6
0.90,127,6
0.90,128,6
0.90,129,6
0.90,130,6
0.90,131,6
0.90,132,6
0.90,133,6
0.90,134,6
0.90,135,6
0.90,136,6
0.90,137,6
0.90,138,6
0.90,139,6
0.90,140,6
0.90,141,6
0.90,142,6
0.90,143,6
0.90,144,6
0.90,145,6
0.90,146,6
0.90,147,6
0.90,148,6
0.90,149,6
0.90,150,6
0.90,151,6
0.90,152,6
0.90,153,6
0.90,154,6
0.90,155,6
0.90,156,6
0.90,157,6
0.90,158,6
0.90,159,6
0.90,160,6
0.90,161,6
0.90,162,6
0.90,163,6
0.90,164,6
0.90,165,6
0.90,166,6
0.90,167,6
0.90,168,6
0.90,169,6
0.90,170,6
0.90,171,6
0.90,172,6
0.90,173,6
0.90,174,6
0.90,175,6
0.90,176,6
0.90,177,6
0.90,178,6
0.90,179,6
0.90,180,6
0.90,181,6
0.90,182,6
0.90,183,6
0.90,184,6
0.90,185,6
0.90,186,6
0.90,187,6
0.90,188,6
0.90,189,6
0.90,190,6
0.90,191,6
0.90,192,6
0.90,193,6
0.90,194,6
0.90,195,6
0.90,196,6
0.90,197,6
0.90,198,6
0.90,199,6
0.90,200,6
0.90,201,6
0.90,202,6
0.90,203,6
0.90,204,6
0.90,205,6
0.90,206,6
0.90,207,6
0.90,208,6
0.90,209,6
0.90,210,6
0.90,211,6
0.90,212,6
0.90,213,6
0.90,214,6
0.90,215,6
0.90,216,6
0.90,217,6
0.90,218,6
0.90,219,6
0.90,220,6
0.90,221,6
0.90,222,6
0.90,223,6
0.90,224,6
0.90,225,6
0.90,226,6
0.90,227,6
0.90,228,6
0.90,229,6
0.90,230,6
0.90,231,6
0.90,232,6
0.90,233,6
0.90,234,6
0.90,235,6
0.90,236,6
0.90,237,6
0.90,238,6
0.90,239,6
0.90,240,6
0.90,241,6
0.90,242,6
0.90,243,6
0.90,244,6
0.90,245,6
0.90,246,6
0.90,247,6
0.90,248,6
0.90,249,6
0.90,250,6
0.90,251,6
0.90,252,6
0.90,253,6
0.90,254,6
0.90,255,6
0.90,256,6
0.90,257,6
0.90,258,6
0.90,259,6
0.90,260,6
0.90,261,6
0.90,262,6
0.90,263,6
0.90,264,6
0.90,265,6
0.90,266,6
0.90,267,6
0.90,268,6
0.90,269,6
0.90,270,6
0.90,271,6
0.90,272,6
0.90,273,6
0.90,274,6
0.90,275,6
0.90,276,6
0.90,277,6
0.90,278,6
0.90,279,6
0.90,280,6
0.90,281,6
0.90,282,6
0.90,283,6
0.90,284,6
0.90,285,6
0.90,286,6
0.90,287,6
0.90,288,6
0.90,289,6
0.90,290,6
0.90,291,6
0.90,292,6
0.90,293,6
0.90,294,6
0.90,295,6
0.90,296,6
0.90,297,6
0.90,298,6
0.90,299,6
0.90,300,6
0.90,301,6
0.90,302,6
0.90,303,6
0.90,304,6
0.90,305,6
0.90,306,6
0.90,307,6
0.90,308,6
0.90,309,6
0.90,310,6
0.90,311,6
0.90,312,6
0.90,313,6
0.90,314,6
0.90,315,6
0.90,316,6
0.90,317,6
0.90,318,6
0.90,319,6
0.90,320,6
0.90,321,6
0.90,322,6
0.90,323,6
0.90,324,6
0.90,325,6
0.90,326,6
0.90,327,6
0.90,328,6
0.90,329,6
0.90,330,6
0.90,331,6
0.90,332,6
0.90,333,6
0.90,334,6
0.90,335,6
0.90,336,6
0.90,337,6
0.90,338,6
0.90,339,6
0.90,340,6
0.90,341,6
0.90,342,6
0.90,343,6
0.90,344,6
0.90,345,6
0.90,346,6
0.90,347,6
0.90,348,6
0.90,349,6
0.90,350,6
0.90,351,6
0.90,352,6
0.90,353,6
0.90,354,6
0.90,355,6
0.90,356,6
0.90,357,6
0.90,358,6
0.90,359,6
0.90,360,6
0.90,361,6
0.90,362,6
0.90,363,6
0.90,364,6
0.90,365,6
0.90,366,6
0.90,367,6
0.90,368,6
0.90,369,6
0.90,370,6
0.90,371,6
0.90,372,6
0.90,373,6
0.90,374,6
0.90,375,6
0.90,376,6
0.90,377,6
0.90,378,6
0.90,379,6
0.90,380,6
0.90,381,6
0.90,382,6
0.90,383,6
0.90,384,6
0.90,385,6
0.90,386,6
0.90,387,6
0.90,388,6
0.90,389,6
0.90,390,6
0.90,391,6
0.90,392,6
0.90,393,6
0.90,394,6
0.90,395,6
0.90,396,6
0.90,397,6
0.90,398,6
0.90,399,6
0.90,400,6
0.90,401,6
0.90,402,6
0.90,403,6
0.90,404,6
0.90,405,6
0.90,406,6
0.90,407,6
0.90,408,6
0.90,409,6
0.90,410,6
0.90,411,6
0.90,412,6
0.90,413,6
0.90,414,6
0.90,415,6
0.90,416,6
0.90,417,6
0.90,418,6
0.90,419,6
0.90,420,6
0.90,421,6
0.90,422,6
0.90,423,6
0.90,424,6
0.90,425,6
0.90,426,6
0.90,427,6
0.90,428,6
0.90,429,6
0.90,430,6
0.90,431,6
0.90,432,6
0.90,433,6
0.90,434,6
0.90,435,6
0.90,436,6
0.90,437,6
0.90,438,6
0.90,439,6
0.90,440,6
0.90,441,6
0.90,442,6
0.90,443,6
0.90,444,6
0.90,445,6
0.90,446,6
0.90,447,6
0.90,448,6
0.90,449,6
0.90,450,6
0.90,451,6
0.90,452,6
0.90,453,6
0.90,454,6
0.90,455,6
0.90,456,6
0.90,457,6
0.90,458,6
0.90,459,6
0.90,460,6
0.90,461,6
0.90,462,6
0.90,463,6
0.90,464,6
0.90,465,6
0.90,466,6
0.90,467,6
0.90,468,6
0.90,469,6
0.90,470,6
0.90,471,6
0.90,472,6
0.90,473,6
0.90,474,6
0.90,475,6
0.90,476,6
0.90,477,6
0.90,478,6
0.90,479,6
0.90,480,6
0.90,481,6
0.90,482,6
0.90,483,6
0.90,484,6
0.90,485,6
0.90,486,6
0.90,487,6
0.90,488,6
0.90,489,6
0.90,490,6
0.90,491,6
0.90,492,6
0.90,493,6
0.90,494,6
0.90,495,6
0.90,496,6
0.90,497,6
0.90,498,6
0.90,499,6
0.95,0,59364
0.95,1,27
0.95,2,2
0.95,3,0
0.95,4,0
0.95,5,0
0.95,6,0
0.95,7,0
0.95,8,0
0.95,9,0
0.95,10,0
0.95,11,0
0.95,12,0
0.95,13,0
0.95,14,0
0.95,15,0
0.95,16,0
0.95,17,0
0.95,18,0
0.95,19,0
0.95,20,0
0.95,21,0
0.95,22,0
0.95,23,0
0.95,24,0
0.95,25,0
0.95,26,0
0.95,27,0
0.95,28,0
0.95,29,0
0.95,30,0
0.95,31,0
0.95,32,0
0.95,33,0
0.95,34,0
0.95,35,0
0.95,36,0
0.95,37,0
0.95,38,0
0.95,39,0
0.95,40,0
0.95,41,0
0.95,42,0
0.95,43,0
0.95,44,0
0.95,45,0
0.95,46,0
0.95,47,0
0.95,48,0
0.95,49,0
0.95,50,0
0.95,51,0
0.95,52,0
0.95,53,0
0.95,54,0
0.95,55,0
0.95,56,0
0.95,57,0
0.95,58,0
0.95,59,0
0.95,60,0
0.95,61,0
0.95,62,0
0.95,63,0
0.95,64,0
0.95,65,0
0.95,66,0
0.95,67,0
0.95,68,0
0.95,69,0
0.95,70,0
0.95,71,0
0.95,72,0
0.95,73,0
0.95,74,0
0.95,75,0
0.95,76,0
0.95,77,0
0.95,78,0
0.95,79,0
0.95,80,0
0.95,81,0
0.95,82,0
0.95,83,0
0.95,84,0
0.95,85,0
0.95,86,0
0.95,87,0
0.95,88,0
0.95,89,0
0.95,90,0
0.95,91,0
0.95,92,0
0.95,93,0
0.95,94,0
0.95,95,0
0.95,96,0
0.95,97,0
0.95,98,0
0.95,99,0
0.95,100,0
0.95,101,0
0.95,102,0
0.95,103,0
0.95,104,0
0.95,105,0
0.95,106,0
0.95,107,0
0.95,108,0
0.95,109,0
0.95,110,0
0.95,111,0
0.95,112,0
0.95,113,0
0.95,114,0
0.95,115,0
0.95,116,0
0.95,117,0
0.95,118,0
0.95,119,0
0.95,120,0
0.95,121,0
0.95,122,0
0.95,123,0
0.95,124,0
0.95,125,0
0.95,126,0
0.95,127,0
0.95,128,0
0.95,129,0
0.95,130,0
0.95,131,0
0.95,132,0
0.95,133,0
0.95,134,0
0.95,135,0
0.95,136,0
0.95,137,0
0.95,138,0
0.95,139,0
0.95,140,0
0.95,141,0
0.95,142,0
0.95,143,0
0.95,144,0
0.95,145,0
0.95,146,0
0.95,147,0
0.95,148,0
0.95,149,0
0.95,150,0
0.95,151,0
0.95,152,0
0.95,153,0
0.95,154,0
0.95,155,0
0.95,156,0
0.95,157,0
0.95,158,0
0.95,159,0
0.95,160,0
0.95,161,0
0.95,162,0
0.95,163,0
0.95,164,0
0.95,165,0
0.95,166,0
0.95,167,0
0.95,168,0
0.95,169,0
0.95,170,0
0.95,171,0
0.95,172,0
0.95,173,0
0.95,174,0
0.95,175,0
0.95,176,0
0.95,177,0
0.95,178,0
0.95,179,0
0.95,180,0
0.95,181,0
0.95,182,0
0.95,183,0
0.95,184,0
0.95,185,0
0.95,186,0
0.95,187,0
0.95,188,0
0.95,189,0
0.95,190,0
0.95,191,0
0.95,192,0
0.95,193,0
0.95,194,0
0.95,195,0
0.95,196,0
0.95,197,0
0.95,198,0
0.95,199,0
0.95,200,0
0.95,201,0
0.95,202,0
0.95,203,0
0.95,204,0
0.95,205,0
0.95,206,0
0.95,207,0
0.95,208,0
0.95,209,0
0.95,210,0
0.95,211,0
0.95,212,0
0.95,213,0
0.95,214,0
0.95,215,0
0.95,216,0
0.95,217,0
0.95,218,0
0.95,219,0
0.95,220,0
0.95,221,0
0.95,222,0
0.95,223,0
0.95,224,0
0.95,225,0
0.95,226,0
0.95,227,0
0.95,228,0
0.95,229,0
0.95,230,0
0.95,231,0
0.95,232,0
0.95,233,0
0.95,234,0
0.95,235,0
0.95,236,0
0.95,237,0
0.95,238,0
0.95,239,0
0.95,240,0
0.95,241,0
0.95,242,0
0.95,243,0
0.95,244,0
0.95,245,0
0.95,246,0
0.95,247,0
0.95,248,0
0.95,249,0
0.95,250,0
0.95,251,0
0.95,252,0
0.95,253,0
0.95,254,0
0.95,255,0
0.95,256,0
0.95,257,0
0.95,258,0
0.95,259,0
0.95,260,0
0.95,261,0
0.95,262,0
0.95,263,0
0.95,264,0
0.95,265,0
0.95,266,0
0.95,267,0
0.95,268,0
0.95,269,0
0.95,270,0
0.95,271,0
0.95,272,0
0.95,273,0
0.95,274,0
0.95,275,0
0.95,276,0
0.95,277,0
0.95,278,0
0.95,279,0
0.95,280,0
0.95,281,0
0.95,282,0
0.95,283,0
0.95,284,0
0.95,285,0
0.95,286,0
0.95,287,0
0.95,288,0
0.95,289,0
0.95,290,0
0.95,291,0
0.95,292,0
0.95,293,0
0.95,294,0
0.95,295,0
0.95,296,0
0.95,297,0
0.95,298,0
0.95,299,0
0.95,300,0
0.95,301,0
0.95,302,0
0.95,303,0
0.95,304,0
0.95,305,0
0.95,306,0
0.95,307,0
0.95,308,0
0.95,309,0
0.95,310,0
0.95,311,0
0.95,312,0
0.95,313,0
0.95,314,0
0.95,315,0
0.95,316,0
0.95,317,0
0.95,318,0
0.95,319,0
0.95,320,0
0.95,321,0
0.95,322,0
0.95,323,0
0.95,324,0
0.95,325,0
0.95,326,0
0.95,327,0
0.95,328,0
0.95,329,0
0.95,330,0
0.95,331,0
0.95,332,0
0.95,333,0
0.95,334,0
0.95,335,0
0.95,336,0
0.95,337,0
0.95,338,0
0.95,339,0
0.95,340,0
0.95,341,0
0.95,342,0
0.95,343,0
0.95,344,0
0.95,345,0
0.95,346,0
0.95,347,0
0.95,348,0
0.95,349,0
0.95,350,0
0.95,351,0
0.95,352,0
0.95,353,0
0.95,354,0
0.95,355,0
0.95,356,0
0.95,357,0
0.95,358,0
0.95,359,0
0.95,360,0
0.95,361,0
0.95,362,0
0.95,363,0
0.95,364,0
0.95,365,0
0.95,366,0
0.95,367,0
0.95,368,0
0.95,369,0
0.95,370,0
0.95,371,0
0.95,372,0
0.95,373,0
0.95,374,0
0.95,375,0
0.95,376,0
0.95,377,0
0.95,378,0
0.95,379,0
0.95,380,0
0.95,381,0
0.95,382,0
0.95,383,0
0.95,384,0
0.95,385,0
0.95,386,0
0.95,387,0
0.95,388,0
0.95,389,0
0.95,390,0
0.95,391,0
0.95,392,0
0.95,393,0
0.95,394,0
0.95,395,0
0.95,396,0
0.95,397,0
0.95,398,0
0.95,399,0
0.95,400,0
0.95,401,0
0.95,402,0
0.95,403,0
0.95,404,0
0.95,405,0
0.95,406,0
0.95,407,0
0.95,408,0
0.95,409,0
0.95,410,0
0.95,411,0
0.95,412,0
0.95,413,0
0.95,414,0
0.95,415,0
0.95,416,0
0.95,417,0
0.95,418,0
0.95,419,0
0.95,420,0
0.95,421,0
0.95,422,0
0.95,423,0
0.95,424,0
0.95,425,0
0.95,426,0
0.95,427,0
0.95,428,0
0.95,429,0
0.95,430,0
0.95,431,0
0.95,432,0
0.95,433,0
0.95,434,0
0.95,435,0
0.95,436,0
0.95,437,0
0.95,438,0
0.95,439,0
0.95,440,0
0.95,441,0
0.95,442,0
0.95,443,0
0.95,444,0
0.95,445,0
0.95,446,0
0.95,447,0
0.95,448,0
0.95,449,0
0.95,450,0
0.95,451,0
0.95,452,0
0.95,453,0
0.95,454,0
0.95,455,0
0.95,456,0
0.95,457,0
0.95,458,0
0.95,459,0
0.95,460,0
0.95,461,0
0.95,462,0
0.95,463,0
0.95,464,0
0.95,465,0
0.95,466,0
0.95,467,0
0.95,468,0
0.95,469,0
0.95,470,0
0.95,471,0
0.95,472,0
0.95,473,0
0.95,474,0
0.95,475,0
0.95,476,0
0.95,477,0
0.95,478,0
0.95,479,0
0.95,480,0
0.95,481,0
0.95,482,0
0.95,483,0
0.95,484,0
0.95,485,0
0.95,486,0
0.95,487,0
0.95,488,0
0.95,489,0
0.95,490,0
0.95,491,0
0.95,492,0
0.95,493,0
0.95,494,0
0.95,495,0
0.95,496,0
0.95,497,0
0.95,498,0
0.95,499,0
